sport,dur,pkts_fwd,pkts_bwd,bytes_fwd,bytes_bwd,pktlen_fwd_mean,pktlen_fwd_std,pktlen_bwd_mean,pktlen_bwd_std,iat_fwd_mean,iat_fwd_std,pps,payload_entropy_fwd,iat_cv_fwd,small_pkt_ratio_fwd,small_pkt_ratio_bwd,ttl_fwd_first,label
60675,0.009508848190307617,2,2,152,240,76.0,0.0,120.0,8.48528137423857,8.988380432128906e-05,0.0,420.6608329363388,0.0,0.0,1.0,0.0,64,1
58680,0.0033750534057617188,2,2,150,326,75.0,0.0,163.0,33.94112549695428,0.00011706352233886719,0.0,1185.166431195253,0.0,0.0,1.0,0.0,64,1
