sport,dur,pkts_fwd,pkts_bwd,bytes_fwd,bytes_bwd,pktlen_fwd_mean,pktlen_fwd_std,pktlen_bwd_mean,pktlen_bwd_std,iat_fwd_mean,iat_fwd_std,pps,payload_entropy_fwd,iat_cv_fwd,small_pkt_ratio_fwd,small_pkt_ratio_bwd,ttl_fwd_first,label
47622,0.003931999206542969,2,2,180,294,90.0,0.0,147.0,35.35533905932738,0.0015780925750732422,0.0,1017.2942032500606,0.0,0.0,1.0,0.0,64,1
60805,0.002515077590942383,2,2,150,326,75.0,0.0,163.0,33.94112549695428,9.512901306152344e-05,0.0,1590.408190349796,0.0,0.0,1.0,0.0,64,1
48254,0.0023949146270751953,1,1,89,105,89.0,0.0,105.0,0.0,0.0,0.0,835.1028372324539,0.0,0.0,1.0,0.0,64,1
55762,0.013092041015625,2,2,184,536,92.0,0.0,268.0,90.50966799187809,0.0001049041748046875,0.0,305.52913752913753,0.0,0.0,1.0,0.0,64,1
49864,0.011674880981445312,2,2,196,269,98.0,0.0,134.5,28.991378028648448,0.00013399124145507812,0.0,342.61591243260904,0.0,0.0,1.0,0.0,64,1
39495,0.009207010269165039,2,2,158,462,79.0,0.0,231.0,56.568542494923804,7.510185241699219e-05,0.0,434.4515627832302,0.0,0.0,1.0,0.0,64,1
36388,0.010408878326416016,1,1,79,119,79.0,0.0,119.0,0.0,0.0,0.0,192.143662100875,0.0,0.0,1.0,0.0,64,1
48910,0.0025620460510253906,1,1,75,91,75.0,0.0,91.0,0.0,0.0,0.0,780.6260934301135,0.0,0.0,1.0,1.0,64,1
35901,0.012186050415039062,2,2,152,240,76.0,0.0,120.0,8.48528137423857,0.00010514259338378906,0.0,328.2441696666145,0.0,0.0,1.0,0.0,64,1
