sport,dur,pkts_fwd,pkts_bwd,bytes_fwd,bytes_bwd,pktlen_fwd_mean,pktlen_fwd_std,pktlen_bwd_mean,pktlen_bwd_std,iat_fwd_mean,iat_fwd_std,pps,payload_entropy_fwd,iat_cv_fwd,small_pkt_ratio_fwd,small_pkt_ratio_bwd,ttl_fwd_first,label
36016,0.003236055374145508,2,2,152,240,76.0,0.0,120.0,8.48528137423857,0.00011396408081054688,0.0,1236.0727915715022,0.0,0.0,1.0,0.0,64,1
42459,0.0025680065155029297,1,1,89,105,89.0,0.0,105.0,0.0,0.0,0.0,778.814223377588,0.0,0.0,1.0,0.0,64,1
39554,0.002177000045776367,2,2,150,326,75.0,0.0,163.0,33.94112549695428,0.00015497207641601562,0.0,1837.3908662797064,0.0,0.0,1.0,0.0,64,1
