sport,dur,pkts_fwd,pkts_bwd,bytes_fwd,bytes_bwd,pktlen_fwd_mean,pktlen_fwd_std,pktlen_bwd_mean,pktlen_bwd_std,iat_fwd_mean,iat_fwd_std,pps,payload_entropy_fwd,iat_cv_fwd,small_pkt_ratio_fwd,small_pkt_ratio_bwd,ttl_fwd_first,label
59378,0.01222991943359375,2,2,152,240,76.0,0.0,120.0,8.48528137423857,0.00012302398681640625,0.0,327.0667498440424,0.0,0.0,1.0,0.0,64,1
55825,0.00845479965209961,2,2,150,326,75.0,0.0,163.0,33.94112549695428,0.004881858825683594,0.0,473.10405504483674,0.0,0.0,1.0,0.0,64,1
