sport,dur,pkts_fwd,pkts_bwd,bytes_fwd,bytes_bwd,pktlen_fwd_mean,pktlen_fwd_std,pktlen_bwd_mean,pktlen_bwd_std,iat_fwd_mean,iat_fwd_std,pps,payload_entropy_fwd,iat_cv_fwd,small_pkt_ratio_fwd,small_pkt_ratio_bwd,ttl_fwd_first,label
57292,0.002496004104614258,2,2,150,326,75.0,0.0,163.0,33.94112549695428,0.00011181831359863281,0.0,1602.5614671888432,0.0,0.0,1.0,0.0,64,1
48662,0.00958395004272461,2,2,152,240,76.0,0.0,120.0,8.48528137423857,6.604194641113281e-05,0.0,417.36444599233795,0.0,0.0,1.0,0.0,64,1
