sport,dur,pkts_fwd,pkts_bwd,bytes_fwd,bytes_bwd,pktlen_fwd_mean,pktlen_fwd_std,pktlen_bwd_mean,pktlen_bwd_std,iat_fwd_mean,iat_fwd_std,pps,payload_entropy_fwd,iat_cv_fwd,small_pkt_ratio_fwd,small_pkt_ratio_bwd,ttl_fwd_first,label
51405,0.0025758743286132812,2,2,150,326,75.0,0.0,163.0,33.94112549695428,0.00011801719665527344,0.0,1552.870788596816,0.0,0.0,1.0,0.0,64,1
36216,0.003256082534790039,2,2,152,240,76.0,0.0,120.0,8.48528137423857,0.00011515617370605469,0.0,1228.4700885992531,0.0,0.0,1.0,0.0,64,1
