sport,dur,pkts_fwd,pkts_bwd,bytes_fwd,bytes_bwd,pktlen_fwd_mean,pktlen_fwd_std,pktlen_bwd_mean,pktlen_bwd_std,iat_fwd_mean,iat_fwd_std,pps,payload_entropy_fwd,iat_cv_fwd,small_pkt_ratio_fwd,small_pkt_ratio_bwd,ttl_fwd_first,label
33115,0.0028209686279296875,2,2,180,294,90.0,0.0,147.0,35.35533905932738,0.00011610984802246094,0.0,1417.9526707234618,0.0,0.0,1.0,0.0,64,1
43914,0.002373933792114258,2,2,150,326,75.0,0.0,163.0,33.94112549695428,0.00011205673217773438,0.0,1684.966957919052,0.0,0.0,1.0,0.0,64,1
37567,0.010287046432495117,1,1,89,105,89.0,0.0,105.0,0.0,0.0,0.0,194.41926437527522,0.0,0.0,1.0,0.0,64,1
47461,0.010679006576538086,2,2,196,269,98.0,0.0,134.5,28.991378028648448,0.0003790855407714844,0.0,374.56667634122925,0.0,0.0,1.0,0.0,64,1
40819,0.014078140258789062,2,2,158,446,79.0,0.0,223.0,45.254833995939045,0.000141143798828125,0.0,284.12843788104595,0.0,0.0,1.0,0.0,64,1
45827,0.014493942260742188,2,2,184,488,92.0,0.0,244.0,56.568542494923804,0.001068115234375,0.0,275.97736544282145,0.0,0.0,1.0,0.0,64,1
39945,0.010159015655517578,1,1,79,119,79.0,0.0,119.0,0.0,0.0,0.0,196.8694672612063,0.0,0.0,1.0,0.0,64,1
58249,0.010097980499267578,2,2,152,240,76.0,0.0,120.0,8.48528137423857,0.0004069805145263672,0.0,396.11880814090756,0.0,0.0,1.0,0.0,64,1
55373,0.001895904541015625,1,1,75,91,75.0,0.0,91.0,0.0,0.0,0.0,1054.9054325955735,0.0,0.0,1.0,1.0,64,1
