sport,dur,pkts_fwd,pkts_bwd,bytes_fwd,bytes_bwd,pktlen_fwd_mean,pktlen_fwd_std,pktlen_bwd_mean,pktlen_bwd_std,iat_fwd_mean,iat_fwd_std,pps,payload_entropy_fwd,iat_cv_fwd,small_pkt_ratio_fwd,small_pkt_ratio_bwd,ttl_fwd_first,label
53360,0.0033769607543945312,2,2,150,326,75.0,0.0,163.0,33.94112549695428,0.00011992454528808594,0.0,1184.4970347359504,0.0,0.0,1.0,0.0,64,1
42489,0.014403104782104492,2,2,152,240,76.0,0.0,120.0,8.48528137423857,0.00012111663818359375,0.0,277.7178990581186,0.0,0.0,1.0,0.0,64,1
