sport,dur,pkts_fwd,pkts_bwd,bytes_fwd,bytes_bwd,pktlen_fwd_mean,pktlen_fwd_std,pktlen_bwd_mean,pktlen_bwd_std,iat_fwd_mean,iat_fwd_std,pps,payload_entropy_fwd,iat_cv_fwd,small_pkt_ratio_fwd,small_pkt_ratio_bwd,ttl_fwd_first,label
36630,0.005324125289916992,2,2,180,294,90.0,0.0,147.0,35.35533905932738,0.00011491775512695312,0.0,751.297120594689,0.0,0.0,1.0,0.0,64,1
50617,0.002601146697998047,2,2,150,326,75.0,0.0,163.0,33.94112549695428,0.00022602081298828125,0.0,1537.7833180568286,0.0,0.0,1.0,0.0,64,1
56121,0.009675025939941406,1,1,89,105,89.0,0.0,105.0,0.0,0.0,0.0,206.71779201577132,0.0,0.0,1.0,0.0,64,1
57991,0.011303901672363281,2,2,196,269,98.0,0.0,134.5,28.991378028648448,0.0001289844512939453,0.0,353.86011980089427,0.0,0.0,1.0,0.0,64,1
49433,0.009193897247314453,2,2,158,494,79.0,0.0,247.0,79.19595949289332,0.00010704994201660156,0.0,435.07120999948137,0.0,0.0,1.0,0.0,64,1
58735,0.010376930236816406,2,2,184,488,92.0,0.0,244.0,56.568542494923804,0.00011992454528808594,0.0,385.4704530833563,0.0,0.0,1.0,0.0,64,1
33789,0.010632991790771484,1,1,79,119,79.0,0.0,119.0,0.0,0.0,0.0,188.09381586618235,0.0,0.0,1.0,0.0,64,1
53727,0.0024309158325195312,1,1,75,91,75.0,0.0,91.0,0.0,0.0,0.0,822.7351902706944,0.0,0.0,1.0,1.0,64,1
51508,0.012789011001586914,2,2,152,240,76.0,0.0,120.0,8.48528137423857,0.00011610984802246094,0.0,312.76851661974985,0.0,0.0,1.0,0.0,64,1
