sport,dur,pkts_fwd,pkts_bwd,bytes_fwd,bytes_bwd,pktlen_fwd_mean,pktlen_fwd_std,pktlen_bwd_mean,pktlen_bwd_std,iat_fwd_mean,iat_fwd_std,pps,payload_entropy_fwd,iat_cv_fwd,small_pkt_ratio_fwd,small_pkt_ratio_bwd,ttl_fwd_first,label
51552,0.0034379959106445312,2,2,180,294,90.0,0.0,147.0,35.35533905932738,0.00011801719665527344,0.0,1163.4685159500693,0.0,0.0,1.0,0.0,64,1
56938,0.003351926803588867,2,2,150,326,75.0,0.0,163.0,33.94112549695428,0.00011992454528808594,0.0,1193.343481044171,0.0,0.0,1.0,0.0,64,1
43699,0.009466886520385742,2,2,196,269,98.0,0.0,134.5,28.991378028648448,0.00011587142944335938,0.0,422.5253985443373,0.0,0.0,1.0,0.0,64,1
50357,0.008959054946899414,1,1,89,105,89.0,0.0,105.0,0.0,0.0,0.0,223.23783165234053,0.0,0.0,1.0,0.0,64,1
39967,0.012048959732055664,2,2,158,494,79.0,0.0,247.0,79.19595949289332,0.00012493133544921875,0.0,331.97886696875554,0.0,0.0,1.0,0.0,64,1
49400,0.011655092239379883,1,1,79,119,79.0,0.0,119.0,0.0,0.0,0.0,171.5988135419863,0.0,0.0,1.0,0.0,64,1
42885,0.002338886260986328,1,1,75,91,75.0,0.0,91.0,0.0,0.0,0.0,855.1078491335372,0.0,0.0,1.0,1.0,64,1
54210,0.011268854141235352,2,2,184,488,92.0,0.0,244.0,56.568542494923804,0.00011491775512695312,0.0,354.96066857082405,0.0,0.0,1.0,0.0,64,1
57324,0.010529041290283203,2,2,152,240,76.0,0.0,120.0,8.48528137423857,0.00010514259338378906,0.0,379.9016348897242,0.0,0.0,1.0,0.0,64,1
