sport,dur,pkts_fwd,pkts_bwd,bytes_fwd,bytes_bwd,pktlen_fwd_mean,pktlen_fwd_std,pktlen_bwd_mean,pktlen_bwd_std,iat_fwd_mean,iat_fwd_std,pps,payload_entropy_fwd,iat_cv_fwd,small_pkt_ratio_fwd,small_pkt_ratio_bwd,ttl_fwd_first,label
47472,0.0020940303802490234,2,2,180,294,90.0,0.0,147.0,35.35533905932738,0.0001430511474609375,0.0,1910.1919617442786,0.0,0.0,1.0,0.0,64,1
34247,0.002650022506713867,2,2,150,326,75.0,0.0,163.0,33.94112549695428,0.00011515617370605469,0.0,1509.42114260009,0.0,0.0,1.0,0.0,64,1
50883,0.002134084701538086,1,1,89,105,89.0,0.0,105.0,0.0,0.0,0.0,937.1699251480281,0.0,0.0,1.0,0.0,64,1
36812,0.009940147399902344,2,2,196,269,98.0,0.0,134.5,28.991378028648448,6.508827209472656e-05,0.0,402.408519620071,0.0,0.0,1.0,0.0,64,1
60250,0.0031189918518066406,2,2,158,462,79.0,0.0,231.0,56.568542494923804,0.0001480579376220703,0.0,1282.4656780308821,0.0,0.0,1.0,0.0,64,1
52670,0.002660989761352539,1,1,79,119,79.0,0.0,119.0,0.0,0.0,0.0,751.6000358390825,0.0,0.0,1.0,0.0,64,1
55688,0.0025849342346191406,1,1,75,91,75.0,0.0,91.0,0.0,0.0,0.0,773.714074893931,0.0,0.0,1.0,1.0,64,1
42348,0.01544809341430664,2,2,184,520,92.0,0.0,260.0,79.19595949289332,0.00013113021850585938,0.0,258.93162947186465,0.0,0.0,1.0,0.0,64,1
37981,0.014367103576660156,2,2,152,240,76.0,0.0,120.0,8.48528137423857,0.00010919570922851562,0.0,278.4138068370395,0.0,0.0,1.0,0.0,64,1
