sport,dur,pkts_fwd,pkts_bwd,bytes_fwd,bytes_bwd,pktlen_fwd_mean,pktlen_fwd_std,pktlen_bwd_mean,pktlen_bwd_std,iat_fwd_mean,iat_fwd_std,pps,payload_entropy_fwd,iat_cv_fwd,small_pkt_ratio_fwd,small_pkt_ratio_bwd,ttl_fwd_first,label
45791,0.0025551319122314453,2,2,150,326,75.0,0.0,163.0,33.94112549695428,0.00012493133544921875,0.0,1565.4769058505178,0.0,0.0,1.0,0.0,64,1
51827,0.0023469924926757812,1,1,89,105,89.0,0.0,105.0,0.0,0.0,0.0,852.1544087769199,0.0,0.0,1.0,0.0,64,1
35548,0.009987115859985352,2,2,152,240,76.0,0.0,120.0,8.48528137423857,0.00011110305786132812,0.0,400.51603046145766,0.0,0.0,1.0,0.0,64,1
58421,0.0028510093688964844,1,1,89,105,89.0,0.0,105.0,0.0,0.0,0.0,701.5059374477337,0.0,0.0,1.0,0.0,64,1
38031,0.0026519298553466797,1,1,89,105,89.0,0.0,105.0,0.0,0.0,0.0,754.167760496269,0.0,0.0,1.0,0.0,64,1
