sport,dur,pkts_fwd,pkts_bwd,bytes_fwd,bytes_bwd,pktlen_fwd_mean,pktlen_fwd_std,pktlen_bwd_mean,pktlen_bwd_std,iat_fwd_mean,iat_fwd_std,pps,payload_entropy_fwd,iat_cv_fwd,small_pkt_ratio_fwd,small_pkt_ratio_bwd,ttl_fwd_first,label
60937,0.002481222152709961,2,2,180,294,90.0,0.0,147.0,35.35533905932738,0.00013303756713867188,0.0,1612.1087729412895,0.0,0.0,1.0,0.0,64,1
36768,0.0034258365631103516,2,2,150,326,75.0,0.0,163.0,33.94112549695428,0.00012183189392089844,0.0,1167.5980235228617,0.0,0.0,1.0,0.0,64,1
47652,0.013567924499511719,2,2,196,269,98.0,0.0,134.5,28.991378028648448,0.00011301040649414062,0.0,294.8129612708231,0.0,0.0,1.0,0.0,64,1
39208,0.011034011840820312,1,1,89,105,89.0,0.0,105.0,0.0,0.0,0.0,181.25773552290406,0.0,0.0,1.0,0.0,64,1
54497,0.003901958465576172,2,2,158,462,79.0,0.0,231.0,56.568542494923804,0.00011086463928222656,0.0,1025.1262373212758,0.0,0.0,1.0,0.0,64,1
50205,1.137321949005127,3,3,276,708,92.0,0.0,236.0,55.42562584220407,0.5640954971313477,0.7820324138961221,5.275551048011079,0.0,1.3863475561727956,1.0,0.0,64,1
35604,0.003278970718383789,1,1,79,119,79.0,0.0,119.0,0.0,0.0,0.0,609.9475023631207,0.0,0.0,1.0,0.0,64,1
42827,0.009660959243774414,1,1,75,91,75.0,0.0,91.0,0.0,0.0,0.0,207.01878038547915,0.0,0.0,1.0,1.0,64,1
34646,0.00906515121459961,2,2,152,240,76.0,0.0,120.0,8.48528137423857,0.00011920928955078125,0.0,441.2502235547841,0.0,0.0,1.0,0.0,64,1
