sport,dur,pkts_fwd,pkts_bwd,bytes_fwd,bytes_bwd,pktlen_fwd_mean,pktlen_fwd_std,pktlen_bwd_mean,pktlen_bwd_std,iat_fwd_mean,iat_fwd_std,pps,payload_entropy_fwd,iat_cv_fwd,small_pkt_ratio_fwd,small_pkt_ratio_bwd,ttl_fwd_first,label
45865,0.014744997024536133,2,2,150,326,75.0,0.0,163.0,33.94112549695428,0.0001239776611328125,0.0,271.27845420001614,0.0,0.0,1.0,0.0,64,1
49381,0.014317035675048828,2,2,152,240,76.0,0.0,120.0,8.48528137423857,0.00011301040649414062,0.0,279.38744379683595,0.0,0.0,1.0,0.0,64,1
