sport,dur,pkts_fwd,pkts_bwd,bytes_fwd,bytes_bwd,pktlen_fwd_mean,pktlen_fwd_std,pktlen_bwd_mean,pktlen_bwd_std,iat_fwd_mean,iat_fwd_std,pps,payload_entropy_fwd,iat_cv_fwd,small_pkt_ratio_fwd,small_pkt_ratio_bwd,ttl_fwd_first,label
40873,0.002315998077392578,2,2,180,294,90.0,0.0,147.0,35.35533905932738,0.00011801719665527344,0.0,1727.1171505044265,0.0,0.0,1.0,0.0,64,1
56870,0.0042841434478759766,2,2,150,326,75.0,0.0,163.0,33.94112549695428,0.0008521080017089844,0.0,933.6755523401414,0.0,0.0,1.0,0.0,64,1
57332,0.0026009082794189453,1,1,89,105,89.0,0.0,105.0,0.0,0.0,0.0,768.9621413511779,0.0,0.0,1.0,0.0,64,1
41776,0.010214090347290039,2,2,196,269,98.0,0.0,134.5,28.991378028648448,0.00013208389282226562,0.0,391.6158819822133,0.0,0.0,1.0,0.0,64,1
43564,0.002607107162475586,2,2,158,494,79.0,0.0,247.0,79.19595949289332,0.00011396408081054688,0.0,1534.2675811614083,0.0,0.0,1.0,0.0,64,1
40944,0.015190839767456055,2,2,184,504,92.0,0.0,252.0,67.88225099390856,0.0001499652862548828,0.0,263.316581652672,0.0,0.0,1.0,0.0,64,1
49012,0.006350040435791016,1,1,79,119,79.0,0.0,119.0,0.0,0.0,0.0,314.9586243147856,0.0,0.0,1.0,0.0,64,1
56881,0.002427816390991211,1,1,75,91,75.0,0.0,91.0,0.0,0.0,0.0,823.7855248944319,0.0,0.0,1.0,1.0,64,1
46106,0.009546041488647461,2,2,152,240,76.0,0.0,120.0,8.48528137423857,0.00013208389282226562,0.0,419.02185369264964,0.0,0.0,1.0,0.0,64,1
