sport,dur,pkts_fwd,pkts_bwd,bytes_fwd,bytes_bwd,pktlen_fwd_mean,pktlen_fwd_std,pktlen_bwd_mean,pktlen_bwd_std,iat_fwd_mean,iat_fwd_std,pps,payload_entropy_fwd,iat_cv_fwd,small_pkt_ratio_fwd,small_pkt_ratio_bwd,ttl_fwd_first,label
33189,0.0020029544830322266,2,2,180,294,90.0,0.0,147.0,35.35533905932738,0.00010514259338378906,0.0,1997.0498750148793,0.0,0.0,1.0,0.0,64,1
49656,0.0024938583374023438,2,2,150,326,75.0,0.0,163.0,33.94112549695428,7.987022399902344e-05,0.0,1603.94034416826,0.0,0.0,1.0,0.0,64,1
51734,0.010848045349121094,2,2,196,269,98.0,0.0,134.5,28.991378028648448,0.00010800361633300781,0.0,368.73002197802197,0.0,0.0,1.0,0.0,64,1
46376,0.012977123260498047,1,1,89,105,89.0,0.0,105.0,0.0,0.0,0.0,154.11736174903547,0.0,0.0,1.0,0.0,64,1
33054,0.010354042053222656,2,2,158,494,79.0,0.0,247.0,79.19595949289332,0.00011205673217773438,0.0,386.3225568757484,0.0,0.0,1.0,0.0,64,1
34106,0.009104013442993164,2,2,184,504,92.0,0.0,252.0,67.88225099390856,0.00010895729064941406,0.0,439.366662301951,0.0,0.0,1.0,0.0,64,1
36467,0.011042118072509766,1,1,79,119,79.0,0.0,119.0,0.0,0.0,0.0,181.1246707259144,0.0,0.0,1.0,0.0,64,1
39102,0.009917020797729492,1,1,75,91,75.0,0.0,91.0,0.0,0.0,0.0,201.67347036903473,0.0,0.0,1.0,1.0,64,1
38466,0.012501001358032227,2,2,152,240,76.0,0.0,120.0,8.48528137423857,0.002251148223876953,0.0,319.9743672877768,0.0,0.0,1.0,0.0,64,1
