sport,dur,pkts_fwd,pkts_bwd,bytes_fwd,bytes_bwd,pktlen_fwd_mean,pktlen_fwd_std,pktlen_bwd_mean,pktlen_bwd_std,iat_fwd_mean,iat_fwd_std,pps,payload_entropy_fwd,iat_cv_fwd,small_pkt_ratio_fwd,small_pkt_ratio_bwd,ttl_fwd_first,label
54204,0.011198997497558594,1,1,89,105,89.0,0.0,105.0,0.0,0.0,0.0,178.5874137784212,0.0,0.0,1.0,0.0,64,1
36337,0.01504206657409668,2,2,152,240,76.0,0.0,120.0,8.48528137423857,7.200241088867188e-05,0.0,265.9209078949454,0.0,0.0,1.0,0.0,64,1
34892,0.0033631324768066406,2,2,150,326,75.0,0.0,163.0,33.94112549695428,0.00013899803161621094,0.0,1189.3673614064937,0.0,0.0,1.0,0.0,64,1
