sport,dur,pkts_fwd,pkts_bwd,bytes_fwd,bytes_bwd,pktlen_fwd_mean,pktlen_fwd_std,pktlen_bwd_mean,pktlen_bwd_std,iat_fwd_mean,iat_fwd_std,pps,payload_entropy_fwd,iat_cv_fwd,small_pkt_ratio_fwd,small_pkt_ratio_bwd,ttl_fwd_first,label
53268,0.0010688304901123047,2,2,180,294,90.0,0.0,147.0,35.35533905932738,9.703636169433594e-05,0.0,3742.4082087887577,0.0,0.0,1.0,0.0,64,1
60111,0.00321197509765625,2,2,150,326,75.0,0.0,163.0,33.94112549695428,0.00013113021850585938,0.0,1245.3396674584324,0.0,0.0,1.0,0.0,64,1
52213,0.00919198989868164,2,2,196,269,98.0,0.0,134.5,28.991378028648448,0.000125885009765625,0.0,435.1614877833688,0.0,0.0,1.0,0.0,64,1
53569,0.01105189323425293,1,1,89,105,89.0,0.0,105.0,0.0,0.0,0.0,180.96446985222738,0.0,0.0,1.0,0.0,64,1
53151,0.002794981002807617,1,1,79,119,79.0,0.0,119.0,0.0,0.0,0.0,715.5683698711933,0.0,0.0,1.0,0.0,64,1
60871,0.0020439624786376953,2,2,158,494,79.0,0.0,247.0,79.19595949289332,0.00014901161193847656,0.0,1956.9830864341538,0.0,0.0,1.0,0.0,64,1
48381,0.009844064712524414,1,1,75,91,75.0,0.0,91.0,0.0,0.0,0.0,203.16810772845068,0.0,0.0,1.0,1.0,64,1
36119,0.010373830795288086,2,2,152,240,76.0,0.0,120.0,8.48528137423857,0.00011277198791503906,0.0,385.585622026614,0.0,0.0,1.0,0.0,64,1
52877,0.011723995208740234,2,2,184,536,92.0,0.0,268.0,90.50966799187809,0.0001571178436279297,0.0,341.1806239069427,0.0,0.0,1.0,0.0,64,1
