sport,dur,pkts_fwd,pkts_bwd,bytes_fwd,bytes_bwd,pktlen_fwd_mean,pktlen_fwd_std,pktlen_bwd_mean,pktlen_bwd_std,iat_fwd_mean,iat_fwd_std,pps,payload_entropy_fwd,iat_cv_fwd,small_pkt_ratio_fwd,small_pkt_ratio_bwd,ttl_fwd_first,label
33215,0.003145933151245117,2,2,180,294,90.0,0.0,147.0,35.35533905932738,0.00010895729064941406,0.0,1271.4828344069724,0.0,0.0,1.0,0.0,64,1
53436,0.0097808837890625,2,2,150,326,75.0,0.0,163.0,33.94112549695428,0.00010395050048828125,0.0,408.9609984399376,0.0,0.0,1.0,0.0,64,1
55144,0.010847091674804688,2,2,184,536,92.0,0.0,268.0,90.50966799187809,0.000637054443359375,0.0,368.76244065412345,0.0,0.0,1.0,0.0,64,1
49441,0.011018037796020508,2,2,196,269,98.0,0.0,134.5,28.991378028648448,0.000102996826171875,0.0,363.0410490554606,0.0,0.0,1.0,0.0,64,1
58490,0.002457857131958008,1,1,89,105,89.0,0.0,105.0,0.0,0.0,0.0,813.7169463575517,0.0,0.0,1.0,0.0,64,1
49030,0.011667966842651367,2,2,158,478,79.0,0.0,239.0,67.88225099390856,0.00010585784912109375,0.0,342.81893786141933,0.0,0.0,1.0,0.0,64,1
51129,0.009956121444702148,1,1,79,119,79.0,0.0,119.0,0.0,0.0,0.0,200.8814387317704,0.0,0.0,1.0,0.0,64,1
57425,0.002817869186401367,1,1,75,91,75.0,0.0,91.0,0.0,0.0,0.0,709.7561553430917,0.0,0.0,1.0,1.0,64,1
59951,0.01016092300415039,2,2,152,240,76.0,0.0,120.0,8.48528137423857,0.00010800361633300781,0.0,393.66502416819185,0.0,0.0,1.0,0.0,64,1
