sport,dur,pkts_fwd,pkts_bwd,bytes_fwd,bytes_bwd,pktlen_fwd_mean,pktlen_fwd_std,pktlen_bwd_mean,pktlen_bwd_std,iat_fwd_mean,iat_fwd_std,pps,payload_entropy_fwd,iat_cv_fwd,small_pkt_ratio_fwd,small_pkt_ratio_bwd,ttl_fwd_first,label
48510,0.0021390914916992188,2,2,180,294,90.0,0.0,147.0,35.35533905932738,0.00012993812561035156,0.0,1869.9527418635755,0.0,0.0,1.0,0.0,64,1
33275,0.014198064804077148,2,2,196,269,98.0,0.0,134.5,28.991378028648448,0.00011110305786132812,0.0,281.7285352051183,0.0,0.0,1.0,0.0,64,1
55466,0.0023109912872314453,2,2,150,326,75.0,0.0,163.0,33.94112549695428,0.00012183189392089844,0.0,1730.8589703910038,0.0,0.0,1.0,0.0,64,1
58583,0.0020520687103271484,1,1,89,105,89.0,0.0,105.0,0.0,0.0,0.0,974.626234460323,0.0,0.0,1.0,0.0,64,1
56726,0.013336181640625,2,2,158,510,79.0,0.0,255.0,90.50966799187809,0.0001270771026611328,0.0,299.9359267734554,0.0,0.0,1.0,0.0,64,1
39050,0.011206865310668945,1,1,79,119,79.0,0.0,119.0,0.0,0.0,0.0,178.46203595362195,0.0,0.0,1.0,0.0,64,1
37610,0.011291027069091797,1,1,75,91,75.0,0.0,91.0,0.0,0.0,0.0,177.13180455255713,0.0,0.0,1.0,1.0,64,1
39484,0.0021288394927978516,2,2,184,536,92.0,0.0,268.0,90.50966799187809,0.00012493133544921875,0.0,1878.9580020159033,0.0,0.0,1.0,0.0,64,1
49653,0.014852046966552734,2,2,152,240,76.0,0.0,120.0,8.48528137423857,0.00013017654418945312,0.0,269.32314508620414,0.0,0.0,1.0,0.0,64,1
