sport,dur,pkts_fwd,pkts_bwd,bytes_fwd,bytes_bwd,pktlen_fwd_mean,pktlen_fwd_std,pktlen_bwd_mean,pktlen_bwd_std,iat_fwd_mean,iat_fwd_std,pps,payload_entropy_fwd,iat_cv_fwd,small_pkt_ratio_fwd,small_pkt_ratio_bwd,ttl_fwd_first,label
43559,0.002214193344116211,2,2,180,294,90.0,0.0,147.0,35.35533905932738,0.00011110305786132812,0.0,1806.5269731883277,0.0,0.0,1.0,0.0,64,1
59569,0.013767004013061523,2,2,198,271,99.0,0.0,135.5,28.991378028648448,0.00011706352233886719,0.0,290.5497809258265,0.0,0.0,1.0,0.0,64,1
36969,0.003180980682373047,2,2,150,326,75.0,0.0,163.0,33.94112549695428,0.00010991096496582031,0.0,1257.4738420026983,0.0,0.0,1.0,0.0,64,1
60880,0.0022020339965820312,1,1,89,105,89.0,0.0,105.0,0.0,0.0,0.0,908.2511909917713,0.0,0.0,1.0,0.0,64,1
35219,0.013766050338745117,2,2,158,510,79.0,0.0,255.0,90.50966799187809,9.512901306152344e-05,0.0,290.5699094199761,0.0,0.0,1.0,0.0,64,1
35554,0.015403032302856445,2,2,184,472,92.0,0.0,236.0,45.254833995939045,0.00010895729064941406,0.0,259.68912622862007,0.0,0.0,1.0,0.0,64,1
57356,0.00998997688293457,1,1,79,119,79.0,0.0,119.0,0.0,0.0,0.0,200.2006634686523,0.0,0.0,1.0,0.0,64,1
50748,0.002180814743041992,1,1,75,91,75.0,0.0,91.0,0.0,0.0,0.0,917.0884442986771,0.0,0.0,1.0,1.0,64,1
54325,0.010887861251831055,2,2,152,240,76.0,0.0,120.0,8.48528137423857,0.00011086463928222656,0.0,367.3816103532091,0.0,0.0,1.0,0.0,64,1
