sport,dur,pkts_fwd,pkts_bwd,bytes_fwd,bytes_bwd,pktlen_fwd_mean,pktlen_fwd_std,pktlen_bwd_mean,pktlen_bwd_std,iat_fwd_mean,iat_fwd_std,pps,payload_entropy_fwd,iat_cv_fwd,small_pkt_ratio_fwd,small_pkt_ratio_bwd,ttl_fwd_first,label
34521,0.010298967361450195,2,2,152,240,76.0,0.0,120.0,8.48528137423857,0.0002658367156982422,0.0,388.3884529018219,0.0,0.0,1.0,0.0,64,1
51688,0.0024919509887695312,2,2,150,326,75.0,0.0,163.0,33.94112549695428,0.00010895729064941406,0.0,1605.16800612323,0.0,0.0,1.0,0.0,64,1
