sport,dur,pkts_fwd,pkts_bwd,bytes_fwd,bytes_bwd,pktlen_fwd_mean,pktlen_fwd_std,pktlen_bwd_mean,pktlen_bwd_std,iat_fwd_mean,iat_fwd_std,pps,payload_entropy_fwd,iat_cv_fwd,small_pkt_ratio_fwd,small_pkt_ratio_bwd,ttl_fwd_first,label
41718,0.0024518966674804688,2,2,180,294,90.0,0.0,147.0,35.35533905932738,9.107589721679688e-05,0.0,1631.3901205756515,0.0,0.0,1.0,0.0,64,1
37475,0.004773855209350586,2,2,150,326,75.0,0.0,163.0,33.94112549695428,0.0023598670959472656,0.0,837.8972181990711,0.0,0.0,1.0,0.0,64,1
55614,0.011661052703857422,2,2,196,269,98.0,0.0,134.5,28.991378028648448,0.00015401840209960938,0.0,343.02220404825187,0.0,0.0,1.0,0.0,64,1
56709,0.010114192962646484,1,1,89,105,89.0,0.0,105.0,0.0,0.0,0.0,197.7419263589647,0.0,0.0,1.0,0.0,64,1
55860,0.009956121444702148,2,2,158,462,79.0,0.0,231.0,56.568542494923804,8.511543273925781e-05,0.0,401.7628774635408,0.0,0.0,1.0,0.0,64,1
58963,0.009469985961914062,1,1,79,119,79.0,0.0,119.0,0.0,0.0,0.0,211.19355488418933,0.0,0.0,1.0,0.0,64,1
49600,0.002070903778076172,1,1,75,91,75.0,0.0,91.0,0.0,0.0,0.0,965.7619157264563,0.0,0.0,1.0,1.0,64,1
55190,0.010325908660888672,2,2,184,520,92.0,0.0,260.0,79.19595949289332,0.00014090538024902344,0.0,387.37510967444007,0.0,0.0,1.0,0.0,64,1
56998,0.01051187515258789,2,2,152,240,76.0,0.0,120.0,8.48528137423857,0.00010585784912109375,0.0,380.5220231344976,0.0,0.0,1.0,0.0,64,1
