sport,dur,pkts_fwd,pkts_bwd,bytes_fwd,bytes_bwd,pktlen_fwd_mean,pktlen_fwd_std,pktlen_bwd_mean,pktlen_bwd_std,iat_fwd_mean,iat_fwd_std,pps,payload_entropy_fwd,iat_cv_fwd,small_pkt_ratio_fwd,small_pkt_ratio_bwd,ttl_fwd_first,label
58666,0.004812955856323242,2,2,150,326,75.0,0.0,163.0,33.94112549695428,0.00013685226440429688,0.0,831.0901074949224,0.0,0.0,1.0,0.0,64,1
34584,0.01040792465209961,2,2,152,240,76.0,0.0,120.0,8.48528137423857,0.0021190643310546875,0.0,384.3225363082421,0.0,0.0,1.0,0.0,64,1
