sport,dur,pkts_fwd,pkts_bwd,bytes_fwd,bytes_bwd,pktlen_fwd_mean,pktlen_fwd_std,pktlen_bwd_mean,pktlen_bwd_std,iat_fwd_mean,iat_fwd_std,pps,payload_entropy_fwd,iat_cv_fwd,small_pkt_ratio_fwd,small_pkt_ratio_bwd,ttl_fwd_first,label
45190,0.002763032913208008,2,2,180,294,90.0,0.0,147.0,35.35533905932738,0.00012183189392089844,0.0,1447.684528432134,0.0,0.0,1.0,0.0,64,1
51943,0.0025720596313476562,2,2,150,326,75.0,0.0,163.0,33.94112549695428,0.00012612342834472656,0.0,1555.1738969225064,0.0,0.0,1.0,0.0,64,1
45645,0.015073060989379883,2,2,196,269,98.0,0.0,134.5,28.991378028648448,0.00010800361633300781,0.0,265.3741003780389,0.0,0.0,1.0,0.0,64,1
54473,0.0026679039001464844,1,1,89,105,89.0,0.0,105.0,0.0,0.0,0.0,749.6521894548704,0.0,0.0,1.0,0.0,64,1
45768,0.010959863662719727,2,2,158,478,79.0,0.0,239.0,67.88225099390856,0.00011086463928222656,0.0,364.9680436816115,0.0,0.0,1.0,0.0,64,1
33865,0.015291929244995117,2,2,184,520,92.0,0.0,260.0,79.19595949289332,0.00014901161193847656,0.0,261.5758898642012,0.0,0.0,1.0,0.0,64,1
37320,0.012671947479248047,1,1,79,119,79.0,0.0,119.0,0.0,0.0,0.0,157.82893697083725,0.0,0.0,1.0,0.0,64,1
37530,0.002351999282836914,1,1,75,91,75.0,0.0,91.0,0.0,0.0,0.0,850.3403953370502,0.0,0.0,1.0,1.0,64,1
53523,0.00871896743774414,2,2,152,240,76.0,0.0,120.0,8.48528137423857,7.581710815429688e-05,0.0,458.76992070002734,0.0,0.0,1.0,0.0,64,1
