sport,dur,pkts_fwd,pkts_bwd,bytes_fwd,bytes_bwd,pktlen_fwd_mean,pktlen_fwd_std,pktlen_bwd_mean,pktlen_bwd_std,iat_fwd_mean,iat_fwd_std,pps,payload_entropy_fwd,iat_cv_fwd,small_pkt_ratio_fwd,small_pkt_ratio_bwd,ttl_fwd_first,label
56843,0.0021131038665771484,2,2,180,294,90.0,0.0,147.0,35.35533905932738,0.00010204315185546875,0.0,1892.950016924292,0.0,0.0,1.0,0.0,64,1
53314,0.0027680397033691406,2,2,150,326,75.0,0.0,163.0,33.94112549695428,0.0006220340728759766,0.0,1445.0659776055124,0.0,0.0,1.0,0.0,64,1
52292,0.009690999984741211,2,2,196,269,98.0,0.0,134.5,28.991378028648448,0.00013494491577148438,0.0,412.7541023937806,0.0,0.0,1.0,0.0,64,1
48554,0.013803958892822266,2,2,184,504,92.0,0.0,252.0,67.88225099390856,0.00012183189392089844,0.0,289.7719437631697,0.0,0.0,1.0,0.0,64,1
49116,0.008745908737182617,1,1,79,119,79.0,0.0,119.0,0.0,0.0,0.0,228.67835237030778,0.0,0.0,1.0,0.0,64,1
51040,0.002604961395263672,1,1,89,105,89.0,0.0,105.0,0.0,0.0,0.0,767.7656965037526,0.0,0.0,1.0,0.0,64,1
45049,0.002691984176635742,1,1,75,91,75.0,0.0,91.0,0.0,0.0,0.0,742.9464175006642,0.0,0.0,1.0,1.0,64,1
49612,0.0027430057525634766,2,2,158,494,79.0,0.0,247.0,79.19595949289332,5.0067901611328125e-05,0.0,1458.2543242068666,0.0,0.0,1.0,0.0,64,1
41671,0.009310007095336914,2,2,152,240,76.0,0.0,120.0,8.48528137423857,0.00011396408081054688,0.0,429.64521498629927,0.0,0.0,1.0,0.0,64,1
