sport,dur,pkts_fwd,pkts_bwd,bytes_fwd,bytes_bwd,pktlen_fwd_mean,pktlen_fwd_std,pktlen_bwd_mean,pktlen_bwd_std,iat_fwd_mean,iat_fwd_std,pps,payload_entropy_fwd,iat_cv_fwd,small_pkt_ratio_fwd,small_pkt_ratio_bwd,ttl_fwd_first,label
35039,0.002415180206298828,2,2,150,326,75.0,0.0,163.0,33.94112549695428,0.00010609626770019531,0.0,1656.1911154985191,0.0,0.0,1.0,0.0,64,1
57825,0.014555931091308594,2,2,152,240,76.0,0.0,120.0,8.48528137423857,0.0002319812774658203,0.0,274.8020703662452,0.0,0.0,1.0,0.0,64,1
