sport,dur,pkts_fwd,pkts_bwd,bytes_fwd,bytes_bwd,pktlen_fwd_mean,pktlen_fwd_std,pktlen_bwd_mean,pktlen_bwd_std,iat_fwd_mean,iat_fwd_std,pps,payload_entropy_fwd,iat_cv_fwd,small_pkt_ratio_fwd,small_pkt_ratio_bwd,ttl_fwd_first,label
42468,0.002254962921142578,2,2,150,326,75.0,0.0,163.0,33.94112549695428,0.00012612342834472656,0.0,1773.8650877563966,0.0,0.0,1.0,0.0,64,1
46426,0.0025489330291748047,2,2,152,240,76.0,0.0,120.0,8.48528137423857,0.00011301040649414062,0.0,1569.2840707136845,0.0,0.0,1.0,0.0,64,1
