sport,dur,pkts_fwd,pkts_bwd,bytes_fwd,bytes_bwd,pktlen_fwd_mean,pktlen_fwd_std,pktlen_bwd_mean,pktlen_bwd_std,iat_fwd_mean,iat_fwd_std,pps,payload_entropy_fwd,iat_cv_fwd,small_pkt_ratio_fwd,small_pkt_ratio_bwd,ttl_fwd_first,label
44525,0.002501964569091797,2,2,180,294,90.0,0.0,147.0,35.35533905932738,9.083747863769531e-05,0.0,1598.7436630455497,0.0,0.0,1.0,0.0,64,1
45541,0.010178089141845703,2,2,150,326,75.0,0.0,163.0,33.94112549695428,0.00012087821960449219,0.0,393.00107753572263,0.0,0.0,1.0,0.0,64,1
36475,0.015604972839355469,2,2,196,269,98.0,0.0,134.5,28.991378028648448,0.00011181831359863281,0.0,256.3285461101265,0.0,0.0,1.0,0.0,64,1
37792,0.002446889877319336,1,1,89,105,89.0,0.0,105.0,0.0,0.0,0.0,817.3641235506187,0.0,0.0,1.0,0.0,64,1
35795,0.01115107536315918,2,2,158,494,79.0,0.0,247.0,79.19595949289332,0.00011301040649414062,0.0,358.709798806953,0.0,0.0,1.0,0.0,64,1
56434,0.0020759105682373047,1,1,79,119,79.0,0.0,119.0,0.0,0.0,0.0,963.4326404042724,0.0,0.0,1.0,0.0,64,1
58805,0.0020530223846435547,1,1,75,91,75.0,0.0,91.0,0.0,0.0,0.0,974.1734990128905,0.0,0.0,1.0,1.0,64,1
59841,0.011831998825073242,2,2,184,520,92.0,0.0,260.0,79.19595949289332,0.0001049041748046875,0.0,338.0662945573982,0.0,0.0,1.0,0.0,64,1
57991,0.014276981353759766,2,2,152,240,76.0,0.0,120.0,8.48528137423857,0.004549980163574219,0.0,280.1712701646572,0.0,0.0,1.0,0.0,64,1
