sport,dur,pkts_fwd,pkts_bwd,bytes_fwd,bytes_bwd,pktlen_fwd_mean,pktlen_fwd_std,pktlen_bwd_mean,pktlen_bwd_std,iat_fwd_mean,iat_fwd_std,pps,payload_entropy_fwd,iat_cv_fwd,small_pkt_ratio_fwd,small_pkt_ratio_bwd,ttl_fwd_first,label
43799,0.003975868225097656,2,2,180,294,90.0,0.0,147.0,35.35533905932738,0.0001049041748046875,0.0,1006.0695610458143,0.0,0.0,1.0,0.0,64,1
53744,0.0034558773040771484,2,2,150,326,75.0,0.0,163.0,33.94112549695428,9.894371032714844e-05,0.0,1157.4484994825802,0.0,0.0,1.0,0.0,64,1
41899,0.0031740665435791016,1,1,89,105,89.0,0.0,105.0,0.0,0.0,0.0,630.106512431458,0.0,0.0,1.0,0.0,64,1
48241,0.015190839767456055,2,2,196,269,98.0,0.0,134.5,28.991378028648448,0.00012993812561035156,0.0,263.316581652672,0.0,0.0,1.0,0.0,64,1
33043,0.010848045349121094,2,2,158,526,79.0,0.0,263.0,101.82337649086284,0.00010800361633300781,0.0,368.73002197802197,0.0,0.0,1.0,0.0,64,1
36728,0.01410984992980957,2,2,184,504,92.0,0.0,252.0,67.88225099390856,0.00011301040649414062,0.0,283.48990385427754,0.0,0.0,1.0,0.0,64,1
42649,0.012290000915527344,1,1,79,119,79.0,0.0,119.0,0.0,0.0,0.0,162.73391790176146,0.0,0.0,1.0,0.0,64,1
37107,0.002454996109008789,1,1,75,91,75.0,0.0,91.0,0.0,0.0,0.0,814.6652423035836,0.0,0.0,1.0,1.0,64,1
47650,0.015086889266967773,2,2,152,240,76.0,0.0,120.0,8.48528137423857,0.004149913787841797,0.0,265.1308648998878,0.0,0.0,1.0,0.0,64,1
