sport,dur,pkts_fwd,pkts_bwd,bytes_fwd,bytes_bwd,pktlen_fwd_mean,pktlen_fwd_std,pktlen_bwd_mean,pktlen_bwd_std,iat_fwd_mean,iat_fwd_std,pps,payload_entropy_fwd,iat_cv_fwd,small_pkt_ratio_fwd,small_pkt_ratio_bwd,ttl_fwd_first,label
39236,0.0028607845306396484,2,2,150,326,75.0,0.0,163.0,33.94112549695428,0.00015997886657714844,0.0,1398.2178514876239,0.0,0.0,1.0,0.0,64,1
60261,0.009867191314697266,2,2,152,240,76.0,0.0,120.0,8.48528137423857,0.0013370513916015625,0.0,405.38384961097955,0.0,0.0,1.0,0.0,64,1
