sport,dur,pkts_fwd,pkts_bwd,bytes_fwd,bytes_bwd,pktlen_fwd_mean,pktlen_fwd_std,pktlen_bwd_mean,pktlen_bwd_std,iat_fwd_mean,iat_fwd_std,pps,payload_entropy_fwd,iat_cv_fwd,small_pkt_ratio_fwd,small_pkt_ratio_bwd,ttl_fwd_first,label
33384,0.003301858901977539,2,2,150,326,75.0,0.0,163.0,33.94112549695428,0.00010180473327636719,0.0,1211.438804245794,0.0,0.0,1.0,0.0,64,1
58283,0.013018131256103516,1,1,89,105,89.0,0.0,105.0,0.0,0.0,0.0,153.63188161605802,0.0,0.0,1.0,0.0,64,1
36522,0.004673957824707031,2,2,152,240,76.0,0.0,120.0,8.48528137423857,0.00011897087097167969,0.0,855.8057539277698,0.0,0.0,1.0,0.0,64,1
