sport,dur,pkts_fwd,pkts_bwd,bytes_fwd,bytes_bwd,pktlen_fwd_mean,pktlen_fwd_std,pktlen_bwd_mean,pktlen_bwd_std,iat_fwd_mean,iat_fwd_std,pps,payload_entropy_fwd,iat_cv_fwd,small_pkt_ratio_fwd,small_pkt_ratio_bwd,ttl_fwd_first,label
33202,0.0052318572998046875,1,1,88,189,88.0,0.0,189.0,0.0,0.0,0.0,382.27342325920523,0.0,0.0,1.0,0.0,64,0
51789,0.0072231292724609375,2,2,168,287,84.0,0.0,143.5,6.363961030678928,0.00010919570922851562,0.0,553.7766041721679,0.0,0.0,1.0,0.0,64,0
42556,0.042726993560791016,2,2,168,287,84.0,0.0,143.5,6.363961030678928,0.00017714500427246094,0.0,93.61763294459014,0.0,0.0,1.0,0.0,64,0
57064,0.023022174835205078,2,2,168,344,84.0,0.0,172.0,33.94112549695428,0.00010204315185546875,0.0,173.74553136844722,0.0,0.0,1.0,0.0,64,0
51764,0.1387958526611328,2,2,168,287,84.0,0.0,143.5,6.363961030678928,9.202957153320312e-05,0.0,28.81930492379997,0.0,0.0,1.0,0.0,64,0
36029,0.004869937896728516,1,1,89,195,89.0,0.0,195.0,0.0,0.0,0.0,410.68285518456867,0.0,0.0,1.0,0.0,64,0
54298,0.0023050308227539062,1,1,121,196,121.0,0.0,196.0,0.0,0.0,0.0,867.6673562267273,0.0,0.0,0.0,0.0,64,0
47759,0.005370140075683594,1,1,81,179,81.0,0.0,179.0,0.0,0.0,0.0,372.4297638074942,0.0,0.0,1.0,0.0,64,0
60643,0.00518798828125,1,1,82,130,82.0,0.0,130.0,0.0,0.0,0.0,385.50588235294117,0.0,0.0,1.0,0.0,64,0
