sport,dur,pkts_fwd,pkts_bwd,bytes_fwd,bytes_bwd,pktlen_fwd_mean,pktlen_fwd_std,pktlen_bwd_mean,pktlen_bwd_std,iat_fwd_mean,iat_fwd_std,pps,payload_entropy_fwd,iat_cv_fwd,small_pkt_ratio_fwd,small_pkt_ratio_bwd,ttl_fwd_first,label
60524,0.003123044967651367,1,1,76,221,76.0,0.0,221.0,0.0,0.0,0.0,640.400641270326,0.0,0.0,1.0,0.0,64,1
42014,0.0013840198516845703,1,1,76,221,76.0,0.0,221.0,0.0,0.0,0.0,1445.0659776055124,0.0,0.0,1.0,0.0,64,1
46619,0.0021009445190429688,1,1,92,108,92.0,0.0,108.0,0.0,0.0,0.0,951.9527916477531,0.0,0.0,1.0,0.0,64,1
34601,0.0021810531616210938,1,1,92,108,92.0,0.0,108.0,0.0,0.0,0.0,916.9881941407958,0.0,0.0,1.0,0.0,64,1
