sport,dur,pkts_fwd,pkts_bwd,bytes_fwd,bytes_bwd,pktlen_fwd_mean,pktlen_fwd_std,pktlen_bwd_mean,pktlen_bwd_std,iat_fwd_mean,iat_fwd_std,pps,payload_entropy_fwd,iat_cv_fwd,small_pkt_ratio_fwd,small_pkt_ratio_bwd,ttl_fwd_first,label
54878,0.0020639896392822266,1,1,92,108,92.0,0.0,108.0,0.0,0.0,0.0,968.9971121635671,0.0,0.0,1.0,0.0,64,1
52630,0.00244903564453125,1,1,76,221,76.0,0.0,221.0,0.0,0.0,0.0,816.6479750778816,0.0,0.0,1.0,0.0,64,1
58176,0.0014481544494628906,1,1,92,108,92.0,0.0,108.0,0.0,0.0,0.0,1381.068159367797,0.0,0.0,1.0,0.0,64,1
46504,0.0009350776672363281,1,1,92,108,92.0,0.0,108.0,0.0,0.0,0.0,2000.0,0.0,0.0,1.0,0.0,64,1
57418,0.010190010070800781,1,1,76,221,76.0,0.0,221.0,0.0,0.0,0.0,196.2706598034628,0.0,0.0,1.0,0.0,64,1
59116,0.002179861068725586,1,1,92,108,92.0,0.0,108.0,0.0,0.0,0.0,917.4896642239966,0.0,0.0,1.0,0.0,64,1
