sport,dur,pkts_fwd,pkts_bwd,bytes_fwd,bytes_bwd,pktlen_fwd_mean,pktlen_fwd_std,pktlen_bwd_mean,pktlen_bwd_std,iat_fwd_mean,iat_fwd_std,pps,payload_entropy_fwd,iat_cv_fwd,small_pkt_ratio_fwd,small_pkt_ratio_bwd,ttl_fwd_first,label
52390,0.0009541511535644531,1,1,92,108,92.0,0.0,108.0,0.0,0.0,0.0,2000.0,0.0,0.0,1.0,0.0,64,1
39350,0.002505064010620117,1,1,76,221,76.0,0.0,221.0,0.0,0.0,0.0,798.3827924240982,0.0,0.0,1.0,0.0,64,1
51900,0.013167858123779297,1,1,72,136,72.0,0.0,136.0,0.0,0.0,0.0,151.88499004164404,0.0,0.0,1.0,0.0,64,1
46752,0.009237051010131836,1,1,76,221,76.0,0.0,221.0,0.0,0.0,0.0,216.51931961902795,0.0,0.0,1.0,0.0,64,1
36583,0.002526998519897461,1,1,76,221,76.0,0.0,221.0,0.0,0.0,0.0,791.4527785640155,0.0,0.0,1.0,0.0,64,1
60093,0.0016388893127441406,1,1,92,108,92.0,0.0,108.0,0.0,0.0,0.0,1220.3386674425371,0.0,0.0,1.0,0.0,64,1
52356,0.0014541149139404297,1,1,92,108,92.0,0.0,108.0,0.0,0.0,0.0,1375.4071159206428,0.0,0.0,1.0,0.0,64,1
35557,0.0020809173583984375,1,1,76,221,76.0,0.0,221.0,0.0,0.0,0.0,961.1145737855179,0.0,0.0,1.0,0.0,64,1
41310,0.0021538734436035156,1,1,92,108,92.0,0.0,108.0,0.0,0.0,0.0,928.5596634934691,0.0,0.0,1.0,0.0,64,1
