sport,dur,pkts_fwd,pkts_bwd,bytes_fwd,bytes_bwd,pktlen_fwd_mean,pktlen_fwd_std,pktlen_bwd_mean,pktlen_bwd_std,iat_fwd_mean,iat_fwd_std,pps,payload_entropy_fwd,iat_cv_fwd,small_pkt_ratio_fwd,small_pkt_ratio_bwd,ttl_fwd_first,label
33785,0.001641988754272461,1,1,92,108,92.0,0.0,108.0,0.0,0.0,0.0,1218.0351386670538,0.0,0.0,1.0,0.0,64,1
59173,0.002444028854370117,1,1,92,108,92.0,0.0,108.0,0.0,0.0,0.0,818.3209442981173,0.0,0.0,1.0,0.0,64,1
46457,0.0025429725646972656,1,1,76,221,76.0,0.0,221.0,0.0,0.0,0.0,786.481155072192,0.0,0.0,1.0,0.0,64,1
44468,0.0014078617095947266,1,1,92,108,92.0,0.0,108.0,0.0,0.0,0.0,1420.5940728196445,0.0,0.0,1.0,0.0,64,1
54529,0.0009388923645019531,1,1,92,108,92.0,0.0,108.0,0.0,0.0,0.0,2000.0,0.0,0.0,1.0,0.0,64,1
39205,0.002583026885986328,1,1,76,221,76.0,0.0,221.0,0.0,0.0,0.0,774.2853978216725,0.0,0.0,1.0,0.0,64,1
