sport,dur,pkts_fwd,pkts_bwd,bytes_fwd,bytes_bwd,pktlen_fwd_mean,pktlen_fwd_std,pktlen_bwd_mean,pktlen_bwd_std,iat_fwd_mean,iat_fwd_std,pps,payload_entropy_fwd,iat_cv_fwd,small_pkt_ratio_fwd,small_pkt_ratio_bwd,ttl_fwd_first,label
59134,0.11995911598205566,1,1,89,137,89.0,0.0,137.0,0.0,0.0,0.0,16.672346937761482,0.0,0.0,1.0,0.0,128,1
50291,0.004751920700073242,1,1,85,133,85.0,0.0,133.0,0.0,0.0,0.0,420.8824444332949,0.0,0.0,1.0,0.0,128,1
44452,0.0020318031311035156,1,1,89,137,89.0,0.0,137.0,0.0,0.0,0.0,984.3473363060315,0.0,0.0,1.0,0.0,128,1
46223,0.004163026809692383,1,1,88,136,88.0,0.0,136.0,0.0,0.0,0.0,480.4196781398545,0.0,0.0,1.0,0.0,128,1
