sport,dur,pkts_fwd,pkts_bwd,bytes_fwd,bytes_bwd,pktlen_fwd_mean,pktlen_fwd_std,pktlen_bwd_mean,pktlen_bwd_std,iat_fwd_mean,iat_fwd_std,pps,payload_entropy_fwd,iat_cv_fwd,small_pkt_ratio_fwd,small_pkt_ratio_bwd,ttl_fwd_first,label
42433,0.0,1,0,89,0,89.0,0.0,0.0,0.0,0.0,0.0,1000.0,0.0,0.0,1.0,0.0,128,1
42433,0.19524693489074707,1,1,89,137,89.0,0.0,137.0,0.0,0.0,0.0,10.243438654333424,0.0,0.0,1.0,0.0,128,1
47529,0.007110118865966797,1,1,85,133,85.0,0.0,133.0,0.0,0.0,0.0,281.28924954731406,0.0,0.0,1.0,0.0,128,1
49953,0.0024700164794921875,1,1,89,137,89.0,0.0,137.0,0.0,0.0,0.0,809.7111969111969,0.0,0.0,1.0,0.0,128,1
34589,0.0024809837341308594,1,1,88,136,88.0,0.0,136.0,0.0,0.0,0.0,806.1318470113396,0.0,0.0,1.0,0.0,128,1
