sport,dur,pkts_fwd,pkts_bwd,bytes_fwd,bytes_bwd,pktlen_fwd_mean,pktlen_fwd_std,pktlen_bwd_mean,pktlen_bwd_std,iat_fwd_mean,iat_fwd_std,pps,payload_entropy_fwd,iat_cv_fwd,small_pkt_ratio_fwd,small_pkt_ratio_bwd,ttl_fwd_first,label
54404,0.0,1,0,89,0,89.0,0.0,0.0,0.0,0.0,0.0,1000.0,0.0,0.0,1.0,0.0,128,1
54404,0.1926581859588623,1,1,89,137,89.0,0.0,137.0,0.0,0.0,0.0,10.381079786700855,0.0,0.0,1.0,0.0,128,1
45914,0.005640983581542969,1,1,85,133,85.0,0.0,133.0,0.0,0.0,0.0,354.5480980557904,0.0,0.0,1.0,0.0,128,1
43800,0.0021009445190429688,1,1,89,137,89.0,0.0,137.0,0.0,0.0,0.0,951.9527916477531,0.0,0.0,1.0,0.0,128,1
40195,0.0062618255615234375,1,1,88,136,88.0,0.0,136.0,0.0,0.0,0.0,319.3956746877856,0.0,0.0,1.0,0.0,128,1
