sport,dur,pkts_fwd,pkts_bwd,bytes_fwd,bytes_bwd,pktlen_fwd_mean,pktlen_fwd_std,pktlen_bwd_mean,pktlen_bwd_std,iat_fwd_mean,iat_fwd_std,pps,payload_entropy_fwd,iat_cv_fwd,small_pkt_ratio_fwd,small_pkt_ratio_bwd,ttl_fwd_first,label
47452,0.067169189453125,1,1,89,137,89.0,0.0,137.0,0.0,0.0,0.0,29.775556565197636,0.0,0.0,1.0,0.0,128,1
57906,0.0025861263275146484,1,1,85,133,85.0,0.0,133.0,0.0,0.0,0.0,773.35742601641,0.0,0.0,1.0,0.0,128,1
51561,0.0025022029876708984,1,1,89,137,89.0,0.0,137.0,0.0,0.0,0.0,799.2956646021916,0.0,0.0,1.0,0.0,128,1
45603,0.005881071090698242,1,1,88,136,88.0,0.0,136.0,0.0,0.0,0.0,340.07410710666073,0.0,0.0,1.0,0.0,128,1
