sport,dur,pkts_fwd,pkts_bwd,bytes_fwd,bytes_bwd,pktlen_fwd_mean,pktlen_fwd_std,pktlen_bwd_mean,pktlen_bwd_std,iat_fwd_mean,iat_fwd_std,pps,payload_entropy_fwd,iat_cv_fwd,small_pkt_ratio_fwd,small_pkt_ratio_bwd,ttl_fwd_first,label
33405,1.07120680809021,2,2,178,274,89.0,0.0,137.0,0.0,0.8001828193664551,0.0,3.734106215336102,0.0,0.0,1.0,0.0,128,1
33405,0.6708889007568359,1,1,89,137,89.0,0.0,137.0,0.0,0.0,0.0,2.9811195232828887,0.0,0.0,1.0,0.0,128,1
36533,0.00522303581237793,1,1,85,133,85.0,0.0,133.0,0.0,0.0,0.0,382.91906696489707,0.0,0.0,1.0,0.0,128,1
58188,0.0009350776672363281,1,1,89,137,89.0,0.0,137.0,0.0,0.0,0.0,2000.0,0.0,0.0,1.0,0.0,128,1
34568,0.0024161338806152344,1,1,88,136,88.0,0.0,136.0,0.0,0.0,0.0,827.7686994276693,0.0,0.0,1.0,0.0,128,1
