sport,dur,pkts_fwd,pkts_bwd,bytes_fwd,bytes_bwd,pktlen_fwd_mean,pktlen_fwd_std,pktlen_bwd_mean,pktlen_bwd_std,iat_fwd_mean,iat_fwd_std,pps,payload_entropy_fwd,iat_cv_fwd,small_pkt_ratio_fwd,small_pkt_ratio_bwd,ttl_fwd_first,label
58464,0.040116071701049805,1,1,89,137,89.0,0.0,137.0,0.0,0.0,0.0,49.85533017550324,0.0,0.0,1.0,0.0,128,1
50250,0.0066089630126953125,1,1,85,133,85.0,0.0,133.0,0.0,0.0,0.0,302.6193362193362,0.0,0.0,1.0,0.0,128,1
56968,0.003153085708618164,1,1,89,137,89.0,0.0,137.0,0.0,0.0,0.0,634.299281663516,0.0,0.0,1.0,0.0,128,1
61665,0.003325939178466797,1,1,88,136,88.0,0.0,136.0,0.0,0.0,0.0,601.3339068100358,0.0,0.0,1.0,0.0,128,1
