sport,dur,pkts_fwd,pkts_bwd,bytes_fwd,bytes_bwd,pktlen_fwd_mean,pktlen_fwd_std,pktlen_bwd_mean,pktlen_bwd_std,iat_fwd_mean,iat_fwd_std,pps,payload_entropy_fwd,iat_cv_fwd,small_pkt_ratio_fwd,small_pkt_ratio_bwd,ttl_fwd_first,label
53622,0.14783000946044922,1,1,89,137,89.0,0.0,137.0,0.0,0.0,0.0,13.529052776899704,0.0,0.0,1.0,0.0,128,1
60093,0.003000974655151367,1,1,85,133,85.0,0.0,133.0,0.0,0.0,0.0,666.4501469770398,0.0,0.0,1.0,0.0,128,1
61371,0.0024788379669189453,1,1,89,137,89.0,0.0,137.0,0.0,0.0,0.0,806.8296624026161,0.0,0.0,1.0,0.0,128,1
47389,0.005496978759765625,1,1,88,136,88.0,0.0,136.0,0.0,0.0,0.0,363.8362248438584,0.0,0.0,1.0,0.0,128,1
