sport,dur,pkts_fwd,pkts_bwd,bytes_fwd,bytes_bwd,pktlen_fwd_mean,pktlen_fwd_std,pktlen_bwd_mean,pktlen_bwd_std,iat_fwd_mean,iat_fwd_std,pps,payload_entropy_fwd,iat_cv_fwd,small_pkt_ratio_fwd,small_pkt_ratio_bwd,ttl_fwd_first,label
51436,1.4162440299987793,2,1,178,137,89.0,0.0,137.0,0.0,0.7999989986419678,0.0,2.1182790087401715,0.0,0.0,1.0,0.0,128,1
51436,1.015866994857788,1,1,89,137,89.0,0.0,137.0,0.0,0.0,0.0,1.9687616687261125,0.0,0.0,1.0,0.0,128,1
33029,0.0020720958709716797,1,1,85,133,85.0,0.0,133.0,0.0,0.0,0.0,965.2063053733748,0.0,0.0,1.0,0.0,128,1
38859,0.0013251304626464844,1,1,89,137,89.0,0.0,137.0,0.0,0.0,0.0,1509.2853544440445,0.0,0.0,1.0,0.0,128,1
61964,0.002863168716430664,1,1,88,136,88.0,0.0,136.0,0.0,0.0,0.0,698.5267715879756,0.0,0.0,1.0,0.0,128,1
