sport,dur,pkts_fwd,pkts_bwd,bytes_fwd,bytes_bwd,pktlen_fwd_mean,pktlen_fwd_std,pktlen_bwd_mean,pktlen_bwd_std,iat_fwd_mean,iat_fwd_std,pps,payload_entropy_fwd,iat_cv_fwd,small_pkt_ratio_fwd,small_pkt_ratio_bwd,ttl_fwd_first,label
48608,0.11282014846801758,1,1,89,137,89.0,0.0,137.0,0.0,0.0,0.0,17.72732997747262,0.0,0.0,1.0,0.0,128,1
49512,0.005467891693115234,1,1,85,133,85.0,0.0,133.0,0.0,0.0,0.0,365.7716926833522,0.0,0.0,1.0,0.0,128,1
63235,0.0021920204162597656,1,1,89,137,89.0,0.0,137.0,0.0,0.0,0.0,912.4002610398086,0.0,0.0,1.0,0.0,128,1
40535,0.002207040786743164,1,1,88,136,88.0,0.0,136.0,0.0,0.0,0.0,906.1907745489899,0.0,0.0,1.0,0.0,128,1
