sport,dur,pkts_fwd,pkts_bwd,bytes_fwd,bytes_bwd,pktlen_fwd_mean,pktlen_fwd_std,pktlen_bwd_mean,pktlen_bwd_std,iat_fwd_mean,iat_fwd_std,pps,payload_entropy_fwd,iat_cv_fwd,small_pkt_ratio_fwd,small_pkt_ratio_bwd,ttl_fwd_first,label
4096,3.6583030223846436,3,3,228,415,76.0,2.6457513110645907,138.33333333333334,48.003472096644565,1.8207825422286987,1.5537757705463708,1.64010470518348,0.0,0.8533560348423032,1.0,0.3333333333333333,128,1
