sport,dur,pkts_fwd,pkts_bwd,bytes_fwd,bytes_bwd,pktlen_fwd_mean,pktlen_fwd_std,pktlen_bwd_mean,pktlen_bwd_std,iat_fwd_mean,iat_fwd_std,pps,payload_entropy_fwd,iat_cv_fwd,small_pkt_ratio_fwd,small_pkt_ratio_bwd,ttl_fwd_first,label
4096,3.8533620834350586,3,3,228,415,76.0,2.6457513110645907,138.33333333333334,48.003472096644565,1.91938054561615,1.5029223946574903,1.5570818080639162,0.0,0.7830247097638627,1.0,0.3333333333333333,128,1
