sport,dur,pkts_fwd,pkts_bwd,bytes_fwd,bytes_bwd,pktlen_fwd_mean,pktlen_fwd_std,pktlen_bwd_mean,pktlen_bwd_std,iat_fwd_mean,iat_fwd_std,pps,payload_entropy_fwd,iat_cv_fwd,small_pkt_ratio_fwd,small_pkt_ratio_bwd,ttl_fwd_first,label
13618,0.050347089767456055,1,1,72,136,72.0,0.0,136.0,0.0,0.0,0.0,39.72424243859242,0.0,0.0,1.0,0.0,255,1
57914,0.0067729949951171875,1,1,88,217,88.0,0.0,217.0,0.0,0.0,0.0,295.29034074908475,0.0,0.0,1.0,0.0,255,1
38774,0.003228902816772461,1,1,104,222,104.0,0.0,222.0,0.0,0.0,0.0,619.4054493096064,0.0,0.0,0.0,0.0,255,1
30626,0.003219127655029297,1,1,93,125,93.0,0.0,125.0,0.0,0.0,0.0,621.2863279514146,0.0,0.0,1.0,0.0,255,1
27245,0.0061380863189697266,1,1,88,136,88.0,0.0,136.0,0.0,0.0,0.0,325.83445329190135,0.0,0.0,1.0,0.0,255,1
