sport,dur,pkts_fwd,pkts_bwd,bytes_fwd,bytes_bwd,pktlen_fwd_mean,pktlen_fwd_std,pktlen_bwd_mean,pktlen_bwd_std,iat_fwd_mean,iat_fwd_std,pps,payload_entropy_fwd,iat_cv_fwd,small_pkt_ratio_fwd,small_pkt_ratio_bwd,ttl_fwd_first,label
41629,0.002363920211791992,1,1,72,136,72.0,0.0,136.0,0.0,0.0,0.0,846.0522440746344,0.0,0.0,1.0,0.0,255,1
29877,0.006922006607055664,1,1,88,217,88.0,0.0,217.0,0.0,0.0,0.0,288.93355836461956,0.0,0.0,1.0,0.0,255,1
25734,0.002145051956176758,1,1,104,222,104.0,0.0,222.0,0.0,0.0,0.0,932.378348338335,0.0,0.0,0.0,0.0,255,1
20180,0.002527952194213867,1,1,93,125,93.0,0.0,125.0,0.0,0.0,0.0,791.154201641045,0.0,0.0,1.0,0.0,255,1
12942,0.0031328201293945312,1,1,88,136,88.0,0.0,136.0,0.0,0.0,0.0,638.4024353120244,0.0,0.0,1.0,0.0,255,1
