sport,dur,pkts_fwd,pkts_bwd,bytes_fwd,bytes_bwd,pktlen_fwd_mean,pktlen_fwd_std,pktlen_bwd_mean,pktlen_bwd_std,iat_fwd_mean,iat_fwd_std,pps,payload_entropy_fwd,iat_cv_fwd,small_pkt_ratio_fwd,small_pkt_ratio_bwd,ttl_fwd_first,label
58824,0.003565073013305664,1,1,72,136,72.0,0.0,136.0,0.0,0.0,0.0,560.9983280946967,0.0,0.0,1.0,0.0,255,1
23584,0.006414890289306641,1,1,88,217,88.0,0.0,217.0,0.0,0.0,0.0,311.77462276072254,0.0,0.0,1.0,0.0,255,1
31343,0.0014700889587402344,1,1,104,314,104.0,0.0,314.0,0.0,0.0,0.0,1360.461887771651,0.0,0.0,0.0,0.0,255,1
4489,0.0013899803161621094,1,1,93,125,93.0,0.0,125.0,0.0,0.0,0.0,1438.8692967409947,0.0,0.0,1.0,0.0,255,1
39243,0.006292104721069336,1,1,88,136,88.0,0.0,136.0,0.0,0.0,0.0,317.85866393846385,0.0,0.0,1.0,0.0,255,1
