sport,dur,pkts_fwd,pkts_bwd,bytes_fwd,bytes_bwd,pktlen_fwd_mean,pktlen_fwd_std,pktlen_bwd_mean,pktlen_bwd_std,iat_fwd_mean,iat_fwd_std,pps,payload_entropy_fwd,iat_cv_fwd,small_pkt_ratio_fwd,small_pkt_ratio_bwd,ttl_fwd_first,label
14621,0.013664960861206055,1,1,72,136,72.0,0.0,136.0,0.0,0.0,0.0,146.35973130943034,0.0,0.0,1.0,0.0,255,1
53861,0.0071468353271484375,1,1,88,217,88.0,0.0,217.0,0.0,0.0,0.0,279.84414198025087,0.0,0.0,1.0,0.0,255,1
58515,0.0032439231872558594,1,1,104,222,104.0,0.0,222.0,0.0,0.0,0.0,616.5374099661914,0.0,0.0,0.0,0.0,255,1
12743,0.0023391246795654297,1,1,93,125,93.0,0.0,125.0,0.0,0.0,0.0,855.0206910610539,0.0,0.0,1.0,0.0,255,1
18137,0.006340980529785156,1,1,88,136,88.0,0.0,136.0,0.0,0.0,0.0,315.4086328771244,0.0,0.0,1.0,0.0,255,1
