sport,dur,pkts_fwd,pkts_bwd,bytes_fwd,bytes_bwd,pktlen_fwd_mean,pktlen_fwd_std,pktlen_bwd_mean,pktlen_bwd_std,iat_fwd_mean,iat_fwd_std,pps,payload_entropy_fwd,iat_cv_fwd,small_pkt_ratio_fwd,small_pkt_ratio_bwd,ttl_fwd_first,label
17717,0.0020580291748046875,1,1,72,136,72.0,0.0,136.0,0.0,0.0,0.0,971.8035217794254,0.0,0.0,1.0,0.0,255,1
31225,0.00504612922668457,1,1,88,217,88.0,0.0,217.0,0.0,0.0,0.0,396.3433971178833,0.0,0.0,1.0,0.0,255,1
27236,0.002505064010620117,1,1,104,222,104.0,0.0,222.0,0.0,0.0,0.0,798.3827924240982,0.0,0.0,0.0,0.0,255,1
60995,0.003153085708618164,1,1,93,125,93.0,0.0,125.0,0.0,0.0,0.0,634.299281663516,0.0,0.0,1.0,0.0,255,1
64497,0.0021059513092041016,1,1,88,136,88.0,0.0,136.0,0.0,0.0,0.0,949.6895731914412,0.0,0.0,1.0,0.0,255,1
