sport,dur,pkts_fwd,pkts_bwd,bytes_fwd,bytes_bwd,pktlen_fwd_mean,pktlen_fwd_std,pktlen_bwd_mean,pktlen_bwd_std,iat_fwd_mean,iat_fwd_std,pps,payload_entropy_fwd,iat_cv_fwd,small_pkt_ratio_fwd,small_pkt_ratio_bwd,ttl_fwd_first,label
55088,0.052392005920410156,1,1,72,136,72.0,0.0,136.0,0.0,0.0,0.0,38.17376267360795,0.0,0.0,1.0,0.0,255,1
2835,0.013419151306152344,1,1,88,217,88.0,0.0,217.0,0.0,0.0,0.0,149.0407220524483,0.0,0.0,1.0,0.0,255,1
38947,0.0026810169219970703,1,1,104,314,104.0,0.0,314.0,0.0,0.0,0.0,745.9855935971543,0.0,0.0,0.0,0.0,255,1
31596,0.0013909339904785156,1,1,93,125,93.0,0.0,125.0,0.0,0.0,0.0,1437.882756256428,0.0,0.0,1.0,0.0,255,1
24229,0.0034079551696777344,1,1,88,136,88.0,0.0,136.0,0.0,0.0,0.0,586.8621799356373,0.0,0.0,1.0,0.0,255,1
