sport,dur,pkts_fwd,pkts_bwd,bytes_fwd,bytes_bwd,pktlen_fwd_mean,pktlen_fwd_std,pktlen_bwd_mean,pktlen_bwd_std,iat_fwd_mean,iat_fwd_std,pps,payload_entropy_fwd,iat_cv_fwd,small_pkt_ratio_fwd,small_pkt_ratio_bwd,ttl_fwd_first,label
63292,0.02082681655883789,1,1,72,136,72.0,0.0,136.0,0.0,0.0,0.0,96.03003869313369,0.0,0.0,1.0,0.0,255,1
1195,0.005975008010864258,1,1,88,217,88.0,0.0,217.0,0.0,0.0,0.0,334.7275846933482,0.0,0.0,1.0,0.0,255,1
15417,0.0014400482177734375,1,1,104,222,104.0,0.0,222.0,0.0,0.0,0.0,1388.8423841059603,0.0,0.0,0.0,0.0,255,1
36959,0.0021789073944091797,1,1,93,125,93.0,0.0,125.0,0.0,0.0,0.0,917.8912353649196,0.0,0.0,1.0,0.0,255,1
39507,0.0053369998931884766,1,1,88,136,88.0,0.0,136.0,0.0,0.0,0.0,374.7423721241903,0.0,0.0,1.0,0.0,255,1
