sport,dur,pkts_fwd,pkts_bwd,bytes_fwd,bytes_bwd,pktlen_fwd_mean,pktlen_fwd_std,pktlen_bwd_mean,pktlen_bwd_std,iat_fwd_mean,iat_fwd_std,pps,payload_entropy_fwd,iat_cv_fwd,small_pkt_ratio_fwd,small_pkt_ratio_bwd,ttl_fwd_first,label
48358,0.002393960952758789,1,1,72,136,72.0,0.0,136.0,0.0,0.0,0.0,835.4355143909969,0.0,0.0,1.0,0.0,255,1
47155,0.028142929077148438,1,1,88,217,88.0,0.0,217.0,0.0,0.0,0.0,71.06580820060996,0.0,0.0,1.0,0.0,255,1
22250,0.0014591217041015625,1,1,104,222,104.0,0.0,222.0,0.0,0.0,0.0,1370.6875816993463,0.0,0.0,0.0,0.0,255,1
65278,0.0027620792388916016,1,1,93,125,93.0,0.0,125.0,0.0,0.0,0.0,724.0921881743634,0.0,0.0,1.0,0.0,255,1
57715,0.0032830238342285156,1,1,88,136,88.0,0.0,136.0,0.0,0.0,0.0,609.1944807552651,0.0,0.0,1.0,0.0,255,1
