sport,dur,pkts_fwd,pkts_bwd,bytes_fwd,bytes_bwd,pktlen_fwd_mean,pktlen_fwd_std,pktlen_bwd_mean,pktlen_bwd_std,iat_fwd_mean,iat_fwd_std,pps,payload_entropy_fwd,iat_cv_fwd,small_pkt_ratio_fwd,small_pkt_ratio_bwd,ttl_fwd_first,label
40000,0.01243901252746582,1,1,72,136,72.0,0.0,136.0,0.0,0.0,0.0,160.78446706150692,0.0,0.0,1.0,0.0,255,1
57903,0.006772041320800781,1,1,88,217,88.0,0.0,217.0,0.0,0.0,0.0,295.3319250809745,0.0,0.0,1.0,0.0,255,1
44452,0.0009558200836181641,1,1,104,314,104.0,0.0,314.0,0.0,0.0,0.0,2000.0,0.0,0.0,0.0,0.0,255,1
20069,0.0021080970764160156,1,1,93,125,93.0,0.0,125.0,0.0,0.0,0.0,948.7229133680163,0.0,0.0,1.0,0.0,255,1
53402,0.0023899078369140625,1,1,88,136,88.0,0.0,136.0,0.0,0.0,0.0,836.8523543495611,0.0,0.0,1.0,0.0,255,1
