sport,dur,pkts_fwd,pkts_bwd,bytes_fwd,bytes_bwd,pktlen_fwd_mean,pktlen_fwd_std,pktlen_bwd_mean,pktlen_bwd_std,iat_fwd_mean,iat_fwd_std,pps,payload_entropy_fwd,iat_cv_fwd,small_pkt_ratio_fwd,small_pkt_ratio_bwd,ttl_fwd_first,label
45843,0.016726016998291016,1,1,74,138,74.0,0.0,138.0,0.0,0.0,0.0,119.57419391624141,0.0,0.0,1.0,0.0,64,0
55532,0.021699190139770508,1,1,74,138,74.0,0.0,138.0,0.0,0.0,0.0,92.16933844615605,0.0,0.0,1.0,0.0,64,0
52120,0.014314889907836914,1,1,74,138,74.0,0.0,138.0,0.0,0.0,0.0,139.71466164787395,0.0,0.0,1.0,0.0,64,0
53425,0.01402902603149414,1,1,74,138,74.0,0.0,138.0,0.0,0.0,0.0,142.56157166649672,0.0,0.0,1.0,0.0,64,0
57423,0.0024709701538085938,1,1,74,138,74.0,0.0,138.0,0.0,0.0,0.0,809.3986877653416,0.0,0.0,1.0,0.0,64,0
41354,0.0069730281829833984,1,1,74,138,74.0,0.0,138.0,0.0,0.0,0.0,286.8194344719117,0.0,0.0,1.0,0.0,64,0
48034,0.002496957778930664,1,1,74,138,74.0,0.0,138.0,0.0,0.0,0.0,800.974696839492,0.0,0.0,1.0,0.0,64,0
43193,0.0024518966674804688,1,1,74,138,74.0,0.0,138.0,0.0,0.0,0.0,815.6950602878258,0.0,0.0,1.0,0.0,64,0
38838,0.007524967193603516,1,1,77,125,77.0,0.0,125.0,0.0,0.0,0.0,265.7818896140929,0.0,0.0,1.0,0.0,64,0
