sport,dur,pkts_fwd,pkts_bwd,bytes_fwd,bytes_bwd,pktlen_fwd_mean,pktlen_fwd_std,pktlen_bwd_mean,pktlen_bwd_std,iat_fwd_mean,iat_fwd_std,pps,payload_entropy_fwd,iat_cv_fwd,small_pkt_ratio_fwd,small_pkt_ratio_bwd,ttl_fwd_first,label
46310,0.010978937149047852,1,1,74,138,74.0,0.0,138.0,0.0,0.0,0.0,182.16699602597234,0.0,0.0,1.0,0.0,64,1
44892,0.01098012924194336,1,1,74,138,74.0,0.0,138.0,0.0,0.0,0.0,182.1472184826508,0.0,0.0,1.0,0.0,64,1
55829,0.006361961364746094,1,1,74,138,74.0,0.0,138.0,0.0,0.0,0.0,314.3684605006746,0.0,0.0,1.0,0.0,64,1
50174,0.0062901973724365234,1,1,74,138,74.0,0.0,138.0,0.0,0.0,0.0,317.9550468104461,0.0,0.0,1.0,0.0,64,1
56146,0.02325296401977539,1,1,74,138,74.0,0.0,138.0,0.0,0.0,0.0,86.01054034656003,0.0,0.0,1.0,0.0,64,1
51096,0.0025568008422851562,1,1,74,138,74.0,0.0,138.0,0.0,0.0,0.0,782.2275270421485,0.0,0.0,1.0,0.0,64,1
44478,0.011375904083251953,1,1,74,138,74.0,0.0,138.0,0.0,0.0,0.0,175.81020245630214,0.0,0.0,1.0,0.0,64,1
54526,0.007283926010131836,1,1,74,138,74.0,0.0,138.0,0.0,0.0,0.0,274.5771987823639,0.0,0.0,1.0,0.0,64,1
46414,0.002763986587524414,1,1,77,125,77.0,0.0,125.0,0.0,0.0,0.0,723.592512723195,0.0,0.0,1.0,0.0,64,1
