sport,dur,pkts_fwd,pkts_bwd,bytes_fwd,bytes_bwd,pktlen_fwd_mean,pktlen_fwd_std,pktlen_bwd_mean,pktlen_bwd_std,iat_fwd_mean,iat_fwd_std,pps,payload_entropy_fwd,iat_cv_fwd,small_pkt_ratio_fwd,small_pkt_ratio_bwd,ttl_fwd_first,label
59261,0.0026319026947021484,1,1,74,138,74.0,0.0,138.0,0.0,0.0,0.0,759.9065132711296,0.0,0.0,1.0,0.0,64,1
53211,0.003325939178466797,1,1,74,138,74.0,0.0,138.0,0.0,0.0,0.0,601.3339068100358,0.0,0.0,1.0,0.0,64,1
41066,0.012776851654052734,1,1,74,138,74.0,0.0,138.0,0.0,0.0,0.0,156.53308453069602,0.0,0.0,1.0,0.0,64,1
42573,0.010879993438720703,1,1,74,138,74.0,0.0,138.0,0.0,0.0,0.0,183.82364026822106,0.0,0.0,1.0,0.0,64,1
51651,0.02126598358154297,1,1,74,138,74.0,0.0,138.0,0.0,0.0,0.0,94.04690793309118,0.0,0.0,1.0,0.0,64,1
45918,0.0017809867858886719,1,1,74,138,74.0,0.0,138.0,0.0,0.0,0.0,1122.9729585006694,0.0,0.0,1.0,0.0,64,1
39997,0.004640102386474609,1,1,74,138,74.0,0.0,138.0,0.0,0.0,0.0,431.02497173980066,0.0,0.0,1.0,0.0,64,1
48597,0.006554126739501953,1,1,74,138,74.0,0.0,138.0,0.0,0.0,0.0,305.15125500181887,0.0,0.0,1.0,0.0,64,1
34179,0.0025360584259033203,1,1,77,125,77.0,0.0,125.0,0.0,0.0,0.0,788.6253642944439,0.0,0.0,1.0,0.0,64,1
