sport,dur,pkts_fwd,pkts_bwd,bytes_fwd,bytes_bwd,pktlen_fwd_mean,pktlen_fwd_std,pktlen_bwd_mean,pktlen_bwd_std,iat_fwd_mean,iat_fwd_std,pps,payload_entropy_fwd,iat_cv_fwd,small_pkt_ratio_fwd,small_pkt_ratio_bwd,ttl_fwd_first,label
47693,0.0025529861450195312,1,1,74,138,74.0,0.0,138.0,0.0,0.0,0.0,783.3963391856556,0.0,0.0,1.0,0.0,64,1
59870,0.0013849735260009766,1,1,74,138,74.0,0.0,138.0,0.0,0.0,0.0,1444.0709244276122,0.0,0.0,1.0,0.0,64,1
37336,0.041602134704589844,1,1,74,138,74.0,0.0,138.0,0.0,0.0,0.0,48.07445613552484,0.0,0.0,1.0,0.0,64,1
35488,0.01172184944152832,1,1,74,138,74.0,0.0,138.0,0.0,0.0,0.0,170.6215397132106,0.0,0.0,1.0,0.0,64,1
46347,0.002424955368041992,1,1,74,138,74.0,0.0,138.0,0.0,0.0,0.0,824.757447645266,0.0,0.0,1.0,0.0,64,1
38968,0.0025491714477539062,1,1,74,138,74.0,0.0,138.0,0.0,0.0,0.0,784.5686494575383,0.0,0.0,1.0,0.0,64,1
57142,0.01437997817993164,1,1,74,138,74.0,0.0,138.0,0.0,0.0,0.0,139.08226945651091,0.0,0.0,1.0,0.0,64,1
49465,0.17032289505004883,1,1,74,138,74.0,0.0,138.0,0.0,0.0,0.0,11.742402566679639,0.0,0.0,1.0,0.0,64,1
37800,0.0034379959106445312,1,1,77,125,77.0,0.0,125.0,0.0,0.0,0.0,581.7342579750347,0.0,0.0,1.0,0.0,64,1
