sport,dur,pkts_fwd,pkts_bwd,bytes_fwd,bytes_bwd,pktlen_fwd_mean,pktlen_fwd_std,pktlen_bwd_mean,pktlen_bwd_std,iat_fwd_mean,iat_fwd_std,pps,payload_entropy_fwd,iat_cv_fwd,small_pkt_ratio_fwd,small_pkt_ratio_bwd,ttl_fwd_first,label
45568,0.0022079944610595703,1,1,74,138,74.0,0.0,138.0,0.0,0.0,0.0,905.7993737177411,0.0,0.0,1.0,0.0,64,1
53569,0.0018460750579833984,1,1,74,138,74.0,0.0,138.0,0.0,0.0,0.0,1083.379568642645,0.0,0.0,1.0,0.0,64,1
42882,0.05175209045410156,1,1,74,138,74.0,0.0,138.0,0.0,0.0,0.0,38.6457818892124,0.0,0.0,1.0,0.0,64,1
49638,0.019229888916015625,1,1,74,138,74.0,0.0,138.0,0.0,0.0,0.0,104.00476096012696,0.0,0.0,1.0,0.0,64,1
56135,0.0025510787963867188,1,1,74,138,74.0,0.0,138.0,0.0,0.0,0.0,783.9820560747663,0.0,0.0,1.0,0.0,64,1
48133,0.002067089080810547,1,1,74,138,74.0,0.0,138.0,0.0,0.0,0.0,967.5441753171857,0.0,0.0,1.0,0.0,64,1
37309,0.041502952575683594,1,1,74,138,74.0,0.0,138.0,0.0,0.0,0.0,48.18934258599692,0.0,0.0,1.0,0.0,64,1
43742,0.28689002990722656,1,1,74,138,74.0,0.0,138.0,0.0,0.0,0.0,6.971312320078717,0.0,0.0,1.0,0.0,64,1
50645,0.002710103988647461,1,1,77,125,77.0,0.0,125.0,0.0,0.0,0.0,737.9790621975895,0.0,0.0,1.0,0.0,64,1
