sport,dur,pkts_fwd,pkts_bwd,bytes_fwd,bytes_bwd,pktlen_fwd_mean,pktlen_fwd_std,pktlen_bwd_mean,pktlen_bwd_std,iat_fwd_mean,iat_fwd_std,pps,payload_entropy_fwd,iat_cv_fwd,small_pkt_ratio_fwd,small_pkt_ratio_bwd,ttl_fwd_first,label
34925,0.017043113708496094,1,1,74,138,74.0,0.0,138.0,0.0,0.0,0.0,117.3494488277097,0.0,0.0,1.0,0.0,64,1
59366,0.01057291030883789,1,1,74,138,74.0,0.0,138.0,0.0,0.0,0.0,189.16267532584675,0.0,0.0,1.0,0.0,64,1
53480,0.017832040786743164,1,1,74,138,74.0,0.0,138.0,0.0,0.0,0.0,112.15766181327129,0.0,0.0,1.0,0.0,64,1
54304,0.010724067687988281,1,1,74,138,74.0,0.0,138.0,0.0,0.0,0.0,186.49639839928858,0.0,0.0,1.0,0.0,64,1
50546,0.022791147232055664,1,1,74,138,74.0,0.0,138.0,0.0,0.0,0.0,87.75337106273471,0.0,0.0,1.0,0.0,64,1
48371,0.011279106140136719,1,1,74,138,74.0,0.0,138.0,0.0,0.0,0.0,177.3190158112793,0.0,0.0,1.0,0.0,64,1
33104,0.0020110607147216797,1,1,74,138,74.0,0.0,138.0,0.0,0.0,0.0,994.5000592768228,0.0,0.0,1.0,0.0,64,1
37166,0.01778578758239746,1,1,74,138,74.0,0.0,138.0,0.0,0.0,0.0,112.44933578198099,0.0,0.0,1.0,0.0,64,1
55588,0.0031311511993408203,1,1,77,125,77.0,0.0,125.0,0.0,0.0,0.0,638.7427092058174,0.0,0.0,1.0,0.0,64,1
