sport,dur,pkts_fwd,pkts_bwd,bytes_fwd,bytes_bwd,pktlen_fwd_mean,pktlen_fwd_std,pktlen_bwd_mean,pktlen_bwd_std,iat_fwd_mean,iat_fwd_std,pps,payload_entropy_fwd,iat_cv_fwd,small_pkt_ratio_fwd,small_pkt_ratio_bwd,ttl_fwd_first,label
55423,0.01667308807373047,1,1,74,138,74.0,0.0,138.0,0.0,0.0,0.0,119.95378367557055,0.0,0.0,1.0,0.0,64,1
51008,0.007500886917114258,1,1,74,138,74.0,0.0,138.0,0.0,0.0,0.0,266.6351355646674,0.0,0.0,1.0,0.0,64,1
53413,0.022482872009277344,1,1,74,138,74.0,0.0,138.0,0.0,0.0,0.0,88.9566065747614,0.0,0.0,1.0,0.0,64,1
48741,0.016982078552246094,1,1,74,138,74.0,0.0,138.0,0.0,0.0,0.0,117.7712135676981,0.0,0.0,1.0,0.0,64,1
50710,0.006729841232299805,1,1,74,138,74.0,0.0,138.0,0.0,0.0,0.0,297.18383108371415,0.0,0.0,1.0,0.0,64,1
38079,0.022269010543823242,1,1,74,138,74.0,0.0,138.0,0.0,0.0,0.0,89.81090543130307,0.0,0.0,1.0,0.0,64,1
59272,0.02076578140258789,1,1,74,138,74.0,0.0,138.0,0.0,0.0,0.0,96.31229190107695,0.0,0.0,1.0,0.0,64,1
44638,0.014515161514282227,1,1,74,138,74.0,0.0,138.0,0.0,0.0,0.0,137.78696144938488,0.0,0.0,1.0,0.0,64,1
36151,0.003473043441772461,1,1,77,125,77.0,0.0,125.0,0.0,0.0,0.0,575.8638017436672,0.0,0.0,1.0,0.0,64,1
