sport,dur,pkts_fwd,pkts_bwd,bytes_fwd,bytes_bwd,pktlen_fwd_mean,pktlen_fwd_std,pktlen_bwd_mean,pktlen_bwd_std,iat_fwd_mean,iat_fwd_std,pps,payload_entropy_fwd,iat_cv_fwd,small_pkt_ratio_fwd,small_pkt_ratio_bwd,ttl_fwd_first,label
38723,0.017550945281982422,1,1,74,138,74.0,0.0,138.0,0.0,0.0,0.0,113.95397614584182,0.0,0.0,1.0,0.0,64,1
37614,0.005103111267089844,1,1,74,138,74.0,0.0,138.0,0.0,0.0,0.0,391.9177723789946,0.0,0.0,1.0,0.0,64,1
48869,0.02189016342163086,1,1,74,138,74.0,0.0,138.0,0.0,0.0,0.0,91.36523841679919,0.0,0.0,1.0,0.0,64,1
49138,0.011725902557373047,1,1,74,138,74.0,0.0,138.0,0.0,0.0,0.0,170.56256353950633,0.0,0.0,1.0,0.0,64,1
57939,0.0021409988403320312,1,1,74,138,74.0,0.0,138.0,0.0,0.0,0.0,934.143429844098,0.0,0.0,1.0,0.0,64,1
56273,0.011340856552124023,1,1,74,138,74.0,0.0,138.0,0.0,0.0,0.0,176.35352239998318,0.0,0.0,1.0,0.0,64,1
53830,0.2602250576019287,1,1,74,138,74.0,0.0,138.0,0.0,0.0,0.0,7.685654942036514,0.0,0.0,1.0,0.0,64,1
37913,0.0067539215087890625,1,1,74,138,74.0,0.0,138.0,0.0,0.0,0.0,296.1242586839876,0.0,0.0,1.0,0.0,64,1
43130,0.0027370452880859375,1,1,77,125,77.0,0.0,125.0,0.0,0.0,0.0,730.7149825783972,0.0,0.0,1.0,0.0,64,1
