sport,dur,pkts_fwd,pkts_bwd,bytes_fwd,bytes_bwd,pktlen_fwd_mean,pktlen_fwd_std,pktlen_bwd_mean,pktlen_bwd_std,iat_fwd_mean,iat_fwd_std,pps,payload_entropy_fwd,iat_cv_fwd,small_pkt_ratio_fwd,small_pkt_ratio_bwd,ttl_fwd_first,label
60356,0.002477884292602539,1,1,74,138,74.0,0.0,138.0,0.0,0.0,0.0,807.1401905128452,0.0,0.0,1.0,0.0,64,1
32903,0.002117156982421875,1,1,74,138,74.0,0.0,138.0,0.0,0.0,0.0,944.6630630630631,0.0,0.0,1.0,0.0,64,1
45906,0.012852907180786133,1,1,74,138,74.0,0.0,138.0,0.0,0.0,0.0,155.60681889851415,0.0,0.0,1.0,0.0,64,1
41553,0.017956972122192383,1,1,74,138,74.0,0.0,138.0,0.0,0.0,0.0,111.3773517267018,0.0,0.0,1.0,0.0,64,1
34919,0.0033121109008789062,1,1,74,138,74.0,0.0,138.0,0.0,0.0,0.0,603.8445148286784,0.0,0.0,1.0,0.0,64,1
58845,0.0024328231811523438,1,1,74,138,74.0,0.0,138.0,0.0,0.0,0.0,822.0901607212858,0.0,0.0,1.0,0.0,64,1
42163,0.0023589134216308594,1,1,74,138,74.0,0.0,138.0,0.0,0.0,0.0,847.847988680008,0.0,0.0,1.0,0.0,64,1
47435,0.021131038665771484,1,1,74,138,74.0,0.0,138.0,0.0,0.0,0.0,94.6475008462146,0.0,0.0,1.0,0.0,64,1
46244,0.0023980140686035156,1,1,77,125,77.0,0.0,125.0,0.0,0.0,0.0,834.0234639093259,0.0,0.0,1.0,0.0,64,1
