sport,dur,pkts_fwd,pkts_bwd,bytes_fwd,bytes_bwd,pktlen_fwd_mean,pktlen_fwd_std,pktlen_bwd_mean,pktlen_bwd_std,iat_fwd_mean,iat_fwd_std,pps,payload_entropy_fwd,iat_cv_fwd,small_pkt_ratio_fwd,small_pkt_ratio_bwd,ttl_fwd_first,label
53125,0.017410993576049805,1,1,74,138,74.0,0.0,138.0,0.0,0.0,0.0,114.86995220945677,0.0,0.0,1.0,0.0,64,1
49985,0.012130022048950195,1,1,74,138,74.0,0.0,138.0,0.0,0.0,0.0,164.880161959235,0.0,0.0,1.0,0.0,64,1
40163,0.011099815368652344,1,1,74,138,74.0,0.0,138.0,0.0,0.0,0.0,180.18317724890454,0.0,0.0,1.0,0.0,64,1
60719,0.0187070369720459,1,1,74,138,74.0,0.0,138.0,0.0,0.0,0.0,106.9116398812179,0.0,0.0,1.0,0.0,64,1
57691,0.018558025360107422,1,1,74,138,74.0,0.0,138.0,0.0,0.0,0.0,107.77008659009738,0.0,0.0,1.0,0.0,64,1
47965,0.0024099349975585938,1,1,74,138,74.0,0.0,138.0,0.0,0.0,0.0,829.8979026513653,0.0,0.0,1.0,0.0,64,1
34479,0.011715173721313477,1,1,74,138,74.0,0.0,138.0,0.0,0.0,0.0,170.71876589942406,0.0,0.0,1.0,0.0,64,1
42426,0.13794803619384766,1,1,74,138,74.0,0.0,138.0,0.0,0.0,0.0,14.498212915402112,0.0,0.0,1.0,0.0,64,1
50703,0.011445999145507812,1,1,77,125,77.0,0.0,125.0,0.0,0.0,0.0,174.73354440926514,0.0,0.0,1.0,0.0,64,1
