sport,dur,pkts_fwd,pkts_bwd,bytes_fwd,bytes_bwd,pktlen_fwd_mean,pktlen_fwd_std,pktlen_bwd_mean,pktlen_bwd_std,iat_fwd_mean,iat_fwd_std,pps,payload_entropy_fwd,iat_cv_fwd,small_pkt_ratio_fwd,small_pkt_ratio_bwd,ttl_fwd_first,label
52619,0.0023500919342041016,1,1,74,138,74.0,0.0,138.0,0.0,0.0,0.0,851.0305366744445,0.0,0.0,1.0,0.0,64,1
40004,0.0064928531646728516,1,1,74,138,74.0,0.0,138.0,0.0,0.0,0.0,308.0309918114053,0.0,0.0,1.0,0.0,64,1
37886,0.01376199722290039,1,1,74,138,74.0,0.0,138.0,0.0,0.0,0.0,145.32774332143723,0.0,0.0,1.0,0.0,64,1
34321,0.024583816528320312,1,1,74,138,74.0,0.0,138.0,0.0,0.0,0.0,81.35433315230041,0.0,0.0,1.0,0.0,64,1
33936,0.017756938934326172,1,1,74,138,74.0,0.0,138.0,0.0,0.0,0.0,112.63202556459626,0.0,0.0,1.0,0.0,64,1
39829,0.010428905487060547,1,1,74,138,74.0,0.0,138.0,0.0,0.0,0.0,191.77467879840884,0.0,0.0,1.0,0.0,64,1
58836,0.01842808723449707,1,1,74,138,74.0,0.0,138.0,0.0,0.0,0.0,108.52998331026096,0.0,0.0,1.0,0.0,64,1
38269,0.0025091171264648438,1,1,74,138,74.0,0.0,138.0,0.0,0.0,0.0,797.093120486507,0.0,0.0,1.0,0.0,64,1
47845,0.0024170875549316406,1,1,77,125,77.0,0.0,125.0,0.0,0.0,0.0,827.4420990333399,0.0,0.0,1.0,0.0,64,1
