sport,dur,pkts_fwd,pkts_bwd,bytes_fwd,bytes_bwd,pktlen_fwd_mean,pktlen_fwd_std,pktlen_bwd_mean,pktlen_bwd_std,iat_fwd_mean,iat_fwd_std,pps,payload_entropy_fwd,iat_cv_fwd,small_pkt_ratio_fwd,small_pkt_ratio_bwd,ttl_fwd_first,label
54939,0.002689838409423828,1,1,74,138,74.0,0.0,138.0,0.0,0.0,0.0,743.53908881404,0.0,0.0,1.0,0.0,64,1
47758,0.012398958206176758,1,1,74,138,74.0,0.0,138.0,0.0,0.0,0.0,161.30387462743968,0.0,0.0,1.0,0.0,64,1
55808,0.019149065017700195,1,1,74,138,74.0,0.0,138.0,0.0,0.0,0.0,104.44374167361829,0.0,0.0,1.0,0.0,64,1
53441,0.011660099029541016,1,1,74,138,74.0,0.0,138.0,0.0,0.0,0.0,171.5251298409193,0.0,0.0,1.0,0.0,64,1
52286,0.003142118453979492,1,1,74,138,74.0,0.0,138.0,0.0,0.0,0.0,636.513240761818,0.0,0.0,1.0,0.0,64,1
51869,0.020429134368896484,1,1,74,138,74.0,0.0,138.0,0.0,0.0,0.0,97.899400135378,0.0,0.0,1.0,0.0,64,1
54190,0.005677938461303711,1,1,74,138,74.0,0.0,138.0,0.0,0.0,0.0,352.24052068024355,0.0,0.0,1.0,0.0,64,1
55104,0.004526853561401367,1,1,74,138,74.0,0.0,138.0,0.0,0.0,0.0,441.8079738768631,0.0,0.0,1.0,0.0,64,1
45838,0.005869150161743164,1,1,77,125,77.0,0.0,125.0,0.0,0.0,0.0,340.7648373075517,0.0,0.0,1.0,0.0,64,1
