sport,dur,pkts_fwd,pkts_bwd,bytes_fwd,bytes_bwd,pktlen_fwd_mean,pktlen_fwd_std,pktlen_bwd_mean,pktlen_bwd_std,iat_fwd_mean,iat_fwd_std,pps,payload_entropy_fwd,iat_cv_fwd,small_pkt_ratio_fwd,small_pkt_ratio_bwd,ttl_fwd_first,label
54666,0.006434917449951172,1,1,74,138,74.0,0.0,138.0,0.0,0.0,0.0,310.8042978881067,0.0,0.0,1.0,0.0,64,1
54459,0.0396268367767334,1,1,74,138,74.0,0.0,138.0,0.0,0.0,0.0,50.47084659490876,0.0,0.0,1.0,0.0,64,1
34707,0.020941972732543945,1,1,74,138,74.0,0.0,138.0,0.0,0.0,0.0,95.50198663433405,0.0,0.0,1.0,0.0,64,1
48050,0.17155098915100098,1,1,74,138,74.0,0.0,138.0,0.0,0.0,0.0,11.658341405653914,0.0,0.0,1.0,0.0,64,1
47466,0.01579117774963379,1,1,74,138,74.0,0.0,138.0,0.0,0.0,0.0,126.65299775036613,0.0,0.0,1.0,0.0,64,1
33764,0.002198934555053711,1,1,74,138,74.0,0.0,138.0,0.0,0.0,0.0,909.5313889190069,0.0,0.0,1.0,0.0,64,1
51089,0.02226996421813965,1,1,74,138,74.0,0.0,138.0,0.0,0.0,0.0,89.80705942809425,0.0,0.0,1.0,0.0,64,1
49131,0.0031311511993408203,1,1,74,138,74.0,0.0,138.0,0.0,0.0,0.0,638.7427092058174,0.0,0.0,1.0,0.0,64,1
38834,0.013647079467773438,1,1,77,125,77.0,0.0,125.0,0.0,0.0,0.0,146.55150244584206,0.0,0.0,1.0,0.0,64,1
