sport,dur,pkts_fwd,pkts_bwd,bytes_fwd,bytes_bwd,pktlen_fwd_mean,pktlen_fwd_std,pktlen_bwd_mean,pktlen_bwd_std,iat_fwd_mean,iat_fwd_std,pps,payload_entropy_fwd,iat_cv_fwd,small_pkt_ratio_fwd,small_pkt_ratio_bwd,ttl_fwd_first,label
46118,0.0023717880249023438,1,1,74,138,74.0,0.0,138.0,0.0,0.0,0.0,843.2456775231202,0.0,0.0,1.0,0.0,64,1
33314,0.0024318695068359375,1,1,74,138,74.0,0.0,138.0,0.0,0.0,0.0,822.4125490196078,0.0,0.0,1.0,0.0,64,1
37099,0.13231396675109863,1,1,74,138,74.0,0.0,138.0,0.0,0.0,0.0,15.115562242663952,0.0,0.0,1.0,0.0,64,1
43063,0.012605905532836914,1,1,74,138,74.0,0.0,138.0,0.0,0.0,0.0,158.65579785523803,0.0,0.0,1.0,0.0,64,1
54978,0.0023970603942871094,1,1,74,138,74.0,0.0,138.0,0.0,0.0,0.0,834.355281480008,0.0,0.0,1.0,0.0,64,1
39028,0.0020558834075927734,1,1,74,138,74.0,0.0,138.0,0.0,0.0,0.0,972.8178128261626,0.0,0.0,1.0,0.0,64,1
39620,0.004435062408447266,1,1,74,138,74.0,0.0,138.0,0.0,0.0,0.0,450.9519406515428,0.0,0.0,1.0,0.0,64,1
49893,0.003072977066040039,1,1,74,138,74.0,0.0,138.0,0.0,0.0,0.0,650.8346652184033,0.0,0.0,1.0,0.0,64,1
33890,0.007478952407836914,1,1,77,125,77.0,0.0,125.0,0.0,0.0,0.0,267.41713156300807,0.0,0.0,1.0,0.0,64,1
