sport,dur,pkts_fwd,pkts_bwd,bytes_fwd,bytes_bwd,pktlen_fwd_mean,pktlen_fwd_std,pktlen_bwd_mean,pktlen_bwd_std,iat_fwd_mean,iat_fwd_std,pps,payload_entropy_fwd,iat_cv_fwd,small_pkt_ratio_fwd,small_pkt_ratio_bwd,ttl_fwd_first,label
53464,0.016494035720825195,1,1,74,138,74.0,0.0,138.0,0.0,0.0,0.0,121.25595177866755,0.0,0.0,1.0,0.0,64,1
35358,0.021808862686157227,1,1,74,138,74.0,0.0,138.0,0.0,0.0,0.0,91.70583669498103,0.0,0.0,1.0,0.0,64,1
44298,0.020849943161010742,1,1,74,138,74.0,0.0,138.0,0.0,0.0,0.0,95.9235228871025,0.0,0.0,1.0,0.0,64,1
54169,0.01371002197265625,1,1,74,138,74.0,0.0,138.0,0.0,0.0,0.0,145.87868670005565,0.0,0.0,1.0,0.0,64,1
47321,0.01069498062133789,1,1,74,138,74.0,0.0,138.0,0.0,0.0,0.0,187.00361139596058,0.0,0.0,1.0,0.0,64,1
49504,0.008172988891601562,1,1,74,138,74.0,0.0,138.0,0.0,0.0,0.0,244.70851808634774,0.0,0.0,1.0,0.0,64,1
48223,0.015703916549682617,1,1,74,138,74.0,0.0,138.0,0.0,0.0,0.0,127.35676438884418,0.0,0.0,1.0,0.0,64,1
52942,0.19341397285461426,1,1,74,138,74.0,0.0,138.0,0.0,0.0,0.0,10.340514547536664,0.0,0.0,1.0,0.0,64,1
43673,0.0025229454040527344,1,1,77,125,77.0,0.0,125.0,0.0,0.0,0.0,792.7242487242487,0.0,0.0,1.0,0.0,64,1
