sport,dur,pkts_fwd,pkts_bwd,bytes_fwd,bytes_bwd,pktlen_fwd_mean,pktlen_fwd_std,pktlen_bwd_mean,pktlen_bwd_std,iat_fwd_mean,iat_fwd_std,pps,payload_entropy_fwd,iat_cv_fwd,small_pkt_ratio_fwd,small_pkt_ratio_bwd,ttl_fwd_first,label
41179,0.0016970634460449219,1,1,74,138,74.0,0.0,138.0,0.0,0.0,0.0,1178.506322000562,0.0,0.0,1.0,0.0,64,1
53260,0.0019390583038330078,1,1,74,138,74.0,0.0,138.0,0.0,0.0,0.0,1031.4285011680806,0.0,0.0,1.0,0.0,64,1
56669,0.005979061126708984,1,1,74,138,74.0,0.0,138.0,0.0,0.0,0.0,334.5006778849988,0.0,0.0,1.0,0.0,64,1
60713,0.01731705665588379,1,1,74,138,74.0,0.0,138.0,0.0,0.0,0.0,115.49306788925145,0.0,0.0,1.0,0.0,64,1
56776,0.0023088455200195312,1,1,74,138,74.0,0.0,138.0,0.0,0.0,0.0,866.2337876910368,0.0,0.0,1.0,0.0,64,1
35850,0.0023741722106933594,1,1,74,138,74.0,0.0,138.0,0.0,0.0,0.0,842.3988752761599,0.0,0.0,1.0,0.0,64,1
39278,0.003879070281982422,1,1,74,138,74.0,0.0,138.0,0.0,0.0,0.0,515.5874615857406,0.0,0.0,1.0,0.0,64,1
40740,0.01075291633605957,1,1,74,138,74.0,0.0,138.0,0.0,0.0,0.0,185.9960533025875,0.0,0.0,1.0,0.0,64,1
34387,0.002557039260864258,1,1,77,125,77.0,0.0,125.0,0.0,0.0,0.0,782.1545920745921,0.0,0.0,1.0,0.0,64,1
