sport,dur,pkts_fwd,pkts_bwd,bytes_fwd,bytes_bwd,pktlen_fwd_mean,pktlen_fwd_std,pktlen_bwd_mean,pktlen_bwd_std,iat_fwd_mean,iat_fwd_std,pps,payload_entropy_fwd,iat_cv_fwd,small_pkt_ratio_fwd,small_pkt_ratio_bwd,ttl_fwd_first,label
51025,0.01413106918334961,1,1,74,138,74.0,0.0,138.0,0.0,0.0,0.0,141.53210730555088,0.0,0.0,1.0,0.0,64,1
47970,0.0018758773803710938,1,1,74,138,74.0,0.0,138.0,0.0,0.0,0.0,1066.1677681748856,0.0,0.0,1.0,0.0,64,1
40769,0.016395092010498047,1,1,74,138,74.0,0.0,138.0,0.0,0.0,0.0,121.9877264927435,0.0,0.0,1.0,0.0,64,1
45917,0.1383199691772461,1,1,74,138,74.0,0.0,138.0,0.0,0.0,0.0,14.459228207585546,0.0,0.0,1.0,0.0,64,1
51644,0.0024328231811523438,1,1,74,138,74.0,0.0,138.0,0.0,0.0,0.0,822.0901607212858,0.0,0.0,1.0,0.0,64,1
59716,0.002048015594482422,1,1,74,138,74.0,0.0,138.0,0.0,0.0,0.0,976.5550640279395,0.0,0.0,1.0,0.0,64,1
58334,0.015494108200073242,1,1,74,138,74.0,0.0,138.0,0.0,0.0,0.0,129.0813239570991,0.0,0.0,1.0,0.0,64,1
42320,0.00541996955871582,1,1,74,138,74.0,0.0,138.0,0.0,0.0,0.0,369.00576254783795,0.0,0.0,1.0,0.0,64,1
50199,0.002043008804321289,1,1,77,125,77.0,0.0,125.0,0.0,0.0,0.0,978.9483020189053,0.0,0.0,1.0,0.0,64,1
