sport,dur,pkts_fwd,pkts_bwd,bytes_fwd,bytes_bwd,pktlen_fwd_mean,pktlen_fwd_std,pktlen_bwd_mean,pktlen_bwd_std,iat_fwd_mean,iat_fwd_std,pps,payload_entropy_fwd,iat_cv_fwd,small_pkt_ratio_fwd,small_pkt_ratio_bwd,ttl_fwd_first,label
39198,0.0033500194549560547,1,1,74,138,74.0,0.0,138.0,0.0,0.0,0.0,597.0114582591987,0.0,0.0,1.0,0.0,64,1
54382,0.019381046295166016,1,1,74,138,74.0,0.0,138.0,0.0,0.0,0.0,103.19360314921884,0.0,0.0,1.0,0.0,64,1
42927,0.017414093017578125,1,1,74,138,74.0,0.0,138.0,0.0,0.0,0.0,114.84950711938664,0.0,0.0,1.0,0.0,64,1
54137,0.01954507827758789,1,1,74,138,74.0,0.0,138.0,0.0,0.0,0.0,102.32755129424967,0.0,0.0,1.0,0.0,64,1
39014,0.029573917388916016,1,1,74,138,74.0,0.0,138.0,0.0,0.0,0.0,67.62715854307412,0.0,0.0,1.0,0.0,64,1
59655,0.01621103286743164,1,1,74,138,74.0,0.0,138.0,0.0,0.0,0.0,123.37276818542813,0.0,0.0,1.0,0.0,64,1
33729,0.0055599212646484375,1,1,74,138,74.0,0.0,138.0,0.0,0.0,0.0,359.7173241852487,0.0,0.0,1.0,0.0,64,1
52310,0.002975940704345703,1,1,74,138,74.0,0.0,138.0,0.0,0.0,0.0,672.0564012177535,0.0,0.0,1.0,0.0,64,1
42015,0.016293048858642578,1,1,77,125,77.0,0.0,125.0,0.0,0.0,0.0,122.75173402792005,0.0,0.0,1.0,0.0,64,1
