sport,dur,pkts_fwd,pkts_bwd,bytes_fwd,bytes_bwd,pktlen_fwd_mean,pktlen_fwd_std,pktlen_bwd_mean,pktlen_bwd_std,iat_fwd_mean,iat_fwd_std,pps,payload_entropy_fwd,iat_cv_fwd,small_pkt_ratio_fwd,small_pkt_ratio_bwd,ttl_fwd_first,label
54700,0.0024330615997314453,1,1,74,138,74.0,0.0,138.0,0.0,0.0,0.0,822.0096031357178,0.0,0.0,1.0,0.0,64,1
51206,0.13592195510864258,1,1,74,138,74.0,0.0,138.0,0.0,0.0,0.0,14.714326308810064,0.0,0.0,1.0,0.0,64,1
43802,0.002062082290649414,1,1,74,138,74.0,0.0,138.0,0.0,0.0,0.0,969.8933980807029,0.0,0.0,1.0,0.0,64,1
50601,0.03859090805053711,1,1,74,138,74.0,0.0,138.0,0.0,0.0,0.0,51.8256786645414,0.0,0.0,1.0,0.0,64,1
53879,0.0017108917236328125,1,1,74,138,74.0,0.0,138.0,0.0,0.0,0.0,1168.9810479375697,0.0,0.0,1.0,0.0,64,1
57017,0.002137899398803711,1,1,74,138,74.0,0.0,138.0,0.0,0.0,0.0,935.4977138396342,0.0,0.0,1.0,0.0,64,1
48539,0.0047948360443115234,1,1,74,138,74.0,0.0,138.0,0.0,0.0,0.0,417.1154094774004,0.0,0.0,1.0,0.0,64,1
58031,0.01679706573486328,1,1,74,138,74.0,0.0,138.0,0.0,0.0,0.0,119.06841537500709,0.0,0.0,1.0,0.0,64,1
42104,0.0028798580169677734,1,1,77,125,77.0,0.0,125.0,0.0,0.0,0.0,694.4786820101002,0.0,0.0,1.0,0.0,64,1
