sport,dur,pkts_fwd,pkts_bwd,bytes_fwd,bytes_bwd,pktlen_fwd_mean,pktlen_fwd_std,pktlen_bwd_mean,pktlen_bwd_std,iat_fwd_mean,iat_fwd_std,pps,payload_entropy_fwd,iat_cv_fwd,small_pkt_ratio_fwd,small_pkt_ratio_bwd,ttl_fwd_first,label
44744,0.13782310485839844,1,1,74,138,74.0,0.0,138.0,0.0,0.0,0.0,14.511354986922044,0.0,0.0,1.0,0.0,64,1
56153,0.008856058120727539,1,1,74,138,74.0,0.0,138.0,0.0,0.0,0.0,225.8341095706017,0.0,0.0,1.0,0.0,64,1
33496,0.07335996627807617,1,1,74,138,74.0,0.0,138.0,0.0,0.0,0.0,27.2628260544567,0.0,0.0,1.0,0.0,64,1
40890,0.018299102783203125,1,1,74,138,74.0,0.0,138.0,0.0,0.0,0.0,109.29497602668334,0.0,0.0,1.0,0.0,64,1
56854,0.003072023391723633,1,1,74,138,74.0,0.0,138.0,0.0,0.0,0.0,651.0367093519596,0.0,0.0,1.0,0.0,64,1
38187,0.001931905746459961,1,1,74,138,74.0,0.0,138.0,0.0,0.0,0.0,1035.2471923978774,0.0,0.0,1.0,0.0,64,1
50838,0.006417036056518555,1,1,74,138,74.0,0.0,138.0,0.0,0.0,0.0,311.6703696823333,0.0,0.0,1.0,0.0,64,1
48424,0.0032761096954345703,1,1,74,138,74.0,0.0,138.0,0.0,0.0,0.0,610.4801688377847,0.0,0.0,1.0,0.0,64,1
36443,0.007197856903076172,1,1,77,125,77.0,0.0,125.0,0.0,0.0,0.0,277.86048360384234,0.0,0.0,1.0,0.0,64,1
