sport,dur,pkts_fwd,pkts_bwd,bytes_fwd,bytes_bwd,pktlen_fwd_mean,pktlen_fwd_std,pktlen_bwd_mean,pktlen_bwd_std,iat_fwd_mean,iat_fwd_std,pps,payload_entropy_fwd,iat_cv_fwd,small_pkt_ratio_fwd,small_pkt_ratio_bwd,ttl_fwd_first,label
35152,0.004576921463012695,1,1,74,138,74.0,0.0,138.0,0.0,0.0,0.0,436.9749440016669,0.0,0.0,1.0,0.0,64,1
35695,0.014059066772460938,1,1,74,138,74.0,0.0,138.0,0.0,0.0,0.0,142.2569529236196,0.0,0.0,1.0,0.0,64,1
52593,0.0378420352935791,1,1,74,138,74.0,0.0,138.0,0.0,0.0,0.0,52.85127991885132,0.0,0.0,1.0,0.0,64,1
54448,0.021493911743164062,1,1,74,138,74.0,0.0,138.0,0.0,0.0,0.0,93.04960511136747,0.0,0.0,1.0,0.0,64,1
38926,0.002012014389038086,1,1,74,138,74.0,0.0,138.0,0.0,0.0,0.0,994.0286763834578,0.0,0.0,1.0,0.0,64,1
52143,0.021062135696411133,1,1,74,138,74.0,0.0,138.0,0.0,0.0,0.0,94.95713202250371,0.0,0.0,1.0,0.0,64,1
38764,0.037602901458740234,1,1,74,138,74.0,0.0,138.0,0.0,0.0,0.0,53.18738507969921,0.0,0.0,1.0,0.0,64,1
37369,0.0025339126586914062,1,1,74,138,74.0,0.0,138.0,0.0,0.0,0.0,789.293187805796,0.0,0.0,1.0,0.0,64,1
42603,0.008563041687011719,1,1,77,125,77.0,0.0,125.0,0.0,0.0,0.0,233.56186657756987,0.0,0.0,1.0,0.0,64,1
