sport,dur,pkts_fwd,pkts_bwd,bytes_fwd,bytes_bwd,pktlen_fwd_mean,pktlen_fwd_std,pktlen_bwd_mean,pktlen_bwd_std,iat_fwd_mean,iat_fwd_std,pps,payload_entropy_fwd,iat_cv_fwd,small_pkt_ratio_fwd,small_pkt_ratio_bwd,ttl_fwd_first,label
42000,0.0067598819732666016,1,1,74,138,74.0,0.0,138.0,0.0,0.0,0.0,295.8631538108842,0.0,0.0,1.0,0.0,64,1
60303,0.00580596923828125,1,1,74,138,74.0,0.0,138.0,0.0,0.0,0.0,344.473061760841,0.0,0.0,1.0,0.0,64,1
42137,0.004063844680786133,1,1,74,138,74.0,0.0,138.0,0.0,0.0,0.0,492.1447931944852,0.0,0.0,1.0,0.0,64,1
48297,0.015542984008789062,1,1,74,138,74.0,0.0,138.0,0.0,0.0,0.0,128.67542029696895,0.0,0.0,1.0,0.0,64,1
47630,0.0024428367614746094,1,1,74,138,74.0,0.0,138.0,0.0,0.0,0.0,818.7202810853016,0.0,0.0,1.0,0.0,64,1
51298,0.001961946487426758,1,1,74,138,74.0,0.0,138.0,0.0,0.0,0.0,1019.3957953578806,0.0,0.0,1.0,0.0,64,1
50735,0.0024781227111816406,1,1,74,138,74.0,0.0,138.0,0.0,0.0,0.0,807.0625360785068,0.0,0.0,1.0,0.0,64,1
39804,0.012378931045532227,1,1,74,138,74.0,0.0,138.0,0.0,0.0,0.0,161.5648388898519,0.0,0.0,1.0,0.0,64,1
41315,0.003173828125,1,1,77,125,77.0,0.0,125.0,0.0,0.0,0.0,630.1538461538462,0.0,0.0,1.0,0.0,64,1
