sport,dur,pkts_fwd,pkts_bwd,bytes_fwd,bytes_bwd,pktlen_fwd_mean,pktlen_fwd_std,pktlen_bwd_mean,pktlen_bwd_std,iat_fwd_mean,iat_fwd_std,pps,payload_entropy_fwd,iat_cv_fwd,small_pkt_ratio_fwd,small_pkt_ratio_bwd,ttl_fwd_first,label
46100,0.018811941146850586,1,1,74,138,74.0,0.0,138.0,0.0,0.0,0.0,106.31545061657985,0.0,0.0,1.0,0.0,64,1
54021,0.016041994094848633,1,1,74,138,74.0,0.0,138.0,0.0,0.0,0.0,124.67277996581704,0.0,0.0,1.0,0.0,64,1
44161,0.03785204887390137,1,1,74,138,74.0,0.0,138.0,0.0,0.0,0.0,52.8372983629687,0.0,0.0,1.0,0.0,64,1
45671,0.012389183044433594,1,1,74,138,74.0,0.0,138.0,0.0,0.0,0.0,161.43114463859595,0.0,0.0,1.0,0.0,64,1
34789,0.0032520294189453125,1,1,74,138,74.0,0.0,138.0,0.0,0.0,0.0,615.0005865102639,0.0,0.0,1.0,0.0,64,1
39504,0.020328998565673828,1,1,74,138,74.0,0.0,138.0,0.0,0.0,0.0,98.3816292543335,0.0,0.0,1.0,0.0,64,1
58607,0.02202296257019043,1,1,74,138,74.0,0.0,138.0,0.0,0.0,0.0,90.81430319039525,0.0,0.0,1.0,0.0,64,1
47362,0.0030341148376464844,1,1,74,138,74.0,0.0,138.0,0.0,0.0,0.0,659.1708313688512,0.0,0.0,1.0,0.0,64,1
52374,0.0023889541625976562,1,1,77,125,77.0,0.0,125.0,0.0,0.0,0.0,837.1864271457085,0.0,0.0,1.0,0.0,64,1
