sport,dur,pkts_fwd,pkts_bwd,bytes_fwd,bytes_bwd,pktlen_fwd_mean,pktlen_fwd_std,pktlen_bwd_mean,pktlen_bwd_std,iat_fwd_mean,iat_fwd_std,pps,payload_entropy_fwd,iat_cv_fwd,small_pkt_ratio_fwd,small_pkt_ratio_bwd,ttl_fwd_first,label
49470,0.014250993728637695,1,1,74,138,74.0,0.0,138.0,0.0,0.0,0.0,140.34109045890284,0.0,0.0,1.0,0.0,64,1
60202,0.012689828872680664,1,1,74,138,74.0,0.0,138.0,0.0,0.0,0.0,157.60653828088306,0.0,0.0,1.0,0.0,64,1
44832,0.01758408546447754,1,1,74,138,74.0,0.0,138.0,0.0,0.0,0.0,113.73921060838204,0.0,0.0,1.0,0.0,64,1
47786,0.02634906768798828,1,1,74,138,74.0,0.0,138.0,0.0,0.0,0.0,75.90401389844004,0.0,0.0,1.0,0.0,64,1
47325,0.002473115921020508,1,1,74,138,74.0,0.0,138.0,0.0,0.0,0.0,808.6964234069218,0.0,0.0,1.0,0.0,64,1
40920,0.0022890567779541016,1,1,74,138,74.0,0.0,138.0,0.0,0.0,0.0,873.722320591605,0.0,0.0,1.0,0.0,64,1
52095,0.0062291622161865234,1,1,74,138,74.0,0.0,138.0,0.0,0.0,0.0,321.0704635051862,0.0,0.0,1.0,0.0,64,1
35300,0.0024640560150146484,1,1,74,138,74.0,0.0,138.0,0.0,0.0,0.0,811.6698597000484,0.0,0.0,1.0,0.0,64,1
36716,0.002424001693725586,1,1,77,125,77.0,0.0,125.0,0.0,0.0,0.0,825.081931739943,0.0,0.0,1.0,0.0,64,1
