sport,dur,pkts_fwd,pkts_bwd,bytes_fwd,bytes_bwd,pktlen_fwd_mean,pktlen_fwd_std,pktlen_bwd_mean,pktlen_bwd_std,iat_fwd_mean,iat_fwd_std,pps,payload_entropy_fwd,iat_cv_fwd,small_pkt_ratio_fwd,small_pkt_ratio_bwd,ttl_fwd_first,label
53364,0.07382798194885254,1,1,74,138,74.0,0.0,138.0,0.0,0.0,0.0,27.089999580180653,0.0,0.0,1.0,0.0,64,1
37945,0.01650094985961914,1,1,74,138,74.0,0.0,138.0,0.0,0.0,0.0,121.20514376535183,0.0,0.0,1.0,0.0,64,1
52678,0.006139993667602539,1,1,74,138,74.0,0.0,138.0,0.0,0.0,0.0,325.7332349629169,0.0,0.0,1.0,0.0,64,1
51256,0.05114102363586426,1,1,74,138,74.0,0.0,138.0,0.0,0.0,0.0,39.107547284161846,0.0,0.0,1.0,0.0,64,1
52886,0.02033400535583496,1,1,74,138,74.0,0.0,138.0,0.0,0.0,0.0,98.3574049972446,0.0,0.0,1.0,0.0,64,1
41443,0.0025398731231689453,1,1,74,138,74.0,0.0,138.0,0.0,0.0,0.0,787.4409086642261,0.0,0.0,1.0,0.0,64,1
54139,0.002321004867553711,1,1,74,138,74.0,0.0,138.0,0.0,0.0,0.0,861.6957370313303,0.0,0.0,1.0,0.0,64,1
42698,0.04145097732543945,1,1,74,138,74.0,0.0,138.0,0.0,0.0,0.0,48.249767051271725,0.0,0.0,1.0,0.0,64,1
37636,0.0032100677490234375,1,1,77,125,77.0,0.0,125.0,0.0,0.0,0.0,623.0398098633393,0.0,0.0,1.0,0.0,64,1
