sport,dur,pkts_fwd,pkts_bwd,bytes_fwd,bytes_bwd,pktlen_fwd_mean,pktlen_fwd_std,pktlen_bwd_mean,pktlen_bwd_std,iat_fwd_mean,iat_fwd_std,pps,payload_entropy_fwd,iat_cv_fwd,small_pkt_ratio_fwd,small_pkt_ratio_bwd,ttl_fwd_first,label
53707,0.0032248497009277344,1,1,74,138,74.0,0.0,138.0,0.0,0.0,0.0,620.1839420375572,0.0,0.0,1.0,0.0,64,1
47496,0.001967191696166992,1,1,74,138,74.0,0.0,138.0,0.0,0.0,0.0,1016.6777360319961,0.0,0.0,1.0,0.0,64,1
58778,0.0031380653381347656,1,1,74,138,74.0,0.0,138.0,0.0,0.0,0.0,637.3353593678772,0.0,0.0,1.0,0.0,64,1
45864,0.011511087417602539,1,1,74,138,74.0,0.0,138.0,0.0,0.0,0.0,173.74553136844722,0.0,0.0,1.0,0.0,64,1
39457,0.011994123458862305,1,1,74,138,74.0,0.0,138.0,0.0,0.0,0.0,166.74832528276383,0.0,0.0,1.0,0.0,64,1
57473,0.0017688274383544922,1,1,74,138,74.0,0.0,138.0,0.0,0.0,0.0,1130.6925461652513,0.0,0.0,1.0,0.0,64,1
38983,0.0024971961975097656,1,1,74,138,74.0,0.0,138.0,0.0,0.0,0.0,800.8982241741455,0.0,0.0,1.0,0.0,64,1
52039,0.04293084144592285,1,1,74,138,74.0,0.0,138.0,0.0,0.0,0.0,46.58655485519118,0.0,0.0,1.0,0.0,64,1
51166,0.002604961395263672,1,1,77,125,77.0,0.0,125.0,0.0,0.0,0.0,767.7656965037526,0.0,0.0,1.0,0.0,64,1
