sport,dur,pkts_fwd,pkts_bwd,bytes_fwd,bytes_bwd,pktlen_fwd_mean,pktlen_fwd_std,pktlen_bwd_mean,pktlen_bwd_std,iat_fwd_mean,iat_fwd_std,pps,payload_entropy_fwd,iat_cv_fwd,small_pkt_ratio_fwd,small_pkt_ratio_bwd,ttl_fwd_first,label
59340,0.003248929977416992,1,1,74,138,74.0,0.0,138.0,0.0,0.0,0.0,615.5872899390915,0.0,0.0,1.0,0.0,64,1
60569,0.003353118896484375,1,1,74,138,74.0,0.0,138.0,0.0,0.0,0.0,596.4596131968145,0.0,0.0,1.0,0.0,64,1
48442,0.001775979995727539,1,1,74,138,74.0,0.0,138.0,0.0,0.0,0.0,1126.1388105786011,0.0,0.0,1.0,0.0,64,1
54765,0.002496004104614258,1,1,74,138,74.0,0.0,138.0,0.0,0.0,0.0,801.2807335944216,0.0,0.0,1.0,0.0,64,1
43065,0.002431154251098633,1,1,74,138,74.0,0.0,138.0,0.0,0.0,0.0,822.6545062273218,0.0,0.0,1.0,0.0,64,1
46332,0.0019659996032714844,1,1,74,138,74.0,0.0,138.0,0.0,0.0,0.0,1017.2942032500606,0.0,0.0,1.0,0.0,64,1
33430,0.004141807556152344,1,1,74,138,74.0,0.0,138.0,0.0,0.0,0.0,482.88095786322816,0.0,0.0,1.0,0.0,64,1
54459,0.015514135360717773,1,1,74,138,74.0,0.0,138.0,0.0,0.0,0.0,128.91469318129427,0.0,0.0,1.0,0.0,64,1
50266,0.003201007843017578,1,1,77,125,77.0,0.0,125.0,0.0,0.0,0.0,624.80321763742,0.0,0.0,1.0,0.0,64,1
