sport,dur,pkts_fwd,pkts_bwd,bytes_fwd,bytes_bwd,pktlen_fwd_mean,pktlen_fwd_std,pktlen_bwd_mean,pktlen_bwd_std,iat_fwd_mean,iat_fwd_std,pps,payload_entropy_fwd,iat_cv_fwd,small_pkt_ratio_fwd,small_pkt_ratio_bwd,ttl_fwd_first,label
35333,0.0020678043365478516,1,1,74,138,74.0,0.0,138.0,0.0,0.0,0.0,967.2095007494523,0.0,0.0,1.0,0.0,64,1
52225,0.00875091552734375,1,1,74,138,74.0,0.0,138.0,0.0,0.0,0.0,228.54751525719269,0.0,0.0,1.0,0.0,64,1
51196,0.013945817947387695,1,1,74,138,74.0,0.0,138.0,0.0,0.0,0.0,143.4121689774845,0.0,0.0,1.0,0.0,64,1
59878,0.016057968139648438,1,1,74,138,74.0,0.0,138.0,0.0,0.0,0.0,124.54875875994773,0.0,0.0,1.0,0.0,64,1
58344,0.01632404327392578,1,1,74,138,74.0,0.0,138.0,0.0,0.0,0.0,122.51866565402815,0.0,0.0,1.0,0.0,64,1
33873,0.017714977264404297,1,1,74,138,74.0,0.0,138.0,0.0,0.0,0.0,112.8988183359802,0.0,0.0,1.0,0.0,64,1
44908,0.04639410972595215,1,1,74,138,74.0,0.0,138.0,0.0,0.0,0.0,43.10892076200852,0.0,0.0,1.0,0.0,64,1
42162,0.01833200454711914,1,1,74,138,74.0,0.0,138.0,0.0,0.0,0.0,109.09881649109117,0.0,0.0,1.0,0.0,64,1
37019,0.01256704330444336,1,1,77,125,77.0,0.0,125.0,0.0,0.0,0.0,159.14642382849553,0.0,0.0,1.0,0.0,64,1
