sport,dur,pkts_fwd,pkts_bwd,bytes_fwd,bytes_bwd,pktlen_fwd_mean,pktlen_fwd_std,pktlen_bwd_mean,pktlen_bwd_std,iat_fwd_mean,iat_fwd_std,pps,payload_entropy_fwd,iat_cv_fwd,small_pkt_ratio_fwd,small_pkt_ratio_bwd,ttl_fwd_first,label
47746,0.0025930404663085938,1,1,74,138,74.0,0.0,138.0,0.0,0.0,0.0,771.2953291651343,0.0,0.0,1.0,0.0,64,1
60093,0.011554956436157227,1,1,74,138,74.0,0.0,138.0,0.0,0.0,0.0,173.0858970391004,0.0,0.0,1.0,0.0,64,1
59459,0.006491899490356445,1,1,74,138,74.0,0.0,138.0,0.0,0.0,0.0,308.0762422417276,0.0,0.0,1.0,0.0,64,1
58668,0.04114699363708496,1,1,74,138,74.0,0.0,138.0,0.0,0.0,0.0,48.606224251519556,0.0,0.0,1.0,0.0,64,1
46395,0.006365060806274414,1,1,74,138,74.0,0.0,138.0,0.0,0.0,0.0,314.215380005244,0.0,0.0,1.0,0.0,64,1
41679,0.0023691654205322266,1,1,74,138,74.0,0.0,138.0,0.0,0.0,0.0,844.1791285096106,0.0,0.0,1.0,0.0,64,1
54222,0.0045299530029296875,1,1,74,138,74.0,0.0,138.0,0.0,0.0,0.0,441.50568421052634,0.0,0.0,1.0,0.0,64,1
56809,0.017581939697265625,1,1,74,138,74.0,0.0,138.0,0.0,0.0,0.0,113.75309177695813,0.0,0.0,1.0,0.0,64,1
59037,0.0024521350860595703,1,1,77,125,77.0,0.0,125.0,0.0,0.0,0.0,815.6157510938259,0.0,0.0,1.0,0.0,64,1
