sport,dur,pkts_fwd,pkts_bwd,bytes_fwd,bytes_bwd,pktlen_fwd_mean,pktlen_fwd_std,pktlen_bwd_mean,pktlen_bwd_std,iat_fwd_mean,iat_fwd_std,pps,payload_entropy_fwd,iat_cv_fwd,small_pkt_ratio_fwd,small_pkt_ratio_bwd,ttl_fwd_first,label
59993,0.0023491382598876953,1,1,74,138,74.0,0.0,138.0,0.0,0.0,0.0,851.3760276058053,0.0,0.0,1.0,0.0,64,1
44481,0.0031981468200683594,1,1,74,138,74.0,0.0,138.0,0.0,0.0,0.0,625.3621589384226,0.0,0.0,1.0,0.0,64,1
47624,0.006536960601806641,1,1,74,138,74.0,0.0,138.0,0.0,0.0,0.0,305.9525858924794,0.0,0.0,1.0,0.0,64,1
60340,0.0061380863189697266,1,1,74,138,74.0,0.0,138.0,0.0,0.0,0.0,325.83445329190135,0.0,0.0,1.0,0.0,64,1
48166,0.0020439624786376953,1,1,74,138,74.0,0.0,138.0,0.0,0.0,0.0,978.4915432170769,0.0,0.0,1.0,0.0,64,1
52388,0.0019578933715820312,1,1,74,138,74.0,0.0,138.0,0.0,0.0,0.0,1021.506088650755,0.0,0.0,1.0,0.0,64,1
57889,0.0025501251220703125,1,1,74,138,74.0,0.0,138.0,0.0,0.0,0.0,784.2752430815258,0.0,0.0,1.0,0.0,64,1
56938,0.002496004104614258,1,1,74,138,74.0,0.0,138.0,0.0,0.0,0.0,801.2807335944216,0.0,0.0,1.0,0.0,64,1
50106,0.0021409988403320312,1,1,77,125,77.0,0.0,125.0,0.0,0.0,0.0,934.143429844098,0.0,0.0,1.0,0.0,64,1
