sport,dur,pkts_fwd,pkts_bwd,bytes_fwd,bytes_bwd,pktlen_fwd_mean,pktlen_fwd_std,pktlen_bwd_mean,pktlen_bwd_std,iat_fwd_mean,iat_fwd_std,pps,payload_entropy_fwd,iat_cv_fwd,small_pkt_ratio_fwd,small_pkt_ratio_bwd,ttl_fwd_first,label
39451,0.04168581962585449,1,1,74,138,74.0,0.0,138.0,0.0,0.0,0.0,47.97794592863312,0.0,0.0,1.0,0.0,64,1
36043,0.02202296257019043,1,1,74,138,74.0,0.0,138.0,0.0,0.0,0.0,90.81430319039525,0.0,0.0,1.0,0.0,64,1
49117,0.01285099983215332,1,1,74,138,74.0,0.0,138.0,0.0,0.0,0.0,155.62991410177918,0.0,0.0,1.0,0.0,64,1
49064,0.007176876068115234,1,1,74,138,74.0,0.0,138.0,0.0,0.0,0.0,278.67277921732773,0.0,0.0,1.0,0.0,64,1
56358,0.0049190521240234375,1,1,74,138,74.0,0.0,138.0,0.0,0.0,0.0,406.58239627762697,0.0,0.0,1.0,0.0,64,1
37447,0.016127824783325195,1,1,74,138,74.0,0.0,138.0,0.0,0.0,0.0,124.0092837608101,0.0,0.0,1.0,0.0,64,1
33416,0.006448030471801758,1,1,74,138,74.0,0.0,138.0,0.0,0.0,0.0,310.17223146607506,0.0,0.0,1.0,0.0,64,1
49463,0.0033109188079833984,1,1,74,138,74.0,0.0,138.0,0.0,0.0,0.0,604.0619284222654,0.0,0.0,1.0,0.0,64,1
39099,0.006807088851928711,1,1,77,125,77.0,0.0,125.0,0.0,0.0,0.0,293.81135511891,0.0,0.0,1.0,0.0,64,1
