sport,dur,pkts_fwd,pkts_bwd,bytes_fwd,bytes_bwd,pktlen_fwd_mean,pktlen_fwd_std,pktlen_bwd_mean,pktlen_bwd_std,iat_fwd_mean,iat_fwd_std,pps,payload_entropy_fwd,iat_cv_fwd,small_pkt_ratio_fwd,small_pkt_ratio_bwd,ttl_fwd_first,label
50274,0.015913009643554688,1,1,74,138,74.0,0.0,138.0,0.0,0.0,0.0,125.68332734028527,0.0,0.0,1.0,0.0,64,1
59938,0.012521982192993164,1,1,74,138,74.0,0.0,138.0,0.0,0.0,0.0,159.7191218750595,0.0,0.0,1.0,0.0,64,1
59756,0.04332995414733887,1,1,74,138,74.0,0.0,138.0,0.0,0.0,0.0,46.15744556754466,0.0,0.0,1.0,0.0,64,1
60410,0.053057193756103516,1,1,74,138,74.0,0.0,138.0,0.0,0.0,0.0,37.695171161779115,0.0,0.0,1.0,0.0,64,1
37691,0.011192083358764648,1,1,74,138,74.0,0.0,138.0,0.0,0.0,0.0,178.69773981211256,0.0,0.0,1.0,0.0,64,1
49573,0.002635955810546875,1,1,74,138,74.0,0.0,138.0,0.0,0.0,0.0,758.7380607814761,0.0,0.0,1.0,0.0,64,1
54403,0.07816290855407715,1,1,74,138,74.0,0.0,138.0,0.0,0.0,0.0,25.587584149536816,0.0,0.0,1.0,0.0,64,1
46722,0.00612187385559082,1,1,74,138,74.0,0.0,138.0,0.0,0.0,0.0,326.69735561007906,0.0,0.0,1.0,0.0,64,1
46879,0.0033690929412841797,1,1,77,125,77.0,0.0,125.0,0.0,0.0,0.0,593.6315901210105,0.0,0.0,1.0,0.0,64,1
