sport,dur,pkts_fwd,pkts_bwd,bytes_fwd,bytes_bwd,pktlen_fwd_mean,pktlen_fwd_std,pktlen_bwd_mean,pktlen_bwd_std,iat_fwd_mean,iat_fwd_std,pps,payload_entropy_fwd,iat_cv_fwd,small_pkt_ratio_fwd,small_pkt_ratio_bwd,ttl_fwd_first,label
57032,0.0132598876953125,1,1,74,138,74.0,0.0,138.0,0.0,0.0,0.0,150.83084004602992,0.0,0.0,1.0,0.0,64,1
56544,0.006456851959228516,1,1,74,138,74.0,0.0,138.0,0.0,0.0,0.0,309.7484676168673,0.0,0.0,1.0,0.0,64,1
58944,0.005281925201416016,1,1,74,138,74.0,0.0,138.0,0.0,0.0,0.0,378.64981493184075,0.0,0.0,1.0,0.0,64,1
38022,0.013278007507324219,1,1,74,138,74.0,0.0,138.0,0.0,0.0,0.0,150.62500897795016,0.0,0.0,1.0,0.0,64,1
39145,0.005589962005615234,1,1,74,138,74.0,0.0,138.0,0.0,0.0,0.0,357.78418493559667,0.0,0.0,1.0,0.0,64,1
35030,0.020219802856445312,1,1,74,138,74.0,0.0,138.0,0.0,0.0,0.0,98.91293274219413,0.0,0.0,1.0,0.0,64,1
49142,0.013949155807495117,1,1,74,138,74.0,0.0,138.0,0.0,0.0,0.0,143.37785222281096,0.0,0.0,1.0,0.0,64,1
58977,0.010955810546875,1,1,74,138,74.0,0.0,138.0,0.0,0.0,0.0,182.55153203342618,0.0,0.0,1.0,0.0,64,1
57897,0.013818025588989258,1,1,77,125,77.0,0.0,125.0,0.0,0.0,0.0,144.73847852718396,0.0,0.0,1.0,0.0,64,1
