sport,dur,pkts_fwd,pkts_bwd,bytes_fwd,bytes_bwd,pktlen_fwd_mean,pktlen_fwd_std,pktlen_bwd_mean,pktlen_bwd_std,iat_fwd_mean,iat_fwd_std,pps,payload_entropy_fwd,iat_cv_fwd,small_pkt_ratio_fwd,small_pkt_ratio_bwd,ttl_fwd_first,label
58605,0.002537965774536133,1,1,74,138,74.0,0.0,138.0,0.0,0.0,0.0,788.0326914044152,0.0,0.0,1.0,0.0,64,1
49233,0.0024869441986083984,1,1,74,138,74.0,0.0,138.0,0.0,0.0,0.0,804.1997890902119,0.0,0.0,1.0,0.0,64,1
50703,0.022830963134765625,1,1,74,138,74.0,0.0,138.0,0.0,0.0,0.0,87.60033416875523,0.0,0.0,1.0,0.0,64,1
55738,0.01177215576171875,1,1,74,138,74.0,0.0,138.0,0.0,0.0,0.0,169.89241736876215,0.0,0.0,1.0,0.0,64,1
54301,0.001580953598022461,1,1,74,138,74.0,0.0,138.0,0.0,0.0,0.0,1265.059267078872,0.0,0.0,1.0,0.0,64,1
48926,0.0022161006927490234,1,1,74,138,74.0,0.0,138.0,0.0,0.0,0.0,902.4860677783755,0.0,0.0,1.0,0.0,64,1
44312,0.022094011306762695,1,1,74,138,74.0,0.0,138.0,0.0,0.0,0.0,90.52226742492095,0.0,0.0,1.0,0.0,64,1
59545,0.002727031707763672,1,1,74,138,74.0,0.0,138.0,0.0,0.0,0.0,733.3981465291134,0.0,0.0,1.0,0.0,64,1
60471,0.00836491584777832,1,1,77,125,77.0,0.0,125.0,0.0,0.0,0.0,239.09385777397748,0.0,0.0,1.0,0.0,64,1
