sport,dur,pkts_fwd,pkts_bwd,bytes_fwd,bytes_bwd,pktlen_fwd_mean,pktlen_fwd_std,pktlen_bwd_mean,pktlen_bwd_std,iat_fwd_mean,iat_fwd_std,pps,payload_entropy_fwd,iat_cv_fwd,small_pkt_ratio_fwd,small_pkt_ratio_bwd,ttl_fwd_first,label
59538,0.0032470226287841797,1,1,74,138,74.0,0.0,138.0,0.0,0.0,0.0,615.948894926206,0.0,0.0,1.0,0.0,64,1
44832,0.009943962097167969,1,1,74,138,74.0,0.0,138.0,0.0,0.0,0.0,201.1270739426489,0.0,0.0,1.0,0.0,64,1
55745,0.019309043884277344,1,1,74,138,74.0,0.0,138.0,0.0,0.0,0.0,103.57840667753247,0.0,0.0,1.0,0.0,64,1
36242,0.019567012786865234,1,1,74,138,74.0,0.0,138.0,0.0,0.0,0.0,102.21284269526015,0.0,0.0,1.0,0.0,64,1
47027,0.2860291004180908,1,1,74,138,74.0,0.0,138.0,0.0,0.0,0.0,6.992295528939487,0.0,0.0,1.0,0.0,64,1
53065,0.011420011520385742,1,1,74,138,74.0,0.0,138.0,0.0,0.0,0.0,175.13117184074824,0.0,0.0,1.0,0.0,64,1
54841,0.055031776428222656,1,1,74,138,74.0,0.0,138.0,0.0,0.0,0.0,36.34263928602374,0.0,0.0,1.0,0.0,64,1
55633,0.015650033950805664,1,1,74,138,74.0,0.0,138.0,0.0,0.0,0.0,127.7952499200195,0.0,0.0,1.0,0.0,64,1
39908,0.0020151138305664062,1,1,77,125,77.0,0.0,125.0,0.0,0.0,0.0,992.4997633696166,0.0,0.0,1.0,0.0,64,1
