sport,dur,pkts_fwd,pkts_bwd,bytes_fwd,bytes_bwd,pktlen_fwd_mean,pktlen_fwd_std,pktlen_bwd_mean,pktlen_bwd_std,iat_fwd_mean,iat_fwd_std,pps,payload_entropy_fwd,iat_cv_fwd,small_pkt_ratio_fwd,small_pkt_ratio_bwd,ttl_fwd_first,label
58121,0.001764059066772461,1,1,74,138,74.0,0.0,138.0,0.0,0.0,0.0,1133.7488849844574,0.0,0.0,1.0,0.0,64,1
59904,0.0024650096893310547,1,1,74,138,74.0,0.0,138.0,0.0,0.0,0.0,811.3558371215785,0.0,0.0,1.0,0.0,64,1
43914,0.01844191551208496,1,1,74,138,74.0,0.0,138.0,0.0,0.0,0.0,108.44860441364688,0.0,0.0,1.0,0.0,64,1
55783,0.02148294448852539,1,1,74,138,74.0,0.0,138.0,0.0,0.0,0.0,93.09710785075356,0.0,0.0,1.0,0.0,64,1
45252,0.0020270347595214844,1,1,74,138,74.0,0.0,138.0,0.0,0.0,0.0,986.6629028463891,0.0,0.0,1.0,0.0,64,1
36603,0.0024919509887695312,1,1,74,138,74.0,0.0,138.0,0.0,0.0,0.0,802.584003061615,0.0,0.0,1.0,0.0,64,1
59326,0.014040946960449219,1,1,74,138,74.0,0.0,138.0,0.0,0.0,0.0,142.4405352170074,0.0,0.0,1.0,0.0,64,1
54847,0.003331899642944336,1,1,74,138,74.0,0.0,138.0,0.0,0.0,0.0,600.258175313059,0.0,0.0,1.0,0.0,64,1
47292,0.002248048782348633,1,1,77,125,77.0,0.0,125.0,0.0,0.0,0.0,889.6604093753314,0.0,0.0,1.0,0.0,64,1
