sport,dur,pkts_fwd,pkts_bwd,bytes_fwd,bytes_bwd,pktlen_fwd_mean,pktlen_fwd_std,pktlen_bwd_mean,pktlen_bwd_std,iat_fwd_mean,iat_fwd_std,pps,payload_entropy_fwd,iat_cv_fwd,small_pkt_ratio_fwd,small_pkt_ratio_bwd,ttl_fwd_first,label
48868,0.045680999755859375,1,1,74,138,74.0,0.0,138.0,0.0,0.0,0.0,43.78187891440501,0.0,0.0,1.0,0.0,64,1
59622,0.013092994689941406,1,1,74,138,74.0,0.0,138.0,0.0,0.0,0.0,152.75344161992862,0.0,0.0,1.0,0.0,64,1
48294,0.013854026794433594,1,1,74,138,74.0,0.0,138.0,0.0,0.0,0.0,144.3623597439251,0.0,0.0,1.0,0.0,64,1
48492,0.022935152053833008,1,1,74,138,74.0,0.0,138.0,0.0,0.0,0.0,87.20238676881816,0.0,0.0,1.0,0.0,64,1
35525,0.026566028594970703,1,1,74,138,74.0,0.0,138.0,0.0,0.0,0.0,75.28411681295209,0.0,0.0,1.0,0.0,64,1
57780,0.006701946258544922,1,1,74,138,74.0,0.0,138.0,0.0,0.0,0.0,298.4207755247243,0.0,0.0,1.0,0.0,64,1
44475,0.0024619102478027344,1,1,74,138,74.0,0.0,138.0,0.0,0.0,0.0,812.3773000193686,0.0,0.0,1.0,0.0,64,1
58193,0.018039941787719727,1,1,74,138,74.0,0.0,138.0,0.0,0.0,0.0,110.8651027555673,0.0,0.0,1.0,0.0,64,1
43542,0.0023560523986816406,1,1,77,125,77.0,0.0,125.0,0.0,0.0,0.0,848.8775551507792,0.0,0.0,1.0,0.0,64,1
