sport,dur,pkts_fwd,pkts_bwd,bytes_fwd,bytes_bwd,pktlen_fwd_mean,pktlen_fwd_std,pktlen_bwd_mean,pktlen_bwd_std,iat_fwd_mean,iat_fwd_std,pps,payload_entropy_fwd,iat_cv_fwd,small_pkt_ratio_fwd,small_pkt_ratio_bwd,ttl_fwd_first,label
39850,0.002138853073120117,1,1,74,138,74.0,0.0,138.0,0.0,0.0,0.0,935.0805930219597,0.0,0.0,1.0,0.0,64,1
53001,0.0024747848510742188,1,1,74,138,74.0,0.0,138.0,0.0,0.0,0.0,808.1510597302505,0.0,0.0,1.0,0.0,64,1
45822,0.020839929580688477,1,1,74,138,74.0,0.0,138.0,0.0,0.0,0.0,95.9696141129632,0.0,0.0,1.0,0.0,64,1
48675,0.011554956436157227,1,1,74,138,74.0,0.0,138.0,0.0,0.0,0.0,173.0858970391004,0.0,0.0,1.0,0.0,64,1
46068,0.0028409957885742188,1,1,74,138,74.0,0.0,138.0,0.0,0.0,0.0,703.9785162806311,0.0,0.0,1.0,0.0,64,1
48054,0.0008869171142578125,1,1,74,138,74.0,0.0,138.0,0.0,0.0,0.0,2000.0,0.0,0.0,1.0,0.0,64,1
58364,0.00599217414855957,1,1,74,138,74.0,0.0,138.0,0.0,0.0,0.0,333.7686706720248,0.0,0.0,1.0,0.0,64,1
45433,0.005522012710571289,1,1,74,138,74.0,0.0,138.0,0.0,0.0,0.0,362.1867795000216,0.0,0.0,1.0,0.0,64,1
55796,0.0021288394927978516,1,1,77,125,77.0,0.0,125.0,0.0,0.0,0.0,939.4790010079516,0.0,0.0,1.0,0.0,64,1
