sport,dur,pkts_fwd,pkts_bwd,bytes_fwd,bytes_bwd,pktlen_fwd_mean,pktlen_fwd_std,pktlen_bwd_mean,pktlen_bwd_std,iat_fwd_mean,iat_fwd_std,pps,payload_entropy_fwd,iat_cv_fwd,small_pkt_ratio_fwd,small_pkt_ratio_bwd,ttl_fwd_first,label
47503,0.017498016357421875,1,1,74,138,74.0,0.0,138.0,0.0,0.0,0.0,114.29867015478526,0.0,0.0,1.0,0.0,64,1
44754,0.07380390167236328,1,1,74,138,74.0,0.0,138.0,0.0,0.0,0.0,27.09883833619765,0.0,0.0,1.0,0.0,64,1
41202,0.011784076690673828,1,1,74,138,74.0,0.0,138.0,0.0,0.0,0.0,169.7205519362279,0.0,0.0,1.0,0.0,64,1
50752,0.012877941131591797,1,1,74,138,74.0,0.0,138.0,0.0,0.0,0.0,155.304328507424,0.0,0.0,1.0,0.0,64,1
50243,0.003362894058227539,1,1,74,138,74.0,0.0,138.0,0.0,0.0,0.0,594.7258419000354,0.0,0.0,1.0,0.0,64,1
43623,0.006981849670410156,1,1,74,138,74.0,0.0,138.0,0.0,0.0,0.0,286.45704138778854,0.0,0.0,1.0,0.0,64,1
46939,0.017354965209960938,1,1,74,138,74.0,0.0,138.0,0.0,0.0,0.0,115.24079569183426,0.0,0.0,1.0,0.0,64,1
54889,0.07279396057128906,1,1,74,138,74.0,0.0,138.0,0.0,0.0,0.0,27.47480676012053,0.0,0.0,1.0,0.0,64,1
51454,0.0034508705139160156,1,1,77,125,77.0,0.0,125.0,0.0,0.0,0.0,579.5639076965593,0.0,0.0,1.0,0.0,64,1
