sport,dur,pkts_fwd,pkts_bwd,bytes_fwd,bytes_bwd,pktlen_fwd_mean,pktlen_fwd_std,pktlen_bwd_mean,pktlen_bwd_std,iat_fwd_mean,iat_fwd_std,pps,payload_entropy_fwd,iat_cv_fwd,small_pkt_ratio_fwd,small_pkt_ratio_bwd,ttl_fwd_first,label
35239,0.04345297813415527,1,1,74,138,74.0,0.0,138.0,0.0,0.0,0.0,46.026764697813505,0.0,0.0,1.0,0.0,64,1
36330,0.014614105224609375,1,1,74,138,74.0,0.0,138.0,0.0,0.0,0.0,136.8540850952754,0.0,0.0,1.0,0.0,64,1
56457,0.002527952194213867,1,1,74,138,74.0,0.0,138.0,0.0,0.0,0.0,791.154201641045,0.0,0.0,1.0,0.0,64,1
34375,0.0073299407958984375,1,1,74,138,74.0,0.0,138.0,0.0,0.0,0.0,272.8534998698933,0.0,0.0,1.0,0.0,64,1
56562,0.003201007843017578,1,1,74,138,74.0,0.0,138.0,0.0,0.0,0.0,624.80321763742,0.0,0.0,1.0,0.0,64,1
40397,0.006731986999511719,1,1,74,138,74.0,0.0,138.0,0.0,0.0,0.0,297.0891061056807,0.0,0.0,1.0,0.0,64,1
49986,0.011699199676513672,1,1,74,138,74.0,0.0,138.0,0.0,0.0,0.0,170.95186468310575,0.0,0.0,1.0,0.0,64,1
46244,0.002607107162475586,1,1,74,138,74.0,0.0,138.0,0.0,0.0,0.0,767.1337905807042,0.0,0.0,1.0,0.0,64,1
43164,0.002115964889526367,1,1,77,125,77.0,0.0,125.0,0.0,0.0,0.0,945.1952676056338,0.0,0.0,1.0,0.0,64,1
