sport,dur,pkts_fwd,pkts_bwd,bytes_fwd,bytes_bwd,pktlen_fwd_mean,pktlen_fwd_std,pktlen_bwd_mean,pktlen_bwd_std,iat_fwd_mean,iat_fwd_std,pps,payload_entropy_fwd,iat_cv_fwd,small_pkt_ratio_fwd,small_pkt_ratio_bwd,ttl_fwd_first,label
52857,0.0024950504302978516,1,1,74,138,74.0,0.0,138.0,0.0,0.0,0.0,801.5870043000477,0.0,0.0,1.0,0.0,64,1
49791,0.016607046127319336,1,1,74,138,74.0,0.0,138.0,0.0,0.0,0.0,120.43080898715095,0.0,0.0,1.0,0.0,64,1
44864,0.020241975784301758,1,1,74,138,74.0,0.0,138.0,0.0,0.0,0.0,98.8045841627307,0.0,0.0,1.0,0.0,64,1
45823,0.006218910217285156,1,1,74,138,74.0,0.0,138.0,0.0,0.0,0.0,321.59975463885905,0.0,0.0,1.0,0.0,64,1
59797,0.0031418800354003906,1,1,74,138,74.0,0.0,138.0,0.0,0.0,0.0,636.5615419638792,0.0,0.0,1.0,0.0,64,1
50899,0.002683877944946289,1,1,74,138,74.0,0.0,138.0,0.0,0.0,0.0,745.190370436173,0.0,0.0,1.0,0.0,64,1
37143,0.0060770511627197266,1,1,74,138,74.0,0.0,138.0,0.0,0.0,0.0,329.10698732786693,0.0,0.0,1.0,0.0,64,1
54435,0.02793097496032715,1,1,74,138,74.0,0.0,138.0,0.0,0.0,0.0,71.60509086563495,0.0,0.0,1.0,0.0,64,1
56169,0.003162860870361328,1,1,77,125,77.0,0.0,125.0,0.0,0.0,0.0,632.3389115030906,0.0,0.0,1.0,0.0,64,1
