sport,dur,pkts_fwd,pkts_bwd,bytes_fwd,bytes_bwd,pktlen_fwd_mean,pktlen_fwd_std,pktlen_bwd_mean,pktlen_bwd_std,iat_fwd_mean,iat_fwd_std,pps,payload_entropy_fwd,iat_cv_fwd,small_pkt_ratio_fwd,small_pkt_ratio_bwd,ttl_fwd_first,label
50821,0.006747007369995117,1,1,74,138,74.0,0.0,138.0,0.0,0.0,0.0,296.4277182939326,0.0,0.0,1.0,0.0,64,1
49410,0.04208493232727051,1,1,74,138,74.0,0.0,138.0,0.0,0.0,0.0,47.52294679832537,0.0,0.0,1.0,0.0,64,1
51071,0.01933002471923828,1,1,74,138,74.0,0.0,138.0,0.0,0.0,0.0,103.46598253490552,0.0,0.0,1.0,0.0,64,1
45196,0.29059290885925293,1,1,74,138,74.0,0.0,138.0,0.0,0.0,0.0,6.882480401366879,0.0,0.0,1.0,0.0,64,1
56280,0.023035049438476562,1,1,74,138,74.0,0.0,138.0,0.0,0.0,0.0,86.82421131075598,0.0,0.0,1.0,0.0,64,1
59632,0.0075130462646484375,1,1,74,138,74.0,0.0,138.0,0.0,0.0,0.0,266.20360497588223,0.0,0.0,1.0,0.0,64,1
45270,0.28820300102233887,1,1,74,138,74.0,0.0,138.0,0.0,0.0,0.0,6.939552998773174,0.0,0.0,1.0,0.0,64,1
32994,0.13877296447753906,1,1,74,138,74.0,0.0,138.0,0.0,0.0,0.0,14.412029083112278,0.0,0.0,1.0,0.0,64,1
33833,0.003983974456787109,1,1,77,125,77.0,0.0,125.0,0.0,0.0,0.0,502.01125074805503,0.0,0.0,1.0,0.0,64,1
