sport,dur,pkts_fwd,pkts_bwd,bytes_fwd,bytes_bwd,pktlen_fwd_mean,pktlen_fwd_std,pktlen_bwd_mean,pktlen_bwd_std,iat_fwd_mean,iat_fwd_std,pps,payload_entropy_fwd,iat_cv_fwd,small_pkt_ratio_fwd,small_pkt_ratio_bwd,ttl_fwd_first,label
33960,0.0024259090423583984,1,1,74,138,74.0,0.0,138.0,0.0,0.0,0.0,824.4332186732187,0.0,0.0,1.0,0.0,64,1
49908,0.0015950202941894531,1,1,74,138,74.0,0.0,138.0,0.0,0.0,0.0,1253.9025411061286,0.0,0.0,1.0,0.0,64,1
53288,0.007200956344604492,1,1,74,138,74.0,0.0,138.0,0.0,0.0,0.0,277.7408866668874,0.0,0.0,1.0,0.0,64,1
57067,0.005641937255859375,1,1,74,138,74.0,0.0,138.0,0.0,0.0,0.0,354.48816768086544,0.0,0.0,1.0,0.0,64,1
41224,0.0024569034576416016,1,1,74,138,74.0,0.0,138.0,0.0,0.0,0.0,814.0327996118389,0.0,0.0,1.0,0.0,64,1
55652,0.0031349658966064453,1,1,74,138,74.0,0.0,138.0,0.0,0.0,0.0,637.9654726595178,0.0,0.0,1.0,0.0,64,1
53471,0.022429943084716797,1,1,74,138,74.0,0.0,138.0,0.0,0.0,0.0,89.16652139713854,0.0,0.0,1.0,0.0,64,1
50915,0.015577077865600586,1,1,74,138,74.0,0.0,138.0,0.0,0.0,0.0,128.39378587280936,0.0,0.0,1.0,0.0,64,1
56864,0.0020399093627929688,1,1,77,125,77.0,0.0,125.0,0.0,0.0,0.0,980.4357176250585,0.0,0.0,1.0,0.0,64,1
