sport,dur,pkts_fwd,pkts_bwd,bytes_fwd,bytes_bwd,pktlen_fwd_mean,pktlen_fwd_std,pktlen_bwd_mean,pktlen_bwd_std,iat_fwd_mean,iat_fwd_std,pps,payload_entropy_fwd,iat_cv_fwd,small_pkt_ratio_fwd,small_pkt_ratio_bwd,ttl_fwd_first,label
44666,0.01671600341796875,1,1,74,138,74.0,0.0,138.0,0.0,0.0,0.0,119.64582382473756,0.0,0.0,1.0,0.0,64,1
50701,0.0064661502838134766,1,1,74,138,74.0,0.0,138.0,0.0,0.0,0.0,309.3030492975923,0.0,0.0,1.0,0.0,64,1
40009,0.006593942642211914,1,1,74,138,74.0,0.0,138.0,0.0,0.0,0.0,303.30867411505227,0.0,0.0,1.0,0.0,64,1
35580,0.012455940246582031,1,1,74,138,74.0,0.0,138.0,0.0,0.0,0.0,160.5659597274328,0.0,0.0,1.0,0.0,64,1
52093,0.012367010116577148,1,1,74,138,74.0,0.0,138.0,0.0,0.0,0.0,161.7205760444179,0.0,0.0,1.0,0.0,64,1
53913,0.29232311248779297,1,1,74,138,74.0,0.0,138.0,0.0,0.0,0.0,6.841744338923996,0.0,0.0,1.0,0.0,64,1
40817,0.006195068359375,1,1,74,138,74.0,0.0,138.0,0.0,0.0,0.0,322.8374384236453,0.0,0.0,1.0,0.0,64,1
53854,0.012839078903198242,1,1,74,138,74.0,0.0,138.0,0.0,0.0,0.0,155.77441458840133,0.0,0.0,1.0,0.0,64,1
55477,0.0024290084838867188,1,1,77,125,77.0,0.0,125.0,0.0,0.0,0.0,823.381232822929,0.0,0.0,1.0,0.0,64,1
