sport,dur,pkts_fwd,pkts_bwd,bytes_fwd,bytes_bwd,pktlen_fwd_mean,pktlen_fwd_std,pktlen_bwd_mean,pktlen_bwd_std,iat_fwd_mean,iat_fwd_std,pps,payload_entropy_fwd,iat_cv_fwd,small_pkt_ratio_fwd,small_pkt_ratio_bwd,ttl_fwd_first,label
53806,0.011226177215576172,1,1,74,138,74.0,0.0,138.0,0.0,0.0,0.0,178.1550354670178,0.0,0.0,1.0,0.0,64,1
34443,0.0026068687438964844,1,1,74,138,74.0,0.0,138.0,0.0,0.0,0.0,767.2039509785989,0.0,0.0,1.0,0.0,64,1
45214,0.0027849674224853516,1,1,74,138,74.0,0.0,138.0,0.0,0.0,0.0,718.1412550295352,0.0,0.0,1.0,0.0,64,1
48633,0.011183977127075195,1,1,74,138,74.0,0.0,138.0,0.0,0.0,0.0,178.82726129314204,0.0,0.0,1.0,0.0,64,1
51807,0.002488851547241211,1,1,74,138,74.0,0.0,138.0,0.0,0.0,0.0,803.5834850081426,0.0,0.0,1.0,0.0,64,1
44948,0.0024220943450927734,1,1,74,138,74.0,0.0,138.0,0.0,0.0,0.0,825.7316665026085,0.0,0.0,1.0,0.0,64,1
49405,0.0031938552856445312,1,1,74,138,74.0,0.0,138.0,0.0,0.0,0.0,626.2024484920872,0.0,0.0,1.0,0.0,64,1
54292,0.011713027954101562,1,1,74,138,74.0,0.0,138.0,0.0,0.0,0.0,170.7500407099821,0.0,0.0,1.0,0.0,64,1
33230,0.0024690628051757812,1,1,77,125,77.0,0.0,125.0,0.0,0.0,0.0,810.0239474700657,0.0,0.0,1.0,0.0,64,1
