sport,dur,pkts_fwd,pkts_bwd,bytes_fwd,bytes_bwd,pktlen_fwd_mean,pktlen_fwd_std,pktlen_bwd_mean,pktlen_bwd_std,iat_fwd_mean,iat_fwd_std,pps,payload_entropy_fwd,iat_cv_fwd,small_pkt_ratio_fwd,small_pkt_ratio_bwd,ttl_fwd_first,label
59432,0.017541885375976562,1,1,74,138,74.0,0.0,138.0,0.0,0.0,0.0,114.01283027074047,0.0,0.0,1.0,0.0,64,1
42293,0.13813304901123047,1,1,74,138,74.0,0.0,138.0,0.0,0.0,0.0,14.478794280703935,0.0,0.0,1.0,0.0,64,1
38571,0.13193988800048828,1,1,74,138,74.0,0.0,138.0,0.0,0.0,0.0,15.158418203239632,0.0,0.0,1.0,0.0,64,1
56069,0.07418298721313477,1,1,74,138,74.0,0.0,138.0,0.0,0.0,0.0,26.96035944540505,0.0,0.0,1.0,0.0,64,1
49044,0.0050201416015625,1,1,74,138,74.0,0.0,138.0,0.0,0.0,0.0,398.3951367781155,0.0,0.0,1.0,0.0,64,1
36822,0.011651992797851562,1,1,74,138,74.0,0.0,138.0,0.0,0.0,0.0,171.64445899492551,0.0,0.0,1.0,0.0,64,1
48756,0.005326986312866211,1,1,74,138,74.0,0.0,138.0,0.0,0.0,0.0,375.4468066060959,0.0,0.0,1.0,0.0,64,1
37789,0.011430978775024414,1,1,74,138,74.0,0.0,138.0,0.0,0.0,0.0,174.9631452706226,0.0,0.0,1.0,0.0,64,1
42968,0.0019378662109375,1,1,77,125,77.0,0.0,125.0,0.0,0.0,0.0,1032.0629921259842,0.0,0.0,1.0,0.0,64,1
