sport,dur,pkts_fwd,pkts_bwd,bytes_fwd,bytes_bwd,pktlen_fwd_mean,pktlen_fwd_std,pktlen_bwd_mean,pktlen_bwd_std,iat_fwd_mean,iat_fwd_std,pps,payload_entropy_fwd,iat_cv_fwd,small_pkt_ratio_fwd,small_pkt_ratio_bwd,ttl_fwd_first,label
34956,0.0030798912048339844,1,1,74,138,74.0,0.0,138.0,0.0,0.0,0.0,649.3735872426072,0.0,0.0,1.0,0.0,64,1
53068,0.0013380050659179688,1,1,74,138,74.0,0.0,138.0,0.0,0.0,0.0,1494.7626514611547,0.0,0.0,1.0,0.0,64,1
35548,0.011563777923583984,1,1,74,138,74.0,0.0,138.0,0.0,0.0,0.0,172.9538575728836,0.0,0.0,1.0,0.0,64,1
52998,0.13442206382751465,1,1,74,138,74.0,0.0,138.0,0.0,0.0,0.0,14.878509844680893,0.0,0.0,1.0,0.0,64,1
58739,0.0019822120666503906,1,1,74,138,74.0,0.0,138.0,0.0,0.0,0.0,1008.973779167669,0.0,0.0,1.0,0.0,64,1
44188,0.0024209022521972656,1,1,74,138,74.0,0.0,138.0,0.0,0.0,0.0,826.1382706322631,0.0,0.0,1.0,0.0,64,1
39682,0.012011051177978516,1,1,74,138,74.0,0.0,138.0,0.0,0.0,0.0,166.5133193060463,0.0,0.0,1.0,0.0,64,1
42502,0.00615692138671875,1,1,74,138,74.0,0.0,138.0,0.0,0.0,0.0,324.8376703841388,0.0,0.0,1.0,0.0,64,1
60079,0.0060901641845703125,1,1,77,125,77.0,0.0,125.0,0.0,0.0,0.0,328.3983714375196,0.0,0.0,1.0,0.0,64,1
