sport,dur,pkts_fwd,pkts_bwd,bytes_fwd,bytes_bwd,pktlen_fwd_mean,pktlen_fwd_std,pktlen_bwd_mean,pktlen_bwd_std,iat_fwd_mean,iat_fwd_std,pps,payload_entropy_fwd,iat_cv_fwd,small_pkt_ratio_fwd,small_pkt_ratio_bwd,ttl_fwd_first,label
37869,0.0020661354064941406,1,1,74,138,74.0,0.0,138.0,0.0,0.0,0.0,967.9907685206555,0.0,0.0,1.0,0.0,64,1
44387,0.02169489860534668,1,1,74,138,74.0,0.0,138.0,0.0,0.0,0.0,92.18757074564536,0.0,0.0,1.0,0.0,64,1
37163,0.0024580955505371094,1,1,74,138,74.0,0.0,138.0,0.0,0.0,0.0,813.6380213385063,0.0,0.0,1.0,0.0,64,1
51936,0.01618194580078125,1,1,74,138,74.0,0.0,138.0,0.0,0.0,0.0,123.5945308816596,0.0,0.0,1.0,0.0,64,1
50703,0.012148857116699219,1,1,74,138,74.0,0.0,138.0,0.0,0.0,0.0,164.6245388178036,0.0,0.0,1.0,0.0,64,1
53016,0.010838985443115234,1,1,74,138,74.0,0.0,138.0,0.0,0.0,0.0,184.51911486516212,0.0,0.0,1.0,0.0,64,1
59679,0.04448080062866211,1,1,74,138,74.0,0.0,138.0,0.0,0.0,0.0,44.96321945048937,0.0,0.0,1.0,0.0,64,1
47536,0.1378941535949707,1,1,74,138,74.0,0.0,138.0,0.0,0.0,0.0,14.503878140290817,0.0,0.0,1.0,0.0,64,1
50146,0.0019631385803222656,1,1,77,125,77.0,0.0,125.0,0.0,0.0,0.0,1018.7767792081613,0.0,0.0,1.0,0.0,64,1
