sport,dur,pkts_fwd,pkts_bwd,bytes_fwd,bytes_bwd,pktlen_fwd_mean,pktlen_fwd_std,pktlen_bwd_mean,pktlen_bwd_std,iat_fwd_mean,iat_fwd_std,pps,payload_entropy_fwd,iat_cv_fwd,small_pkt_ratio_fwd,small_pkt_ratio_bwd,ttl_fwd_first,label
37537,0.002074003219604492,1,1,74,138,74.0,0.0,138.0,0.0,0.0,0.0,964.318657316933,0.0,0.0,1.0,0.0,64,1
56173,0.012588024139404297,1,1,74,138,74.0,0.0,138.0,0.0,0.0,0.0,158.8811697412781,0.0,0.0,1.0,0.0,64,1
36133,0.002477884292602539,1,1,74,138,74.0,0.0,138.0,0.0,0.0,0.0,807.1401905128452,0.0,0.0,1.0,0.0,64,1
42603,0.04346418380737305,1,1,74,138,74.0,0.0,138.0,0.0,0.0,0.0,46.01489835547608,0.0,0.0,1.0,0.0,64,1
58628,0.013726949691772461,1,1,74,138,74.0,0.0,138.0,0.0,0.0,0.0,145.69879287885368,0.0,0.0,1.0,0.0,64,1
52505,0.012722015380859375,1,1,74,138,74.0,0.0,138.0,0.0,0.0,0.0,157.20779610194901,0.0,0.0,1.0,0.0,64,1
42072,0.0505070686340332,1,1,74,138,74.0,0.0,138.0,0.0,0.0,0.0,39.59841768865475,0.0,0.0,1.0,0.0,64,1
51516,0.003155946731567383,1,1,74,138,74.0,0.0,138.0,0.0,0.0,0.0,633.7242577623329,0.0,0.0,1.0,0.0,64,1
37805,0.0027718544006347656,1,1,77,125,77.0,0.0,125.0,0.0,0.0,0.0,721.5386203337347,0.0,0.0,1.0,0.0,64,1
