sport,dur,pkts_fwd,pkts_bwd,bytes_fwd,bytes_bwd,pktlen_fwd_mean,pktlen_fwd_std,pktlen_bwd_mean,pktlen_bwd_std,iat_fwd_mean,iat_fwd_std,pps,payload_entropy_fwd,iat_cv_fwd,small_pkt_ratio_fwd,small_pkt_ratio_bwd,ttl_fwd_first,label
37533,0.020786046981811523,1,1,74,138,74.0,0.0,138.0,0.0,0.0,0.0,96.21839120011929,0.0,0.0,1.0,0.0,64,1
32991,0.07580304145812988,1,1,74,138,74.0,0.0,138.0,0.0,0.0,0.0,26.38416561563309,0.0,0.0,1.0,0.0,64,1
37497,0.0031621456146240234,1,1,74,138,74.0,0.0,138.0,0.0,0.0,0.0,632.4819422453442,0.0,0.0,1.0,0.0,64,1
48221,0.020776987075805664,1,1,74,138,74.0,0.0,138.0,0.0,0.0,0.0,96.26034769636813,0.0,0.0,1.0,0.0,64,1
59011,0.0027980804443359375,1,1,74,138,74.0,0.0,138.0,0.0,0.0,0.0,714.7757327880028,0.0,0.0,1.0,0.0,64,1
52402,0.0025429725646972656,1,1,74,138,74.0,0.0,138.0,0.0,0.0,0.0,786.481155072192,0.0,0.0,1.0,0.0,64,1
36288,0.0021429061889648438,1,1,74,138,74.0,0.0,138.0,0.0,0.0,0.0,933.311971517579,0.0,0.0,1.0,0.0,64,1
38417,0.02092885971069336,1,1,74,138,74.0,0.0,138.0,0.0,0.0,0.0,95.56182360848466,0.0,0.0,1.0,0.0,64,1
36316,0.014280080795288086,1,1,77,125,77.0,0.0,125.0,0.0,0.0,0.0,140.0552299858085,0.0,0.0,1.0,0.0,64,1
