sport,dur,pkts_fwd,pkts_bwd,bytes_fwd,bytes_bwd,pktlen_fwd_mean,pktlen_fwd_std,pktlen_bwd_mean,pktlen_bwd_std,iat_fwd_mean,iat_fwd_std,pps,payload_entropy_fwd,iat_cv_fwd,small_pkt_ratio_fwd,small_pkt_ratio_bwd,ttl_fwd_first,label
57534,0.002547025680541992,1,1,74,138,74.0,0.0,138.0,0.0,0.0,0.0,785.229617148741,0.0,0.0,1.0,0.0,64,1
40452,0.002610921859741211,1,1,74,138,74.0,0.0,138.0,0.0,0.0,0.0,766.0129668523423,0.0,0.0,1.0,0.0,64,1
60037,0.014451980590820312,1,1,74,138,74.0,0.0,138.0,0.0,0.0,0.0,138.3893361488716,0.0,0.0,1.0,0.0,64,1
48322,0.04225802421569824,1,1,74,138,74.0,0.0,138.0,0.0,0.0,0.0,47.32828941058321,0.0,0.0,1.0,0.0,64,1
48719,0.002156972885131836,1,1,74,138,74.0,0.0,138.0,0.0,0.0,0.0,927.2253785785343,0.0,0.0,1.0,0.0,64,1
52541,0.0021359920501708984,1,1,74,138,74.0,0.0,138.0,0.0,0.0,0.0,936.3330728875991,0.0,0.0,1.0,0.0,64,1
43070,0.006078004837036133,1,1,74,138,74.0,0.0,138.0,0.0,0.0,0.0,329.05534852704665,0.0,0.0,1.0,0.0,64,1
59880,0.022144079208374023,1,1,74,138,74.0,0.0,138.0,0.0,0.0,0.0,90.31759601201563,0.0,0.0,1.0,0.0,64,1
37650,0.003251791000366211,1,1,77,125,77.0,0.0,125.0,0.0,0.0,0.0,615.0456778356184,0.0,0.0,1.0,0.0,64,1
