sport,dur,pkts_fwd,pkts_bwd,bytes_fwd,bytes_bwd,pktlen_fwd_mean,pktlen_fwd_std,pktlen_bwd_mean,pktlen_bwd_std,iat_fwd_mean,iat_fwd_std,pps,payload_entropy_fwd,iat_cv_fwd,small_pkt_ratio_fwd,small_pkt_ratio_bwd,ttl_fwd_first,label
32781,0.013959884643554688,1,1,74,138,74.0,0.0,138.0,0.0,0.0,0.0,143.26765951632737,0.0,0.0,1.0,0.0,64,1
57247,0.005528926849365234,1,1,74,138,74.0,0.0,138.0,0.0,0.0,0.0,361.73385079775767,0.0,0.0,1.0,0.0,64,1
34485,0.10869693756103516,1,1,74,138,74.0,0.0,138.0,0.0,0.0,0.0,18.399782412241066,0.0,0.0,1.0,0.0,64,1
43657,0.013317108154296875,1,1,74,138,74.0,0.0,138.0,0.0,0.0,0.0,150.18275565740475,0.0,0.0,1.0,0.0,64,1
46472,0.0032541751861572266,1,1,74,138,74.0,0.0,138.0,0.0,0.0,0.0,614.5950619092973,0.0,0.0,1.0,0.0,64,1
48141,0.1376039981842041,1,1,74,138,74.0,0.0,138.0,0.0,0.0,0.0,14.534461399316992,0.0,0.0,1.0,0.0,64,1
39622,0.28522586822509766,1,1,74,138,74.0,0.0,138.0,0.0,0.0,0.0,7.011986719316841,0.0,0.0,1.0,0.0,64,1
54310,0.002435922622680664,1,1,74,138,74.0,0.0,138.0,0.0,0.0,0.0,821.044142116081,0.0,0.0,1.0,0.0,64,1
52320,0.005411863327026367,1,1,77,125,77.0,0.0,125.0,0.0,0.0,0.0,369.55848275254414,0.0,0.0,1.0,0.0,64,1
