sport,dur,pkts_fwd,pkts_bwd,bytes_fwd,bytes_bwd,pktlen_fwd_mean,pktlen_fwd_std,pktlen_bwd_mean,pktlen_bwd_std,iat_fwd_mean,iat_fwd_std,pps,payload_entropy_fwd,iat_cv_fwd,small_pkt_ratio_fwd,small_pkt_ratio_bwd,ttl_fwd_first,label
43209,0.008112192153930664,1,1,74,138,74.0,0.0,138.0,0.0,0.0,0.0,246.5424834680382,0.0,0.0,1.0,0.0,64,1
35608,0.002549886703491211,1,1,74,138,74.0,0.0,138.0,0.0,0.0,0.0,784.3485741000468,0.0,0.0,1.0,0.0,64,1
44819,0.022945880889892578,1,1,74,138,74.0,0.0,138.0,0.0,0.0,0.0,87.1616134328048,0.0,0.0,1.0,0.0,64,1
55909,0.005814075469970703,1,1,74,138,74.0,0.0,138.0,0.0,0.0,0.0,343.9927827441975,0.0,0.0,1.0,0.0,64,1
38520,0.0021882057189941406,1,1,74,138,74.0,0.0,138.0,0.0,0.0,0.0,913.990847679233,0.0,0.0,1.0,0.0,64,1
56966,0.0020520687103271484,1,1,74,138,74.0,0.0,138.0,0.0,0.0,0.0,974.626234460323,0.0,0.0,1.0,0.0,64,1
60525,0.007482051849365234,1,1,74,138,74.0,0.0,138.0,0.0,0.0,0.0,267.3063539608693,0.0,0.0,1.0,0.0,64,1
58558,0.016997098922729492,1,1,74,138,74.0,0.0,138.0,0.0,0.0,0.0,117.66713890953977,0.0,0.0,1.0,0.0,64,1
39801,0.006254911422729492,1,1,77,125,77.0,0.0,125.0,0.0,0.0,0.0,319.74873260911,0.0,0.0,1.0,0.0,64,1
