sport,dur,pkts_fwd,pkts_bwd,bytes_fwd,bytes_bwd,pktlen_fwd_mean,pktlen_fwd_std,pktlen_bwd_mean,pktlen_bwd_std,iat_fwd_mean,iat_fwd_std,pps,payload_entropy_fwd,iat_cv_fwd,small_pkt_ratio_fwd,small_pkt_ratio_bwd,ttl_fwd_first,label
47279,0.005530118942260742,1,1,74,138,74.0,0.0,138.0,0.0,0.0,0.0,361.65587411079974,0.0,0.0,1.0,0.0,64,1
39596,0.02172708511352539,1,1,74,138,74.0,0.0,138.0,0.0,0.0,0.0,92.05100406013388,0.0,0.0,1.0,0.0,64,1
59748,0.015377044677734375,1,1,74,138,74.0,0.0,138.0,0.0,0.0,0.0,130.0640039692384,0.0,0.0,1.0,0.0,64,1
47190,0.13489317893981934,1,1,74,138,74.0,0.0,138.0,0.0,0.0,0.0,14.826546573509631,0.0,0.0,1.0,0.0,64,1
53298,0.28627586364746094,1,1,74,138,74.0,0.0,138.0,0.0,0.0,0.0,6.986268330546135,0.0,0.0,1.0,0.0,64,1
47666,0.007383108139038086,1,1,74,138,74.0,0.0,138.0,0.0,0.0,0.0,270.88862337326833,0.0,0.0,1.0,0.0,64,1
58198,0.1123650074005127,1,1,74,138,74.0,0.0,138.0,0.0,0.0,0.0,17.79913556959259,0.0,0.0,1.0,0.0,64,1
44825,0.006722927093505859,1,1,74,138,74.0,0.0,138.0,0.0,0.0,0.0,297.4894673381091,0.0,0.0,1.0,0.0,64,1
48521,0.006331920623779297,1,1,77,125,77.0,0.0,125.0,0.0,0.0,0.0,315.859929211537,0.0,0.0,1.0,0.0,64,1
