sport,dur,pkts_fwd,pkts_bwd,bytes_fwd,bytes_bwd,pktlen_fwd_mean,pktlen_fwd_std,pktlen_bwd_mean,pktlen_bwd_std,iat_fwd_mean,iat_fwd_std,pps,payload_entropy_fwd,iat_cv_fwd,small_pkt_ratio_fwd,small_pkt_ratio_bwd,ttl_fwd_first,label
36139,0.2863178253173828,1,1,74,138,74.0,0.0,138.0,0.0,0.0,0.0,6.985244449181616,0.0,0.0,1.0,0.0,64,1
35350,0.07494711875915527,1,1,74,138,74.0,0.0,138.0,0.0,0.0,0.0,26.685482152116585,0.0,0.0,1.0,0.0,64,1
41505,0.020460128784179688,1,1,74,138,74.0,0.0,138.0,0.0,0.0,0.0,97.75109536683136,0.0,0.0,1.0,0.0,64,1
36108,0.011454105377197266,1,1,74,138,74.0,0.0,138.0,0.0,0.0,0.0,174.60988301902503,0.0,0.0,1.0,0.0,64,1
45968,0.023069143295288086,1,1,74,138,74.0,0.0,138.0,0.0,0.0,0.0,86.69589392201242,0.0,0.0,1.0,0.0,64,1
45661,0.011007070541381836,1,1,74,138,74.0,0.0,138.0,0.0,0.0,0.0,181.70138843762862,0.0,0.0,1.0,0.0,64,1
51660,0.006228923797607422,1,1,74,138,74.0,0.0,138.0,0.0,0.0,0.0,321.08275281328946,0.0,0.0,1.0,0.0,64,1
45391,0.005002021789550781,1,1,74,138,74.0,0.0,138.0,0.0,0.0,0.0,399.8383222116301,0.0,0.0,1.0,0.0,64,1
50332,0.0023789405822753906,1,1,77,125,77.0,0.0,125.0,0.0,0.0,0.0,840.710362798156,0.0,0.0,1.0,0.0,64,1
