sport,dur,pkts_fwd,pkts_bwd,bytes_fwd,bytes_bwd,pktlen_fwd_mean,pktlen_fwd_std,pktlen_bwd_mean,pktlen_bwd_std,iat_fwd_mean,iat_fwd_std,pps,payload_entropy_fwd,iat_cv_fwd,small_pkt_ratio_fwd,small_pkt_ratio_bwd,ttl_fwd_first,label
48290,0.0026311874389648438,1,1,74,138,74.0,0.0,138.0,0.0,0.0,0.0,760.113084450888,0.0,0.0,1.0,0.0,64,1
42011,0.002438068389892578,1,1,74,138,74.0,0.0,138.0,0.0,0.0,0.0,820.321533346372,0.0,0.0,1.0,0.0,64,1
50131,0.006675004959106445,1,1,74,138,74.0,0.0,138.0,0.0,0.0,0.0,299.6252455620245,0.0,0.0,1.0,0.0,64,1
52202,0.0024268627166748047,1,1,74,138,74.0,0.0,138.0,0.0,0.0,0.0,824.1092445230377,0.0,0.0,1.0,0.0,64,1
58460,0.0025169849395751953,1,1,74,138,74.0,0.0,138.0,0.0,0.0,0.0,794.6014966373023,0.0,0.0,1.0,0.0,64,1
45799,0.002022981643676758,1,1,74,138,74.0,0.0,138.0,0.0,0.0,0.0,988.6397171479081,0.0,0.0,1.0,0.0,64,1
48308,0.01310586929321289,1,1,74,138,74.0,0.0,138.0,0.0,0.0,0.0,152.60338366381663,0.0,0.0,1.0,0.0,64,1
35332,0.012590885162353516,1,1,74,138,74.0,0.0,138.0,0.0,0.0,0.0,158.84506722211702,0.0,0.0,1.0,0.0,64,1
49217,0.0032961368560791016,1,1,77,125,77.0,0.0,125.0,0.0,0.0,0.0,606.7709222423147,0.0,0.0,1.0,0.0,64,1
