sport,dur,pkts_fwd,pkts_bwd,bytes_fwd,bytes_bwd,pktlen_fwd_mean,pktlen_fwd_std,pktlen_bwd_mean,pktlen_bwd_std,iat_fwd_mean,iat_fwd_std,pps,payload_entropy_fwd,iat_cv_fwd,small_pkt_ratio_fwd,small_pkt_ratio_bwd,ttl_fwd_first,label
54195,0.012171030044555664,1,1,74,138,74.0,0.0,138.0,0.0,0.0,0.0,164.32462927775273,0.0,0.0,1.0,0.0,64,1
50621,0.011995077133178711,1,1,74,138,74.0,0.0,138.0,0.0,0.0,0.0,166.73506787780008,0.0,0.0,1.0,0.0,64,1
45334,0.012000799179077148,1,1,74,138,74.0,0.0,138.0,0.0,0.0,0.0,166.6555676964339,0.0,0.0,1.0,0.0,64,1
52788,0.004118204116821289,1,1,74,138,74.0,0.0,138.0,0.0,0.0,0.0,485.6485844960343,0.0,0.0,1.0,0.0,64,1
39241,0.002590179443359375,1,1,74,138,74.0,0.0,138.0,0.0,0.0,0.0,772.1472754050073,0.0,0.0,1.0,0.0,64,1
44819,0.0027878284454345703,1,1,74,138,74.0,0.0,138.0,0.0,0.0,0.0,717.4042589583512,0.0,0.0,1.0,0.0,64,1
58434,0.0024650096893310547,1,1,74,138,74.0,0.0,138.0,0.0,0.0,0.0,811.3558371215785,0.0,0.0,1.0,0.0,64,1
37362,0.016955852508544922,1,1,74,138,74.0,0.0,138.0,0.0,0.0,0.0,117.95337326696476,0.0,0.0,1.0,0.0,64,1
44080,0.005647182464599609,1,1,77,125,77.0,0.0,125.0,0.0,0.0,0.0,354.15891243772694,0.0,0.0,1.0,0.0,64,1
