sport,dur,pkts_fwd,pkts_bwd,bytes_fwd,bytes_bwd,pktlen_fwd_mean,pktlen_fwd_std,pktlen_bwd_mean,pktlen_bwd_std,iat_fwd_mean,iat_fwd_std,pps,payload_entropy_fwd,iat_cv_fwd,small_pkt_ratio_fwd,small_pkt_ratio_bwd,ttl_fwd_first,label
47988,0.0020520687103271484,1,1,74,138,74.0,0.0,138.0,0.0,0.0,0.0,974.626234460323,0.0,0.0,1.0,0.0,64,1
35961,0.005369901657104492,1,1,74,138,74.0,0.0,138.0,0.0,0.0,0.0,372.446299338454,0.0,0.0,1.0,0.0,64,1
52631,0.013791084289550781,1,1,74,138,74.0,0.0,138.0,0.0,0.0,0.0,145.02122951386488,0.0,0.0,1.0,0.0,64,1
33193,0.012379884719848633,1,1,74,138,74.0,0.0,138.0,0.0,0.0,0.0,161.55239287433798,0.0,0.0,1.0,0.0,64,1
45811,0.016281843185424805,1,1,74,138,74.0,0.0,138.0,0.0,0.0,0.0,122.83621560674173,0.0,0.0,1.0,0.0,64,1
41823,0.005815982818603516,1,1,74,138,74.0,0.0,138.0,0.0,0.0,0.0,343.87997048454537,0.0,0.0,1.0,0.0,64,1
35838,0.016295909881591797,1,1,74,138,74.0,0.0,138.0,0.0,0.0,0.0,122.73018288222384,0.0,0.0,1.0,0.0,64,1
46452,0.01692795753479004,1,1,74,138,74.0,0.0,138.0,0.0,0.0,0.0,118.14774439796622,0.0,0.0,1.0,0.0,64,1
36336,0.0058629512786865234,1,1,77,125,77.0,0.0,125.0,0.0,0.0,0.0,341.12512707901266,0.0,0.0,1.0,0.0,64,1
