sport,dur,pkts_fwd,pkts_bwd,bytes_fwd,bytes_bwd,pktlen_fwd_mean,pktlen_fwd_std,pktlen_bwd_mean,pktlen_bwd_std,iat_fwd_mean,iat_fwd_std,pps,payload_entropy_fwd,iat_cv_fwd,small_pkt_ratio_fwd,small_pkt_ratio_bwd,ttl_fwd_first,label
48827,0.013267993927001953,1,1,74,138,74.0,0.0,138.0,0.0,0.0,0.0,150.738688230009,0.0,0.0,1.0,0.0,64,1
44116,0.13665509223937988,1,1,74,138,74.0,0.0,138.0,0.0,0.0,0.0,14.635385825919922,0.0,0.0,1.0,0.0,64,1
36002,0.004903078079223633,1,1,74,138,74.0,0.0,138.0,0.0,0.0,0.0,407.9070265013372,0.0,0.0,1.0,0.0,64,1
52651,0.010005950927734375,1,1,74,138,74.0,0.0,138.0,0.0,0.0,0.0,199.88105223027068,0.0,0.0,1.0,0.0,64,1
40342,0.0026979446411132812,1,1,74,138,74.0,0.0,138.0,0.0,0.0,0.0,741.3050547896784,0.0,0.0,1.0,0.0,64,1
33813,0.004930019378662109,1,1,74,138,74.0,0.0,138.0,0.0,0.0,0.0,405.67791856078924,0.0,0.0,1.0,0.0,64,1
33280,0.011723995208740234,1,1,74,138,74.0,0.0,138.0,0.0,0.0,0.0,170.59031195347134,0.0,0.0,1.0,0.0,64,1
56732,0.013318061828613281,1,1,74,138,74.0,0.0,138.0,0.0,0.0,0.0,150.1720014321518,0.0,0.0,1.0,0.0,64,1
53450,0.0025010108947753906,1,1,77,125,77.0,0.0,125.0,0.0,0.0,0.0,799.6766444232602,0.0,0.0,1.0,0.0,64,1
