sport,dur,pkts_fwd,pkts_bwd,bytes_fwd,bytes_bwd,pktlen_fwd_mean,pktlen_fwd_std,pktlen_bwd_mean,pktlen_bwd_std,iat_fwd_mean,iat_fwd_std,pps,payload_entropy_fwd,iat_cv_fwd,small_pkt_ratio_fwd,small_pkt_ratio_bwd,ttl_fwd_first,label
42880,0.01589488983154297,1,1,74,138,74.0,0.0,138.0,0.0,0.0,0.0,125.82660346793064,0.0,0.0,1.0,0.0,64,1
39563,0.013170003890991211,1,1,74,138,74.0,0.0,138.0,0.0,0.0,0.0,151.86024366842267,0.0,0.0,1.0,0.0,64,1
54553,0.22212791442871094,1,1,74,138,74.0,0.0,138.0,0.0,0.0,0.0,9.00382108724959,0.0,0.0,1.0,0.0,64,1
45908,0.004590034484863281,1,1,74,138,74.0,0.0,138.0,0.0,0.0,0.0,435.72657386245584,0.0,0.0,1.0,0.0,64,1
43763,0.0025129318237304688,1,1,74,138,74.0,0.0,138.0,0.0,0.0,0.0,795.8831119544592,0.0,0.0,1.0,0.0,64,1
45039,0.10945510864257812,1,1,74,138,74.0,0.0,138.0,0.0,0.0,0.0,18.272331230613737,0.0,0.0,1.0,0.0,64,1
36167,0.02284407615661621,1,1,74,138,74.0,0.0,138.0,0.0,0.0,0.0,87.55004957470125,0.0,0.0,1.0,0.0,64,1
37166,0.011163949966430664,1,1,74,138,74.0,0.0,138.0,0.0,0.0,0.0,179.14806193272824,0.0,0.0,1.0,0.0,64,1
51364,0.006048917770385742,1,1,77,125,77.0,0.0,125.0,0.0,0.0,0.0,330.6376571676323,0.0,0.0,1.0,0.0,64,1
