sport,dur,pkts_fwd,pkts_bwd,bytes_fwd,bytes_bwd,pktlen_fwd_mean,pktlen_fwd_std,pktlen_bwd_mean,pktlen_bwd_std,iat_fwd_mean,iat_fwd_std,pps,payload_entropy_fwd,iat_cv_fwd,small_pkt_ratio_fwd,small_pkt_ratio_bwd,ttl_fwd_first,label
45349,0.0024890899658203125,1,1,74,138,74.0,0.0,138.0,0.0,0.0,0.0,803.5065134099617,0.0,0.0,1.0,0.0,64,1
41110,0.005293846130371094,1,1,74,138,74.0,0.0,138.0,0.0,0.0,0.0,377.7971536660061,0.0,0.0,1.0,0.0,64,1
44068,0.09296894073486328,1,1,74,138,74.0,0.0,138.0,0.0,0.0,0.0,21.512560906806176,0.0,0.0,1.0,0.0,64,1
45780,0.025114059448242188,1,1,74,138,74.0,0.0,138.0,0.0,0.0,0.0,79.63666742614112,0.0,0.0,1.0,0.0,64,1
41474,0.0025429725646972656,1,1,74,138,74.0,0.0,138.0,0.0,0.0,0.0,786.481155072192,0.0,0.0,1.0,0.0,64,1
58872,0.003300905227661133,1,1,74,138,74.0,0.0,138.0,0.0,0.0,0.0,605.8944023113037,0.0,0.0,1.0,0.0,64,1
58369,0.012284040451049805,1,1,74,138,74.0,0.0,138.0,0.0,0.0,0.0,162.81287968480098,0.0,0.0,1.0,0.0,64,1
53136,0.007593870162963867,1,1,74,138,74.0,0.0,138.0,0.0,0.0,0.0,263.37031804338955,0.0,0.0,1.0,0.0,64,1
53407,0.00286102294921875,1,1,77,125,77.0,0.0,125.0,0.0,0.0,0.0,699.0506666666666,0.0,0.0,1.0,0.0,64,1
