sport,dur,pkts_fwd,pkts_bwd,bytes_fwd,bytes_bwd,pktlen_fwd_mean,pktlen_fwd_std,pktlen_bwd_mean,pktlen_bwd_std,iat_fwd_mean,iat_fwd_std,pps,payload_entropy_fwd,iat_cv_fwd,small_pkt_ratio_fwd,small_pkt_ratio_bwd,ttl_fwd_first,label
42012,0.0024340152740478516,1,1,74,138,74.0,0.0,138.0,0.0,0.0,0.0,821.6875306102459,0.0,0.0,1.0,0.0,64,1
37923,0.0019991397857666016,1,1,74,138,74.0,0.0,138.0,0.0,0.0,0.0,1000.4302921884317,0.0,0.0,1.0,0.0,64,1
55702,0.07797813415527344,1,1,74,138,74.0,0.0,138.0,0.0,0.0,0.0,25.648215639752465,0.0,0.0,1.0,0.0,64,1
60602,0.047953128814697266,1,1,74,138,74.0,0.0,138.0,0.0,0.0,0.0,41.70739322826033,0.0,0.0,1.0,0.0,64,1
46050,0.17218708992004395,1,1,74,138,74.0,0.0,138.0,0.0,0.0,0.0,11.61527267188679,0.0,0.0,1.0,0.0,64,1
36792,0.0020759105682373047,1,1,74,138,74.0,0.0,138.0,0.0,0.0,0.0,963.4326404042724,0.0,0.0,1.0,0.0,64,1
56601,0.10888481140136719,1,1,74,138,74.0,0.0,138.0,0.0,0.0,0.0,18.368034753972008,0.0,0.0,1.0,0.0,64,1
53672,0.002505064010620117,1,1,74,138,74.0,0.0,138.0,0.0,0.0,0.0,798.3827924240982,0.0,0.0,1.0,0.0,64,1
46943,0.0025169849395751953,1,1,77,125,77.0,0.0,125.0,0.0,0.0,0.0,794.6014966373023,0.0,0.0,1.0,0.0,64,1
