sport,dur,pkts_fwd,pkts_bwd,bytes_fwd,bytes_bwd,pktlen_fwd_mean,pktlen_fwd_std,pktlen_bwd_mean,pktlen_bwd_std,iat_fwd_mean,iat_fwd_std,pps,payload_entropy_fwd,iat_cv_fwd,small_pkt_ratio_fwd,small_pkt_ratio_bwd,ttl_fwd_first,label
51730,0.0024559497833251953,1,1,74,138,74.0,0.0,138.0,0.0,0.0,0.0,814.3488981652267,0.0,0.0,1.0,0.0,64,1
42395,0.004578113555908203,1,1,74,138,74.0,0.0,138.0,0.0,0.0,0.0,436.8611602958025,0.0,0.0,1.0,0.0,64,1
59269,0.0065991878509521484,1,1,74,138,74.0,0.0,138.0,0.0,0.0,0.0,303.0675963727013,0.0,0.0,1.0,0.0,64,1
51358,0.13777613639831543,1,1,74,138,74.0,0.0,138.0,0.0,0.0,0.0,14.516301968418775,0.0,0.0,1.0,0.0,64,1
54261,0.0026998519897460938,1,1,74,138,74.0,0.0,138.0,0.0,0.0,0.0,740.7813493465206,0.0,0.0,1.0,0.0,64,1
38438,0.002471923828125,1,1,74,138,74.0,0.0,138.0,0.0,0.0,0.0,809.0864197530864,0.0,0.0,1.0,0.0,64,1
39165,0.002307891845703125,1,1,74,138,74.0,0.0,138.0,0.0,0.0,0.0,866.5917355371901,0.0,0.0,1.0,0.0,64,1
42449,0.017670869827270508,1,1,74,138,74.0,0.0,138.0,0.0,0.0,0.0,113.18061983080804,0.0,0.0,1.0,0.0,64,1
58956,0.002722024917602539,1,1,77,125,77.0,0.0,125.0,0.0,0.0,0.0,734.747131470614,0.0,0.0,1.0,0.0,64,1
