sport,dur,pkts_fwd,pkts_bwd,bytes_fwd,bytes_bwd,pktlen_fwd_mean,pktlen_fwd_std,pktlen_bwd_mean,pktlen_bwd_std,iat_fwd_mean,iat_fwd_std,pps,payload_entropy_fwd,iat_cv_fwd,small_pkt_ratio_fwd,small_pkt_ratio_bwd,ttl_fwd_first,label
34000,0.01934218406677246,1,1,74,138,74.0,0.0,138.0,0.0,0.0,0.0,103.4009392680612,0.0,0.0,1.0,0.0,64,1
51526,0.0031960010528564453,1,1,74,138,74.0,0.0,138.0,0.0,0.0,0.0,625.7820216337187,0.0,0.0,1.0,0.0,64,1
46799,0.012552976608276367,1,1,74,138,74.0,0.0,138.0,0.0,0.0,0.0,159.3247611631308,0.0,0.0,1.0,0.0,64,1
50487,0.001934051513671875,1,1,74,138,74.0,0.0,138.0,0.0,0.0,0.0,1034.0986193293886,0.0,0.0,1.0,0.0,64,1
40269,0.0211181640625,1,1,74,138,74.0,0.0,138.0,0.0,0.0,0.0,94.70520231213872,0.0,0.0,1.0,0.0,64,1
33927,0.011638879776000977,1,1,74,138,74.0,0.0,138.0,0.0,0.0,0.0,171.83784337423438,0.0,0.0,1.0,0.0,64,1
35955,0.018847942352294922,1,1,74,138,74.0,0.0,138.0,0.0,0.0,0.0,106.11237888025906,0.0,0.0,1.0,0.0,64,1
50984,0.013236045837402344,1,1,74,138,74.0,0.0,138.0,0.0,0.0,0.0,151.10252900064847,0.0,0.0,1.0,0.0,64,1
46983,0.0019719600677490234,1,1,77,125,77.0,0.0,125.0,0.0,0.0,0.0,1014.2193205174707,0.0,0.0,1.0,0.0,64,1
