sport,dur,pkts_fwd,pkts_bwd,bytes_fwd,bytes_bwd,pktlen_fwd_mean,pktlen_fwd_std,pktlen_bwd_mean,pktlen_bwd_std,iat_fwd_mean,iat_fwd_std,pps,payload_entropy_fwd,iat_cv_fwd,small_pkt_ratio_fwd,small_pkt_ratio_bwd,ttl_fwd_first,label
35711,0.01880812644958496,1,1,74,138,74.0,0.0,138.0,0.0,0.0,0.0,106.337013703145,0.0,0.0,1.0,0.0,64,1
32897,0.0027670860290527344,1,1,74,138,74.0,0.0,138.0,0.0,0.0,0.0,722.7820093055316,0.0,0.0,1.0,0.0,64,1
53744,0.015130996704101562,1,1,74,138,74.0,0.0,138.0,0.0,0.0,0.0,132.17899911760998,0.0,0.0,1.0,0.0,64,1
36629,0.012992143630981445,1,1,74,138,74.0,0.0,138.0,0.0,0.0,0.0,153.9391848494302,0.0,0.0,1.0,0.0,64,1
55659,0.022665023803710938,1,1,74,138,74.0,0.0,138.0,0.0,0.0,0.0,88.2416898089708,0.0,0.0,1.0,0.0,64,1
47268,0.0016829967498779297,1,1,74,138,74.0,0.0,138.0,0.0,0.0,0.0,1188.3564244227227,0.0,0.0,1.0,0.0,64,1
59063,0.006757974624633789,1,1,74,138,74.0,0.0,138.0,0.0,0.0,0.0,295.9466572587758,0.0,0.0,1.0,0.0,64,1
34880,0.00843501091003418,1,1,74,138,74.0,0.0,138.0,0.0,0.0,0.0,237.1069843692586,0.0,0.0,1.0,0.0,64,1
45805,0.0018439292907714844,1,1,77,125,77.0,0.0,125.0,0.0,0.0,0.0,1084.6402896302043,0.0,0.0,1.0,0.0,64,1
