sport,dur,pkts_fwd,pkts_bwd,bytes_fwd,bytes_bwd,pktlen_fwd_mean,pktlen_fwd_std,pktlen_bwd_mean,pktlen_bwd_std,iat_fwd_mean,iat_fwd_std,pps,payload_entropy_fwd,iat_cv_fwd,small_pkt_ratio_fwd,small_pkt_ratio_bwd,ttl_fwd_first,label
48462,0.04208207130432129,1,1,74,138,74.0,0.0,138.0,0.0,0.0,0.0,47.52617772867624,0.0,0.0,1.0,0.0,64,1
59619,0.013312816619873047,1,1,74,138,74.0,0.0,138.0,0.0,0.0,0.0,150.23116873813532,0.0,0.0,1.0,0.0,64,1
59816,0.012624979019165039,1,1,74,138,74.0,0.0,138.0,0.0,0.0,0.0,158.41610484769512,0.0,0.0,1.0,0.0,64,1
56882,0.02073502540588379,1,1,74,138,74.0,0.0,138.0,0.0,0.0,0.0,96.45515068587657,0.0,0.0,1.0,0.0,64,1
54224,0.002579927444458008,1,1,74,138,74.0,0.0,138.0,0.0,0.0,0.0,775.2155992976619,0.0,0.0,1.0,0.0,64,1
54357,0.017414093017578125,1,1,74,138,74.0,0.0,138.0,0.0,0.0,0.0,114.84950711938664,0.0,0.0,1.0,0.0,64,1
49519,0.00446009635925293,1,1,74,138,74.0,0.0,138.0,0.0,0.0,0.0,448.42080504623937,0.0,0.0,1.0,0.0,64,1
41390,0.010181188583374023,1,1,74,138,74.0,0.0,138.0,0.0,0.0,0.0,196.44071845069433,0.0,0.0,1.0,0.0,64,1
52493,0.001405954360961914,1,1,77,125,77.0,0.0,125.0,0.0,0.0,0.0,1422.5212820078007,0.0,0.0,1.0,0.0,64,1
