sport,dur,pkts_fwd,pkts_bwd,bytes_fwd,bytes_bwd,pktlen_fwd_mean,pktlen_fwd_std,pktlen_bwd_mean,pktlen_bwd_std,iat_fwd_mean,iat_fwd_std,pps,payload_entropy_fwd,iat_cv_fwd,small_pkt_ratio_fwd,small_pkt_ratio_bwd,ttl_fwd_first,label
41218,0.001889944076538086,1,1,74,138,74.0,0.0,138.0,0.0,0.0,0.0,1058.232370379715,0.0,0.0,1.0,0.0,64,1
40638,0.0023491382598876953,1,1,74,138,74.0,0.0,138.0,0.0,0.0,0.0,851.3760276058053,0.0,0.0,1.0,0.0,64,1
48130,0.0026929378509521484,1,1,74,138,74.0,0.0,138.0,0.0,0.0,0.0,742.6833111996459,0.0,0.0,1.0,0.0,64,1
41980,0.002045869827270508,1,1,74,138,74.0,0.0,138.0,0.0,0.0,0.0,977.5793031115255,0.0,0.0,1.0,0.0,64,1
33844,0.22225308418273926,1,1,74,138,74.0,0.0,138.0,0.0,0.0,0.0,8.998750264160902,0.0,0.0,1.0,0.0,64,1
39450,0.0019919872283935547,1,1,74,138,74.0,0.0,138.0,0.0,0.0,0.0,1004.0225014961101,0.0,0.0,1.0,0.0,64,1
41725,0.012138128280639648,1,1,74,138,74.0,0.0,138.0,0.0,0.0,0.0,164.77004969456502,0.0,0.0,1.0,0.0,64,1
49902,0.0047838687896728516,1,1,74,138,74.0,0.0,138.0,0.0,0.0,0.0,418.07166708198355,0.0,0.0,1.0,0.0,64,1
57450,0.005220890045166016,1,1,77,125,77.0,0.0,125.0,0.0,0.0,0.0,383.07644533747373,0.0,0.0,1.0,0.0,64,1
