sport,dur,pkts_fwd,pkts_bwd,bytes_fwd,bytes_bwd,pktlen_fwd_mean,pktlen_fwd_std,pktlen_bwd_mean,pktlen_bwd_std,iat_fwd_mean,iat_fwd_std,pps,payload_entropy_fwd,iat_cv_fwd,small_pkt_ratio_fwd,small_pkt_ratio_bwd,ttl_fwd_first,label
57365,0.002396106719970703,1,1,74,138,74.0,0.0,138.0,0.0,0.0,0.0,834.6873631840796,0.0,0.0,1.0,0.0,64,1
48180,0.007170915603637695,1,1,74,138,74.0,0.0,138.0,0.0,0.0,0.0,278.90441200917644,0.0,0.0,1.0,0.0,64,1
53837,0.007088899612426758,1,1,74,138,74.0,0.0,138.0,0.0,0.0,0.0,282.13123465509705,0.0,0.0,1.0,0.0,64,1
35461,0.004025936126708984,1,1,74,138,74.0,0.0,138.0,0.0,0.0,0.0,496.7788700698804,0.0,0.0,1.0,0.0,64,1
44351,0.017253875732421875,1,1,74,138,74.0,0.0,138.0,0.0,0.0,0.0,115.91598496573071,0.0,0.0,1.0,0.0,64,1
47882,0.15094590187072754,1,1,74,138,74.0,0.0,138.0,0.0,0.0,0.0,13.249780055061262,0.0,0.0,1.0,0.0,64,1
36487,0.006478071212768555,1,1,74,138,74.0,0.0,138.0,0.0,0.0,0.0,308.7338706709359,0.0,0.0,1.0,0.0,64,1
60517,0.2865288257598877,1,1,74,138,74.0,0.0,138.0,0.0,0.0,0.0,6.9801005001709955,0.0,0.0,1.0,0.0,64,1
47350,0.0031762123107910156,1,1,77,125,77.0,0.0,125.0,0.0,0.0,0.0,629.6808287043988,0.0,0.0,1.0,0.0,64,1
