sport,dur,pkts_fwd,pkts_bwd,bytes_fwd,bytes_bwd,pktlen_fwd_mean,pktlen_fwd_std,pktlen_bwd_mean,pktlen_bwd_std,iat_fwd_mean,iat_fwd_std,pps,payload_entropy_fwd,iat_cv_fwd,small_pkt_ratio_fwd,small_pkt_ratio_bwd,ttl_fwd_first,label
39562,0.0024700164794921875,1,1,74,138,74.0,0.0,138.0,0.0,0.0,0.0,809.7111969111969,0.0,0.0,1.0,0.0,64,1
35703,0.0031151771545410156,1,1,74,138,74.0,0.0,138.0,0.0,0.0,0.0,642.0180621460279,0.0,0.0,1.0,0.0,64,1
58971,0.002466917037963867,1,1,74,138,74.0,0.0,138.0,0.0,0.0,0.0,810.728520344061,0.0,0.0,1.0,0.0,64,1
44504,0.021881103515625,1,1,74,138,74.0,0.0,138.0,0.0,0.0,0.0,91.40306834030683,0.0,0.0,1.0,0.0,64,1
58842,0.0025768280029296875,1,1,74,138,74.0,0.0,138.0,0.0,0.0,0.0,776.1480384900074,0.0,0.0,1.0,0.0,64,1
56926,0.020975112915039062,1,1,74,138,74.0,0.0,138.0,0.0,0.0,0.0,95.35109575338728,0.0,0.0,1.0,0.0,64,1
46161,0.01744985580444336,1,1,74,138,74.0,0.0,138.0,0.0,0.0,0.0,114.6141276130619,0.0,0.0,1.0,0.0,64,1
54072,0.038704872131347656,1,1,74,138,74.0,0.0,138.0,0.0,0.0,0.0,51.6730811876309,0.0,0.0,1.0,0.0,64,1
41481,0.0029840469360351562,1,1,77,125,77.0,0.0,125.0,0.0,0.0,0.0,670.230744646852,0.0,0.0,1.0,0.0,64,1
