sport,dur,pkts_fwd,pkts_bwd,bytes_fwd,bytes_bwd,pktlen_fwd_mean,pktlen_fwd_std,pktlen_bwd_mean,pktlen_bwd_std,iat_fwd_mean,iat_fwd_std,pps,payload_entropy_fwd,iat_cv_fwd,small_pkt_ratio_fwd,small_pkt_ratio_bwd,ttl_fwd_first,label
34385,0.002599954605102539,1,1,74,138,74.0,0.0,138.0,0.0,0.0,0.0,769.2441999082989,0.0,0.0,1.0,0.0,64,1
42413,0.002293109893798828,1,1,74,138,74.0,0.0,138.0,0.0,0.0,0.0,872.1779995841131,0.0,0.0,1.0,0.0,64,1
43721,0.005441904067993164,1,1,74,138,74.0,0.0,138.0,0.0,0.0,0.0,367.51842278203725,0.0,0.0,1.0,0.0,64,1
48652,0.13864612579345703,1,1,74,138,74.0,0.0,138.0,0.0,0.0,0.0,14.425213748701687,0.0,0.0,1.0,0.0,64,1
33854,0.0024480819702148438,1,1,74,138,74.0,0.0,138.0,0.0,0.0,0.0,816.9661082976237,0.0,0.0,1.0,0.0,64,1
60109,0.0024471282958984375,1,1,74,138,74.0,0.0,138.0,0.0,0.0,0.0,817.2844894777865,0.0,0.0,1.0,0.0,64,1
42824,0.014180183410644531,1,1,74,138,74.0,0.0,138.0,0.0,0.0,0.0,141.0418992534804,0.0,0.0,1.0,0.0,64,1
57977,0.01229405403137207,1,1,74,138,74.0,0.0,138.0,0.0,0.0,0.0,162.68026762338795,0.0,0.0,1.0,0.0,64,1
46953,0.006963014602661133,1,1,77,125,77.0,0.0,125.0,0.0,0.0,0.0,287.23191234377674,0.0,0.0,1.0,0.0,64,1
