sport,dur,pkts_fwd,pkts_bwd,bytes_fwd,bytes_bwd,pktlen_fwd_mean,pktlen_fwd_std,pktlen_bwd_mean,pktlen_bwd_std,iat_fwd_mean,iat_fwd_std,pps,payload_entropy_fwd,iat_cv_fwd,small_pkt_ratio_fwd,small_pkt_ratio_bwd,ttl_fwd_first,label
44497,0.017084121704101562,1,1,74,138,74.0,0.0,138.0,0.0,0.0,0.0,117.06776822596852,0.0,0.0,1.0,0.0,64,1
55184,0.010961055755615234,1,1,74,138,74.0,0.0,138.0,0.0,0.0,0.0,182.46417540348892,0.0,0.0,1.0,0.0,64,1
37403,0.09557700157165527,1,1,74,138,74.0,0.0,138.0,0.0,0.0,0.0,20.925536134344778,0.0,0.0,1.0,0.0,64,1
60817,0.021993160247802734,1,1,74,138,74.0,0.0,138.0,0.0,0.0,0.0,90.93736313769703,0.0,0.0,1.0,0.0,64,1
38059,0.011496782302856445,1,1,74,138,74.0,0.0,138.0,0.0,0.0,0.0,173.96171792372618,0.0,0.0,1.0,0.0,64,1
38318,0.013099908828735352,1,1,74,138,74.0,0.0,138.0,0.0,0.0,0.0,152.67281827281826,0.0,0.0,1.0,0.0,64,1
60222,0.039071083068847656,1,1,74,138,74.0,0.0,138.0,0.0,0.0,0.0,51.1887524713808,0.0,0.0,1.0,0.0,64,1
53557,0.006659030914306641,1,1,74,138,74.0,0.0,138.0,0.0,0.0,0.0,300.3440028643036,0.0,0.0,1.0,0.0,64,1
49524,0.003345012664794922,1,1,77,125,77.0,0.0,125.0,0.0,0.0,0.0,597.9050605844619,0.0,0.0,1.0,0.0,64,1
