sport,dur,pkts_fwd,pkts_bwd,bytes_fwd,bytes_bwd,pktlen_fwd_mean,pktlen_fwd_std,pktlen_bwd_mean,pktlen_bwd_std,iat_fwd_mean,iat_fwd_std,pps,payload_entropy_fwd,iat_cv_fwd,small_pkt_ratio_fwd,small_pkt_ratio_bwd,ttl_fwd_first,label
42175,0.015825986862182617,1,1,74,138,74.0,0.0,138.0,0.0,0.0,0.0,126.37442564666536,0.0,0.0,1.0,0.0,64,1
36211,0.0053081512451171875,1,1,74,138,74.0,0.0,138.0,0.0,0.0,0.0,376.7790154509522,0.0,0.0,1.0,0.0,64,1
32932,0.003665924072265625,1,1,74,138,74.0,0.0,138.0,0.0,0.0,0.0,545.5650364203955,0.0,0.0,1.0,0.0,64,1
33339,0.1940619945526123,1,1,74,138,74.0,0.0,138.0,0.0,0.0,0.0,10.305984974599333,0.0,0.0,1.0,0.0,64,1
54594,0.013661861419677734,1,1,74,138,74.0,0.0,138.0,0.0,0.0,0.0,146.3929356741475,0.0,0.0,1.0,0.0,64,1
57036,0.006824970245361328,1,1,74,138,74.0,0.0,138.0,0.0,0.0,0.0,293.0415706001537,0.0,0.0,1.0,0.0,64,1
54066,0.007771015167236328,1,1,74,138,74.0,0.0,138.0,0.0,0.0,0.0,257.3666318954409,0.0,0.0,1.0,0.0,64,1
45361,0.01876091957092285,1,1,74,138,74.0,0.0,138.0,0.0,0.0,0.0,106.60458259731348,0.0,0.0,1.0,0.0,64,1
59696,0.002485990524291992,1,1,77,125,77.0,0.0,125.0,0.0,0.0,0.0,804.5082957705956,0.0,0.0,1.0,0.0,64,1
