sport,dur,pkts_fwd,pkts_bwd,bytes_fwd,bytes_bwd,pktlen_fwd_mean,pktlen_fwd_std,pktlen_bwd_mean,pktlen_bwd_std,iat_fwd_mean,iat_fwd_std,pps,payload_entropy_fwd,iat_cv_fwd,small_pkt_ratio_fwd,small_pkt_ratio_bwd,ttl_fwd_first,label
51945,0.0014162063598632812,1,1,74,138,74.0,0.0,138.0,0.0,0.0,0.0,1412.223569023569,0.0,0.0,1.0,0.0,64,1
50565,0.0020530223846435547,1,1,74,138,74.0,0.0,138.0,0.0,0.0,0.0,974.1734990128905,0.0,0.0,1.0,0.0,64,1
53303,0.0156400203704834,1,1,74,138,74.0,0.0,138.0,0.0,0.0,0.0,127.87707129681854,0.0,0.0,1.0,0.0,64,1
46228,0.00640416145324707,1,1,74,138,74.0,0.0,138.0,0.0,0.0,0.0,312.29693607832917,0.0,0.0,1.0,0.0,64,1
50783,0.002187967300415039,1,1,74,138,74.0,0.0,138.0,0.0,0.0,0.0,914.0904435000544,0.0,0.0,1.0,0.0,64,1
46848,0.0024509429931640625,1,1,74,138,74.0,0.0,138.0,0.0,0.0,0.0,816.0124513618678,0.0,0.0,1.0,0.0,64,1
48695,0.03760099411010742,1,1,74,138,74.0,0.0,138.0,0.0,0.0,0.0,53.190083063851375,0.0,0.0,1.0,0.0,64,1
45610,0.002457857131958008,1,1,74,138,74.0,0.0,138.0,0.0,0.0,0.0,813.7169463575517,0.0,0.0,1.0,0.0,64,1
44003,0.002640962600708008,1,1,77,125,77.0,0.0,125.0,0.0,0.0,0.0,757.2996298636815,0.0,0.0,1.0,0.0,64,1
