sport,dur,pkts_fwd,pkts_bwd,bytes_fwd,bytes_bwd,pktlen_fwd_mean,pktlen_fwd_std,pktlen_bwd_mean,pktlen_bwd_std,iat_fwd_mean,iat_fwd_std,pps,payload_entropy_fwd,iat_cv_fwd,small_pkt_ratio_fwd,small_pkt_ratio_bwd,ttl_fwd_first,label
39538,0.28473401069641113,1,1,74,138,74.0,0.0,138.0,0.0,0.0,0.0,7.024099422153114,0.0,0.0,1.0,0.0,64,1
51623,0.0431971549987793,1,1,74,138,74.0,0.0,138.0,0.0,0.0,0.0,46.29934540958815,0.0,0.0,1.0,0.0,64,1
42929,0.018555879592895508,1,1,74,138,74.0,0.0,138.0,0.0,0.0,0.0,107.78254892135323,0.0,0.0,1.0,0.0,64,1
59790,0.012914896011352539,1,1,74,138,74.0,0.0,138.0,0.0,0.0,0.0,154.8599383411176,0.0,0.0,1.0,0.0,64,1
57213,0.00554203987121582,1,1,74,138,74.0,0.0,138.0,0.0,0.0,0.0,360.87795224779524,0.0,0.0,1.0,0.0,64,1
36238,0.003156900405883789,1,1,74,138,74.0,0.0,138.0,0.0,0.0,0.0,633.5328147420889,0.0,0.0,1.0,0.0,64,1
53188,0.007184028625488281,1,1,74,138,74.0,0.0,138.0,0.0,0.0,0.0,278.39532722686846,0.0,0.0,1.0,0.0,64,1
48436,0.0019378662109375,1,1,74,138,74.0,0.0,138.0,0.0,0.0,0.0,1032.0629921259842,0.0,0.0,1.0,0.0,64,1
40282,0.0020618438720703125,1,1,77,125,77.0,0.0,125.0,0.0,0.0,0.0,970.0055504162813,0.0,0.0,1.0,0.0,64,1
