sport,dur,pkts_fwd,pkts_bwd,bytes_fwd,bytes_bwd,pktlen_fwd_mean,pktlen_fwd_std,pktlen_bwd_mean,pktlen_bwd_std,iat_fwd_mean,iat_fwd_std,pps,payload_entropy_fwd,iat_cv_fwd,small_pkt_ratio_fwd,small_pkt_ratio_bwd,ttl_fwd_first,label
54675,0.0013480186462402344,1,1,74,138,74.0,0.0,138.0,0.0,0.0,0.0,1483.659002476123,0.0,0.0,1.0,0.0,64,1
43174,0.0018880367279052734,1,1,74,138,74.0,0.0,138.0,0.0,0.0,0.0,1059.301426947847,0.0,0.0,1.0,0.0,64,1
59728,0.0032138824462890625,1,1,74,138,74.0,0.0,138.0,0.0,0.0,0.0,622.300296735905,0.0,0.0,1.0,0.0,64,1
36959,0.02686285972595215,1,1,74,138,74.0,0.0,138.0,0.0,0.0,0.0,74.45223704413736,0.0,0.0,1.0,0.0,64,1
36675,0.0024809837341308594,1,1,74,138,74.0,0.0,138.0,0.0,0.0,0.0,806.1318470113396,0.0,0.0,1.0,0.0,64,1
56286,0.0026030540466308594,1,1,74,138,74.0,0.0,138.0,0.0,0.0,0.0,768.3282652500458,0.0,0.0,1.0,0.0,64,1
48100,0.002370119094848633,1,1,74,138,74.0,0.0,138.0,0.0,0.0,0.0,843.8394527713509,0.0,0.0,1.0,0.0,64,1
53530,0.0025510787963867188,1,1,74,138,74.0,0.0,138.0,0.0,0.0,0.0,783.9820560747663,0.0,0.0,1.0,0.0,64,1
42706,0.0025238990783691406,1,1,77,125,77.0,0.0,125.0,0.0,0.0,0.0,792.4247118836199,0.0,0.0,1.0,0.0,64,1
