sport,dur,pkts_fwd,pkts_bwd,bytes_fwd,bytes_bwd,pktlen_fwd_mean,pktlen_fwd_std,pktlen_bwd_mean,pktlen_bwd_std,iat_fwd_mean,iat_fwd_std,pps,payload_entropy_fwd,iat_cv_fwd,small_pkt_ratio_fwd,small_pkt_ratio_bwd,ttl_fwd_first,label
47671,0.0020198822021484375,1,1,74,138,74.0,0.0,138.0,0.0,0.0,0.0,990.1567516525024,0.0,0.0,1.0,0.0,64,1
53419,0.0020570755004882812,1,1,74,138,74.0,0.0,138.0,0.0,0.0,0.0,972.254056560037,0.0,0.0,1.0,0.0,64,1
59765,0.019856929779052734,1,1,74,138,74.0,0.0,138.0,0.0,0.0,0.0,100.72050524698028,0.0,0.0,1.0,0.0,64,1
37696,0.004733085632324219,1,1,74,138,74.0,0.0,138.0,0.0,0.0,0.0,422.55732419907315,0.0,0.0,1.0,0.0,64,1
41805,0.0018079280853271484,1,1,74,138,74.0,0.0,138.0,0.0,0.0,0.0,1106.238691810629,0.0,0.0,1.0,0.0,64,1
51132,0.002456188201904297,1,1,74,138,74.0,0.0,138.0,0.0,0.0,0.0,814.2698505144632,0.0,0.0,1.0,0.0,64,1
42029,0.021920204162597656,1,1,74,138,74.0,0.0,138.0,0.0,0.0,0.0,91.24002610398085,0.0,0.0,1.0,0.0,64,1
33195,0.07355308532714844,1,1,74,138,74.0,0.0,138.0,0.0,0.0,0.0,27.19124549438581,0.0,0.0,1.0,0.0,64,1
54974,0.0021619796752929688,1,1,77,125,77.0,0.0,125.0,0.0,0.0,0.0,925.0780767534186,0.0,0.0,1.0,0.0,64,1
