sport,dur,pkts_fwd,pkts_bwd,bytes_fwd,bytes_bwd,pktlen_fwd_mean,pktlen_fwd_std,pktlen_bwd_mean,pktlen_bwd_std,iat_fwd_mean,iat_fwd_std,pps,payload_entropy_fwd,iat_cv_fwd,small_pkt_ratio_fwd,small_pkt_ratio_bwd,ttl_fwd_first,label
48713,0.019875049591064453,1,1,74,138,74.0,0.0,138.0,0.0,0.0,0.0,100.62867973417144,0.0,0.0,1.0,0.0,64,1
34672,0.0024399757385253906,1,1,74,138,74.0,0.0,138.0,0.0,0.0,0.0,819.6802814148915,0.0,0.0,1.0,0.0,64,1
48566,0.011573076248168945,1,1,74,138,74.0,0.0,138.0,0.0,0.0,0.0,172.8148987453905,0.0,0.0,1.0,0.0,64,1
38964,0.007517099380493164,1,1,74,138,74.0,0.0,138.0,0.0,0.0,0.0,266.0600716800406,0.0,0.0,1.0,0.0,64,1
59901,0.0076160430908203125,1,1,74,138,74.0,0.0,138.0,0.0,0.0,0.0,262.6035562233909,0.0,0.0,1.0,0.0,64,1
38310,0.003225088119506836,1,1,74,138,74.0,0.0,138.0,0.0,0.0,0.0,620.1380941820064,0.0,0.0,1.0,0.0,64,1
32984,0.0188140869140625,1,1,74,138,74.0,0.0,138.0,0.0,0.0,0.0,106.30332522303326,0.0,0.0,1.0,0.0,64,1
55609,0.006838083267211914,1,1,74,138,74.0,0.0,138.0,0.0,0.0,0.0,292.4796206547889,0.0,0.0,1.0,0.0,64,1
53633,0.0021982192993164062,1,1,77,125,77.0,0.0,125.0,0.0,0.0,0.0,909.8273318872017,0.0,0.0,1.0,0.0,64,1
