sport,dur,pkts_fwd,pkts_bwd,bytes_fwd,bytes_bwd,pktlen_fwd_mean,pktlen_fwd_std,pktlen_bwd_mean,pktlen_bwd_std,iat_fwd_mean,iat_fwd_std,pps,payload_entropy_fwd,iat_cv_fwd,small_pkt_ratio_fwd,small_pkt_ratio_bwd,ttl_fwd_first,label
45930,0.017174959182739258,1,1,74,138,74.0,0.0,138.0,0.0,0.0,0.0,116.4486028013382,0.0,0.0,1.0,0.0,64,1
60302,0.011141061782836914,1,1,74,138,74.0,0.0,138.0,0.0,0.0,0.0,179.5161034903379,0.0,0.0,1.0,0.0,64,1
38306,0.007169008255004883,1,1,74,138,74.0,0.0,138.0,0.0,0.0,0.0,278.97861585021116,0.0,0.0,1.0,0.0,64,1
41005,0.13629984855651855,1,1,74,138,74.0,0.0,138.0,0.0,0.0,0.0,14.673530610495677,0.0,0.0,1.0,0.0,64,1
58293,0.0027990341186523438,1,1,74,138,74.0,0.0,138.0,0.0,0.0,0.0,714.5321976149914,0.0,0.0,1.0,0.0,64,1
50560,0.009953975677490234,1,1,74,138,74.0,0.0,138.0,0.0,0.0,0.0,200.92474251497006,0.0,0.0,1.0,0.0,64,1
37990,0.013072967529296875,1,1,74,138,74.0,0.0,138.0,0.0,0.0,0.0,152.9874525824336,0.0,0.0,1.0,0.0,64,1
52496,0.00746607780456543,1,1,74,138,74.0,0.0,138.0,0.0,0.0,0.0,267.87826920006387,0.0,0.0,1.0,0.0,64,1
47978,0.0028548240661621094,1,1,77,125,77.0,0.0,125.0,0.0,0.0,0.0,700.5685652246534,0.0,0.0,1.0,0.0,64,1
