sport,dur,pkts_fwd,pkts_bwd,bytes_fwd,bytes_bwd,pktlen_fwd_mean,pktlen_fwd_std,pktlen_bwd_mean,pktlen_bwd_std,iat_fwd_mean,iat_fwd_std,pps,payload_entropy_fwd,iat_cv_fwd,small_pkt_ratio_fwd,small_pkt_ratio_bwd,ttl_fwd_first,label
36624,0.0024809837341308594,1,1,74,138,74.0,0.0,138.0,0.0,0.0,0.0,806.1318470113396,0.0,0.0,1.0,0.0,64,1
52550,0.021863937377929688,1,1,74,138,74.0,0.0,138.0,0.0,0.0,0.0,91.47483206839397,0.0,0.0,1.0,0.0,64,1
48390,0.00560307502746582,1,1,74,138,74.0,0.0,138.0,0.0,0.0,0.0,356.9468533253904,0.0,0.0,1.0,0.0,64,1
48427,0.009856939315795898,1,1,74,138,74.0,0.0,138.0,0.0,0.0,0.0,202.90274048811165,0.0,0.0,1.0,0.0,64,1
54630,0.028154850006103516,1,1,74,138,74.0,0.0,138.0,0.0,0.0,0.0,71.03571851977306,0.0,0.0,1.0,0.0,64,1
44511,0.03823089599609375,1,1,74,138,74.0,0.0,138.0,0.0,0.0,0.0,52.31370983835562,0.0,0.0,1.0,0.0,64,1
59300,0.0032379627227783203,1,1,74,138,74.0,0.0,138.0,0.0,0.0,0.0,617.6723363522568,0.0,0.0,1.0,0.0,64,1
48403,0.012874841690063477,1,1,74,138,74.0,0.0,138.0,0.0,0.0,0.0,155.3417158941501,0.0,0.0,1.0,0.0,64,1
41342,0.001953125,1,1,77,125,77.0,0.0,125.0,0.0,0.0,0.0,1024.0,0.0,0.0,1.0,0.0,64,1
