sport,dur,pkts_fwd,pkts_bwd,bytes_fwd,bytes_bwd,pktlen_fwd_mean,pktlen_fwd_std,pktlen_bwd_mean,pktlen_bwd_std,iat_fwd_mean,iat_fwd_std,pps,payload_entropy_fwd,iat_cv_fwd,small_pkt_ratio_fwd,small_pkt_ratio_bwd,ttl_fwd_first,label
47775,0.009723901748657227,1,1,74,138,74.0,0.0,138.0,0.0,0.0,0.0,205.6787544440358,0.0,0.0,1.0,0.0,64,1
41930,0.0024449825286865234,1,1,74,138,74.0,0.0,138.0,0.0,0.0,0.0,818.0017552413457,0.0,0.0,1.0,0.0,64,1
53705,0.017409801483154297,1,1,74,138,74.0,0.0,138.0,0.0,0.0,0.0,114.8778176439977,0.0,0.0,1.0,0.0,64,1
54364,0.0226290225982666,1,1,74,138,74.0,0.0,138.0,0.0,0.0,0.0,88.3820762171673,0.0,0.0,1.0,0.0,64,1
35158,0.0020639896392822266,1,1,74,138,74.0,0.0,138.0,0.0,0.0,0.0,968.9971121635671,0.0,0.0,1.0,0.0,64,1
34925,0.0024580955505371094,1,1,74,138,74.0,0.0,138.0,0.0,0.0,0.0,813.6380213385063,0.0,0.0,1.0,0.0,64,1
48117,0.006159067153930664,1,1,74,138,74.0,0.0,138.0,0.0,0.0,0.0,324.7244996709635,0.0,0.0,1.0,0.0,64,1
43037,0.0020389556884765625,1,1,74,138,74.0,0.0,138.0,0.0,0.0,0.0,980.8942937324603,0.0,0.0,1.0,0.0,64,1
36523,0.0032100677490234375,1,1,77,125,77.0,0.0,125.0,0.0,0.0,0.0,623.0398098633393,0.0,0.0,1.0,0.0,64,1
