sport,dur,pkts_fwd,pkts_bwd,bytes_fwd,bytes_bwd,pktlen_fwd_mean,pktlen_fwd_std,pktlen_bwd_mean,pktlen_bwd_std,iat_fwd_mean,iat_fwd_std,pps,payload_entropy_fwd,iat_cv_fwd,small_pkt_ratio_fwd,small_pkt_ratio_bwd,ttl_fwd_first,label
60145,0.0023698806762695312,1,1,74,138,74.0,0.0,138.0,0.0,0.0,0.0,843.9243460764587,0.0,0.0,1.0,0.0,64,1
48980,0.00220489501953125,1,1,74,138,74.0,0.0,138.0,0.0,0.0,0.0,907.0726643598616,0.0,0.0,1.0,0.0,64,1
52730,0.026965856552124023,1,1,74,138,74.0,0.0,138.0,0.0,0.0,0.0,74.16786468970761,0.0,0.0,1.0,0.0,64,1
34708,0.02051401138305664,1,1,74,138,74.0,0.0,138.0,0.0,0.0,0.0,97.49433997350131,0.0,0.0,1.0,0.0,64,1
42202,0.0020830631256103516,1,1,74,138,74.0,0.0,138.0,0.0,0.0,0.0,960.1245278699782,0.0,0.0,1.0,0.0,64,1
45970,0.0014090538024902344,1,1,74,138,74.0,0.0,138.0,0.0,0.0,0.0,1419.3922165820643,0.0,0.0,1.0,0.0,64,1
42288,0.0031671524047851562,1,1,74,138,74.0,0.0,138.0,0.0,0.0,0.0,631.482083709726,0.0,0.0,1.0,0.0,64,1
53839,0.00539398193359375,1,1,74,138,74.0,0.0,138.0,0.0,0.0,0.0,370.7835926449788,0.0,0.0,1.0,0.0,64,1
41359,0.0020668506622314453,1,1,77,125,77.0,0.0,125.0,0.0,0.0,0.0,967.6557849809667,0.0,0.0,1.0,0.0,64,1
