sport,dur,pkts_fwd,pkts_bwd,bytes_fwd,bytes_bwd,pktlen_fwd_mean,pktlen_fwd_std,pktlen_bwd_mean,pktlen_bwd_std,iat_fwd_mean,iat_fwd_std,pps,payload_entropy_fwd,iat_cv_fwd,small_pkt_ratio_fwd,small_pkt_ratio_bwd,ttl_fwd_first,label
48401,0.0055141448974609375,1,1,74,138,74.0,0.0,138.0,0.0,0.0,0.0,362.70356278104464,0.0,0.0,1.0,0.0,64,1
53878,0.002418994903564453,1,1,74,138,74.0,0.0,138.0,0.0,0.0,0.0,826.7896708062291,0.0,0.0,1.0,0.0,64,1
44652,0.047569990158081055,1,1,74,138,74.0,0.0,138.0,0.0,0.0,0.0,42.04331330222581,0.0,0.0,1.0,0.0,64,1
50254,0.012243032455444336,1,1,74,138,74.0,0.0,138.0,0.0,0.0,0.0,163.35822087203755,0.0,0.0,1.0,0.0,64,1
42806,0.011842012405395508,1,1,74,138,74.0,0.0,138.0,0.0,0.0,0.0,168.89021321145987,0.0,0.0,1.0,0.0,64,1
40919,0.002444028854370117,1,1,74,138,74.0,0.0,138.0,0.0,0.0,0.0,818.3209442981173,0.0,0.0,1.0,0.0,64,1
52133,0.15997099876403809,1,1,74,138,74.0,0.0,138.0,0.0,0.0,0.0,12.502266132313512,0.0,0.0,1.0,0.0,64,1
53143,0.0053980350494384766,1,1,74,138,74.0,0.0,138.0,0.0,0.0,0.0,370.5051897001016,0.0,0.0,1.0,0.0,64,1
58060,0.0022249221801757812,1,1,77,125,77.0,0.0,125.0,0.0,0.0,0.0,898.9078439777111,0.0,0.0,1.0,0.0,64,1
