sport,dur,pkts_fwd,pkts_bwd,bytes_fwd,bytes_bwd,pktlen_fwd_mean,pktlen_fwd_std,pktlen_bwd_mean,pktlen_bwd_std,iat_fwd_mean,iat_fwd_std,pps,payload_entropy_fwd,iat_cv_fwd,small_pkt_ratio_fwd,small_pkt_ratio_bwd,ttl_fwd_first,label
42021,0.04192996025085449,1,1,74,138,74.0,0.0,138.0,0.0,0.0,0.0,47.69859041207276,0.0,0.0,1.0,0.0,64,1
57987,0.0024361610412597656,1,1,74,138,74.0,0.0,138.0,0.0,0.0,0.0,820.9637893912703,0.0,0.0,1.0,0.0,64,1
47810,0.0397031307220459,1,1,74,138,74.0,0.0,138.0,0.0,0.0,0.0,50.37386129576585,0.0,0.0,1.0,0.0,64,1
54231,0.0067768096923828125,1,1,74,138,74.0,0.0,138.0,0.0,0.0,0.0,295.12412046158175,0.0,0.0,1.0,0.0,64,1
52652,0.01819300651550293,1,1,74,138,74.0,0.0,138.0,0.0,0.0,0.0,109.9323522088406,0.0,0.0,1.0,0.0,64,1
44800,0.0070629119873046875,1,1,74,138,74.0,0.0,138.0,0.0,0.0,0.0,283.1693221712125,0.0,0.0,1.0,0.0,64,1
54390,0.011919975280761719,1,1,74,138,74.0,0.0,138.0,0.0,0.0,0.0,167.78558284662773,0.0,0.0,1.0,0.0,64,1
35025,0.010624170303344727,1,1,74,138,74.0,0.0,138.0,0.0,0.0,0.0,188.24999438971298,0.0,0.0,1.0,0.0,64,1
51598,0.005535125732421875,1,1,77,125,77.0,0.0,125.0,0.0,0.0,0.0,361.328738800827,0.0,0.0,1.0,0.0,64,1
