sport,dur,pkts_fwd,pkts_bwd,bytes_fwd,bytes_bwd,pktlen_fwd_mean,pktlen_fwd_std,pktlen_bwd_mean,pktlen_bwd_std,iat_fwd_mean,iat_fwd_std,pps,payload_entropy_fwd,iat_cv_fwd,small_pkt_ratio_fwd,small_pkt_ratio_bwd,ttl_fwd_first,label
54819,0.0015130043029785156,1,1,74,138,74.0,0.0,138.0,0.0,0.0,0.0,1321.8733060195398,0.0,0.0,1.0,0.0,64,1
39467,0.002557039260864258,1,1,74,138,74.0,0.0,138.0,0.0,0.0,0.0,782.1545920745921,0.0,0.0,1.0,0.0,64,1
47499,0.008325815200805664,1,1,74,138,74.0,0.0,138.0,0.0,0.0,0.0,240.21671773431459,0.0,0.0,1.0,0.0,64,1
53720,0.013386011123657227,1,1,74,138,74.0,0.0,138.0,0.0,0.0,0.0,149.40970700863835,0.0,0.0,1.0,0.0,64,1
50215,0.003139972686767578,1,1,74,138,74.0,0.0,138.0,0.0,0.0,0.0,636.9482156416097,0.0,0.0,1.0,0.0,64,1
59411,0.0018429756164550781,1,1,74,138,74.0,0.0,138.0,0.0,0.0,0.0,1085.201552393273,0.0,0.0,1.0,0.0,64,1
42011,0.005355119705200195,1,1,74,138,74.0,0.0,138.0,0.0,0.0,0.0,373.474377810427,0.0,0.0,1.0,0.0,64,1
47654,0.04496502876281738,1,1,74,138,74.0,0.0,138.0,0.0,0.0,0.0,44.47901080080807,0.0,0.0,1.0,0.0,64,1
40572,0.0019481182098388672,1,1,77,125,77.0,0.0,125.0,0.0,0.0,0.0,1026.6317464202668,0.0,0.0,1.0,0.0,64,1
