sport,dur,pkts_fwd,pkts_bwd,bytes_fwd,bytes_bwd,pktlen_fwd_mean,pktlen_fwd_std,pktlen_bwd_mean,pktlen_bwd_std,iat_fwd_mean,iat_fwd_std,pps,payload_entropy_fwd,iat_cv_fwd,small_pkt_ratio_fwd,small_pkt_ratio_bwd,ttl_fwd_first,label
39621,0.001961946487426758,1,1,74,138,74.0,0.0,138.0,0.0,0.0,0.0,1019.3957953578806,0.0,0.0,1.0,0.0,64,1
44497,0.0024080276489257812,1,1,74,138,74.0,0.0,138.0,0.0,0.0,0.0,830.5552475247525,0.0,0.0,1.0,0.0,64,1
46635,0.005154848098754883,1,1,74,138,74.0,0.0,138.0,0.0,0.0,0.0,387.9842745478933,0.0,0.0,1.0,0.0,64,1
54429,0.005560159683227539,1,1,74,138,74.0,0.0,138.0,0.0,0.0,0.0,359.7018995754899,0.0,0.0,1.0,0.0,64,1
46410,0.002379894256591797,1,1,74,138,74.0,0.0,138.0,0.0,0.0,0.0,840.3734722500501,0.0,0.0,1.0,0.0,64,1
59667,0.0032379627227783203,1,1,74,138,74.0,0.0,138.0,0.0,0.0,0.0,617.6723363522568,0.0,0.0,1.0,0.0,64,1
53483,0.006850004196166992,1,1,74,138,74.0,0.0,138.0,0.0,0.0,0.0,291.97062406459924,0.0,0.0,1.0,0.0,64,1
47461,0.003184080123901367,1,1,74,138,74.0,0.0,138.0,0.0,0.0,0.0,628.1248970423062,0.0,0.0,1.0,0.0,64,1
45996,0.0024759769439697266,1,1,77,125,77.0,0.0,125.0,0.0,0.0,0.0,807.7619643716899,0.0,0.0,1.0,0.0,64,1
