sport,dur,pkts_fwd,pkts_bwd,bytes_fwd,bytes_bwd,pktlen_fwd_mean,pktlen_fwd_std,pktlen_bwd_mean,pktlen_bwd_std,iat_fwd_mean,iat_fwd_std,pps,payload_entropy_fwd,iat_cv_fwd,small_pkt_ratio_fwd,small_pkt_ratio_bwd,ttl_fwd_first,label
41590,0.002833127975463867,1,1,74,138,74.0,0.0,138.0,0.0,0.0,0.0,705.9335184717664,0.0,0.0,1.0,0.0,64,1
47594,0.0031549930572509766,1,1,74,138,74.0,0.0,138.0,0.0,0.0,0.0,633.9158165193078,0.0,0.0,1.0,0.0,64,1
42433,0.14879798889160156,1,1,74,138,74.0,0.0,138.0,0.0,0.0,0.0,13.44104187763578,0.0,0.0,1.0,0.0,64,1
43659,0.004753828048706055,1,1,74,138,74.0,0.0,138.0,0.0,0.0,0.0,420.71357640804456,0.0,0.0,1.0,0.0,64,1
52651,0.0019860267639160156,1,1,74,138,74.0,0.0,138.0,0.0,0.0,0.0,1007.0357743097239,0.0,0.0,1.0,0.0,64,1
36318,0.015219926834106445,1,1,74,138,74.0,0.0,138.0,0.0,0.0,0.0,131.40667637890252,0.0,0.0,1.0,0.0,64,1
47090,0.012814998626708984,1,1,74,138,74.0,0.0,138.0,0.0,0.0,0.0,156.06712558139535,0.0,0.0,1.0,0.0,64,1
57925,0.13820099830627441,1,1,74,138,74.0,0.0,138.0,0.0,0.0,0.0,14.471675490850624,0.0,0.0,1.0,0.0,64,1
50440,0.002901792526245117,1,1,77,125,77.0,0.0,125.0,0.0,0.0,0.0,689.2291512611946,0.0,0.0,1.0,0.0,64,1
