sport,dur,pkts_fwd,pkts_bwd,bytes_fwd,bytes_bwd,pktlen_fwd_mean,pktlen_fwd_std,pktlen_bwd_mean,pktlen_bwd_std,iat_fwd_mean,iat_fwd_std,pps,payload_entropy_fwd,iat_cv_fwd,small_pkt_ratio_fwd,small_pkt_ratio_bwd,ttl_fwd_first,label
54664,0.003428936004638672,1,1,74,138,74.0,0.0,138.0,0.0,0.0,0.0,583.271311361424,0.0,0.0,1.0,0.0,64,1
47244,0.0021889209747314453,1,1,74,138,74.0,0.0,138.0,0.0,0.0,0.0,913.6921903932033,0.0,0.0,1.0,0.0,64,1
57648,0.04112696647644043,1,1,74,138,74.0,0.0,138.0,0.0,0.0,0.0,48.629893506629024,0.0,0.0,1.0,0.0,64,1
34369,0.02075505256652832,1,1,74,138,74.0,0.0,138.0,0.0,0.0,0.0,96.36207827415483,0.0,0.0,1.0,0.0,64,1
36823,0.001962900161743164,1,1,74,138,74.0,0.0,138.0,0.0,0.0,0.0,1018.9005222883518,0.0,0.0,1.0,0.0,64,1
35561,0.002104043960571289,1,1,74,138,74.0,0.0,138.0,0.0,0.0,0.0,950.5504815864023,0.0,0.0,1.0,0.0,64,1
54603,0.010257959365844727,1,1,74,138,74.0,0.0,138.0,0.0,0.0,0.0,194.97055200464845,0.0,0.0,1.0,0.0,64,1
54648,0.0024900436401367188,1,1,74,138,74.0,0.0,138.0,0.0,0.0,0.0,803.1987744159326,0.0,0.0,1.0,0.0,64,1
41538,0.014278888702392578,1,1,77,125,77.0,0.0,125.0,0.0,0.0,0.0,140.06692269160126,0.0,0.0,1.0,0.0,64,1
