sport,dur,pkts_fwd,pkts_bwd,bytes_fwd,bytes_bwd,pktlen_fwd_mean,pktlen_fwd_std,pktlen_bwd_mean,pktlen_bwd_std,iat_fwd_mean,iat_fwd_std,pps,payload_entropy_fwd,iat_cv_fwd,small_pkt_ratio_fwd,small_pkt_ratio_bwd,ttl_fwd_first,label
57865,0.001940011978149414,1,1,74,138,74.0,0.0,138.0,0.0,0.0,0.0,1030.9214698291753,0.0,0.0,1.0,0.0,64,1
44431,0.0026388168334960938,1,1,74,138,74.0,0.0,138.0,0.0,0.0,0.0,757.9154318756777,0.0,0.0,1.0,0.0,64,1
57031,0.0031168460845947266,1,1,74,138,74.0,0.0,138.0,0.0,0.0,0.0,641.6742905224509,0.0,0.0,1.0,0.0,64,1
56898,0.018017053604125977,1,1,74,138,74.0,0.0,138.0,0.0,0.0,0.0,111.00594158980535,0.0,0.0,1.0,0.0,64,1
41544,0.0026209354400634766,1,1,74,138,74.0,0.0,138.0,0.0,0.0,0.0,763.0863276630583,0.0,0.0,1.0,0.0,64,1
51087,0.0024170875549316406,1,1,74,138,74.0,0.0,138.0,0.0,0.0,0.0,827.4420990333399,0.0,0.0,1.0,0.0,64,1
35339,0.004777193069458008,1,1,74,138,74.0,0.0,138.0,0.0,0.0,0.0,418.6558866097719,0.0,0.0,1.0,0.0,64,1
58828,0.020596027374267578,1,1,74,138,74.0,0.0,138.0,0.0,0.0,0.0,97.10610515592805,0.0,0.0,1.0,0.0,64,1
47974,0.0032448768615722656,1,1,77,125,77.0,0.0,125.0,0.0,0.0,0.0,616.3562086700955,0.0,0.0,1.0,0.0,64,1
