sport,dur,pkts_fwd,pkts_bwd,bytes_fwd,bytes_bwd,pktlen_fwd_mean,pktlen_fwd_std,pktlen_bwd_mean,pktlen_bwd_std,iat_fwd_mean,iat_fwd_std,pps,payload_entropy_fwd,iat_cv_fwd,small_pkt_ratio_fwd,small_pkt_ratio_bwd,ttl_fwd_first,label
39600,0.0026650428771972656,1,1,74,138,74.0,0.0,138.0,0.0,0.0,0.0,750.456969046341,0.0,0.0,1.0,0.0,64,1
52196,0.0023970603942871094,1,1,74,138,74.0,0.0,138.0,0.0,0.0,0.0,834.355281480008,0.0,0.0,1.0,0.0,64,1
54425,0.0031931400299072266,1,1,74,138,74.0,0.0,138.0,0.0,0.0,0.0,626.342716344359,0.0,0.0,1.0,0.0,64,1
33388,0.021090984344482422,1,1,74,138,74.0,0.0,138.0,0.0,0.0,0.0,94.82724785783726,0.0,0.0,1.0,0.0,64,1
53152,0.005500078201293945,1,1,74,138,74.0,0.0,138.0,0.0,0.0,0.0,363.63119337639256,0.0,0.0,1.0,0.0,64,1
48575,0.0019860267639160156,1,1,74,138,74.0,0.0,138.0,0.0,0.0,0.0,1007.0357743097239,0.0,0.0,1.0,0.0,64,1
57497,0.012398004531860352,1,1,74,138,74.0,0.0,138.0,0.0,0.0,0.0,161.31628237918503,0.0,0.0,1.0,0.0,64,1
45177,0.004027128219604492,1,1,74,138,74.0,0.0,138.0,0.0,0.0,0.0,496.6318157598721,0.0,0.0,1.0,0.0,64,1
39487,0.002655029296875,1,1,77,125,77.0,0.0,125.0,0.0,0.0,0.0,753.2873563218391,0.0,0.0,1.0,0.0,64,1
