sport,dur,pkts_fwd,pkts_bwd,bytes_fwd,bytes_bwd,pktlen_fwd_mean,pktlen_fwd_std,pktlen_bwd_mean,pktlen_bwd_std,iat_fwd_mean,iat_fwd_std,pps,payload_entropy_fwd,iat_cv_fwd,small_pkt_ratio_fwd,small_pkt_ratio_bwd,ttl_fwd_first,label
42936,0.0024890899658203125,1,1,74,138,74.0,0.0,138.0,0.0,0.0,0.0,803.5065134099617,0.0,0.0,1.0,0.0,64,1
45399,0.002412080764770508,1,1,74,138,74.0,0.0,138.0,0.0,0.0,0.0,829.1596323020658,0.0,0.0,1.0,0.0,64,1
50015,0.017416954040527344,1,1,74,138,74.0,0.0,138.0,0.0,0.0,0.0,114.8306411870996,0.0,0.0,1.0,0.0,64,1
46333,0.005083799362182617,1,1,74,138,74.0,0.0,138.0,0.0,0.0,0.0,393.40655630070813,0.0,0.0,1.0,0.0,64,1
56169,0.0032520294189453125,1,1,74,138,74.0,0.0,138.0,0.0,0.0,0.0,615.0005865102639,0.0,0.0,1.0,0.0,64,1
58334,0.001977205276489258,1,1,74,138,74.0,0.0,138.0,0.0,0.0,0.0,1011.5287591945014,0.0,0.0,1.0,0.0,64,1
55299,0.0031850337982177734,1,1,74,138,74.0,0.0,138.0,0.0,0.0,0.0,627.9368216183846,0.0,0.0,1.0,0.0,64,1
56484,0.013231039047241211,1,1,74,138,74.0,0.0,138.0,0.0,0.0,0.0,151.15970808180919,0.0,0.0,1.0,0.0,64,1
58462,0.0025739669799804688,1,1,77,125,77.0,0.0,125.0,0.0,0.0,0.0,777.0107447202668,0.0,0.0,1.0,0.0,64,1
