sport,dur,pkts_fwd,pkts_bwd,bytes_fwd,bytes_bwd,pktlen_fwd_mean,pktlen_fwd_std,pktlen_bwd_mean,pktlen_bwd_std,iat_fwd_mean,iat_fwd_std,pps,payload_entropy_fwd,iat_cv_fwd,small_pkt_ratio_fwd,small_pkt_ratio_bwd,ttl_fwd_first,label
42277,0.0020639896392822266,1,1,74,138,74.0,0.0,138.0,0.0,0.0,0.0,968.9971121635671,0.0,0.0,1.0,0.0,64,1
45404,0.0020499229431152344,1,1,74,138,74.0,0.0,138.0,0.0,0.0,0.0,975.6464294021865,0.0,0.0,1.0,0.0,64,1
39153,0.0054819583892822266,1,1,74,138,74.0,0.0,138.0,0.0,0.0,0.0,364.83312312442916,0.0,0.0,1.0,0.0,64,1
48618,0.01661205291748047,1,1,74,138,74.0,0.0,138.0,0.0,0.0,0.0,120.39451174005396,0.0,0.0,1.0,0.0,64,1
47476,0.002526998519897461,1,1,74,138,74.0,0.0,138.0,0.0,0.0,0.0,791.4527785640155,0.0,0.0,1.0,0.0,64,1
60496,0.003191232681274414,1,1,74,138,74.0,0.0,138.0,0.0,0.0,0.0,626.7170713485244,0.0,0.0,1.0,0.0,64,1
48110,0.0019779205322265625,1,1,74,138,74.0,0.0,138.0,0.0,0.0,0.0,1011.1629701060752,0.0,0.0,1.0,0.0,64,1
53785,0.005643129348754883,1,1,74,138,74.0,0.0,138.0,0.0,0.0,0.0,354.4132831974312,0.0,0.0,1.0,0.0,64,1
33182,0.0020918846130371094,1,1,77,125,77.0,0.0,125.0,0.0,0.0,0.0,956.075678139959,0.0,0.0,1.0,0.0,64,1
