sport,dur,pkts_fwd,pkts_bwd,bytes_fwd,bytes_bwd,pktlen_fwd_mean,pktlen_fwd_std,pktlen_bwd_mean,pktlen_bwd_std,iat_fwd_mean,iat_fwd_std,pps,payload_entropy_fwd,iat_cv_fwd,small_pkt_ratio_fwd,small_pkt_ratio_bwd,ttl_fwd_first,label
60907,0.002521038055419922,1,1,74,138,74.0,0.0,138.0,0.0,0.0,0.0,793.3240022697182,0.0,0.0,1.0,0.0,64,1
41535,0.2856159210205078,1,1,74,138,74.0,0.0,138.0,0.0,0.0,0.0,7.00241076496711,0.0,0.0,1.0,0.0,64,1
56520,0.002460002899169922,1,1,74,138,74.0,0.0,138.0,0.0,0.0,0.0,813.007171932545,0.0,0.0,1.0,0.0,64,1
38614,0.024077177047729492,1,1,74,138,74.0,0.0,138.0,0.0,0.0,0.0,83.06621644370067,0.0,0.0,1.0,0.0,64,1
48108,0.020931005477905273,1,1,74,138,74.0,0.0,138.0,0.0,0.0,0.0,95.55202697315215,0.0,0.0,1.0,0.0,64,1
49750,0.002418041229248047,1,1,74,138,74.0,0.0,138.0,0.0,0.0,0.0,827.1157562610925,0.0,0.0,1.0,0.0,64,1
44555,0.0019190311431884766,1,1,74,138,74.0,0.0,138.0,0.0,0.0,0.0,1042.1925705056528,0.0,0.0,1.0,0.0,64,1
51606,0.012141942977905273,1,1,74,138,74.0,0.0,138.0,0.0,0.0,0.0,164.71828303257604,0.0,0.0,1.0,0.0,64,1
60839,0.002084970474243164,1,1,77,125,77.0,0.0,125.0,0.0,0.0,0.0,959.2461978273299,0.0,0.0,1.0,0.0,64,1
