sport,dur,pkts_fwd,pkts_bwd,bytes_fwd,bytes_bwd,pktlen_fwd_mean,pktlen_fwd_std,pktlen_bwd_mean,pktlen_bwd_std,iat_fwd_mean,iat_fwd_std,pps,payload_entropy_fwd,iat_cv_fwd,small_pkt_ratio_fwd,small_pkt_ratio_bwd,ttl_fwd_first,label
39012,0.022136926651000977,1,1,74,138,74.0,0.0,138.0,0.0,0.0,0.0,90.34677810207972,0.0,0.0,1.0,0.0,64,1
50439,0.02780604362487793,1,1,74,138,74.0,0.0,138.0,0.0,0.0,0.0,71.9268094009106,0.0,0.0,1.0,0.0,64,1
60174,0.011631965637207031,1,1,74,138,74.0,0.0,138.0,0.0,0.0,0.0,171.93998524227268,0.0,0.0,1.0,0.0,64,1
43184,0.011673927307128906,1,1,74,138,74.0,0.0,138.0,0.0,0.0,0.0,171.32195082101134,0.0,0.0,1.0,0.0,64,1
48728,0.002624988555908203,1,1,74,138,74.0,0.0,138.0,0.0,0.0,0.0,761.9080835603996,0.0,0.0,1.0,0.0,64,1
33592,0.1943199634552002,1,1,74,138,74.0,0.0,138.0,0.0,0.0,0.0,10.292303294206276,0.0,0.0,1.0,0.0,64,1
40819,0.0032629966735839844,1,1,74,138,74.0,0.0,138.0,0.0,0.0,0.0,612.9335086950168,0.0,0.0,1.0,0.0,64,1
56572,0.0024881362915039062,1,1,74,138,74.0,0.0,138.0,0.0,0.0,0.0,803.8144883096973,0.0,0.0,1.0,0.0,64,1
55995,0.0027070045471191406,1,1,77,125,77.0,0.0,125.0,0.0,0.0,0.0,738.824026774705,0.0,0.0,1.0,0.0,64,1
