sport,dur,pkts_fwd,pkts_bwd,bytes_fwd,bytes_bwd,pktlen_fwd_mean,pktlen_fwd_std,pktlen_bwd_mean,pktlen_bwd_std,iat_fwd_mean,iat_fwd_std,pps,payload_entropy_fwd,iat_cv_fwd,small_pkt_ratio_fwd,small_pkt_ratio_bwd,ttl_fwd_first,label
50600,0.0023670196533203125,1,1,74,138,74.0,0.0,138.0,0.0,0.0,0.0,844.9443996776793,0.0,0.0,1.0,0.0,64,1
57309,0.2603158950805664,1,1,74,138,74.0,0.0,138.0,0.0,0.0,0.0,7.682973025450522,0.0,0.0,1.0,0.0,64,1
43609,0.07311415672302246,1,1,74,138,74.0,0.0,138.0,0.0,0.0,0.0,27.35448358621679,0.0,0.0,1.0,0.0,64,1
38852,0.19191598892211914,1,1,74,138,74.0,0.0,138.0,0.0,0.0,0.0,10.421226554560882,0.0,0.0,1.0,0.0,64,1
46323,0.002407073974609375,1,1,74,138,74.0,0.0,138.0,0.0,0.0,0.0,830.8843106180666,0.0,0.0,1.0,0.0,64,1
42995,0.013848066329956055,1,1,74,138,74.0,0.0,138.0,0.0,0.0,0.0,144.42449597989085,0.0,0.0,1.0,0.0,64,1
39852,0.017333030700683594,1,1,74,138,74.0,0.0,138.0,0.0,0.0,0.0,115.38662998624484,0.0,0.0,1.0,0.0,64,1
48252,0.01350092887878418,1,1,74,138,74.0,0.0,138.0,0.0,0.0,0.0,148.13795539230404,0.0,0.0,1.0,0.0,64,1
38105,0.0019490718841552734,1,1,77,125,77.0,0.0,125.0,0.0,0.0,0.0,1026.1294189602447,0.0,0.0,1.0,0.0,64,1
