sport,dur,pkts_fwd,pkts_bwd,bytes_fwd,bytes_bwd,pktlen_fwd_mean,pktlen_fwd_std,pktlen_bwd_mean,pktlen_bwd_std,iat_fwd_mean,iat_fwd_std,pps,payload_entropy_fwd,iat_cv_fwd,small_pkt_ratio_fwd,small_pkt_ratio_bwd,ttl_fwd_first,label
50227,0.020539045333862305,1,1,74,138,74.0,0.0,138.0,0.0,0.0,0.0,97.37550930386432,0.0,0.0,1.0,0.0,64,1
45334,0.19386506080627441,1,1,74,138,74.0,0.0,138.0,0.0,0.0,0.0,10.316454092770028,0.0,0.0,1.0,0.0,64,1
35694,0.009577035903930664,1,1,74,138,74.0,0.0,138.0,0.0,0.0,0.0,208.83288107744778,0.0,0.0,1.0,0.0,64,1
55843,0.017711877822875977,1,1,74,138,74.0,0.0,138.0,0.0,0.0,0.0,112.91857475534736,0.0,0.0,1.0,0.0,64,1
53104,0.10927820205688477,1,1,74,138,74.0,0.0,138.0,0.0,0.0,0.0,18.30191165625968,0.0,0.0,1.0,0.0,64,1
37845,0.0025000572204589844,1,1,74,138,74.0,0.0,138.0,0.0,0.0,0.0,799.9816898722106,0.0,0.0,1.0,0.0,64,1
47247,0.01184988021850586,1,1,74,138,74.0,0.0,138.0,0.0,0.0,0.0,168.77807734095208,0.0,0.0,1.0,0.0,64,1
58521,0.07707500457763672,1,1,74,138,74.0,0.0,138.0,0.0,0.0,0.0,25.948749675200137,0.0,0.0,1.0,0.0,64,1
39211,0.004515886306762695,1,1,77,125,77.0,0.0,125.0,0.0,0.0,0.0,442.8809460957711,0.0,0.0,1.0,0.0,64,1
