sport,dur,pkts_fwd,pkts_bwd,bytes_fwd,bytes_bwd,pktlen_fwd_mean,pktlen_fwd_std,pktlen_bwd_mean,pktlen_bwd_std,iat_fwd_mean,iat_fwd_std,pps,payload_entropy_fwd,iat_cv_fwd,small_pkt_ratio_fwd,small_pkt_ratio_bwd,ttl_fwd_first,label
36297,0.0024721622467041016,1,1,74,138,74.0,0.0,138.0,0.0,0.0,0.0,809.008390394445,0.0,0.0,1.0,0.0,64,1
49709,0.025634050369262695,1,1,74,138,74.0,0.0,138.0,0.0,0.0,0.0,78.02122455053619,0.0,0.0,1.0,0.0,64,1
55096,0.012218952178955078,1,1,74,138,74.0,0.0,138.0,0.0,0.0,0.0,163.68015609756097,0.0,0.0,1.0,0.0,64,1
42067,0.04375815391540527,1,1,74,138,74.0,0.0,138.0,0.0,0.0,0.0,45.70576729234206,0.0,0.0,1.0,0.0,64,1
49614,0.01610589027404785,1,1,74,138,74.0,0.0,138.0,0.0,0.0,0.0,124.17817121371368,0.0,0.0,1.0,0.0,64,1
56675,0.021352052688598633,1,1,74,138,74.0,0.0,138.0,0.0,0.0,0.0,93.66780932813738,0.0,0.0,1.0,0.0,64,1
50257,0.002115011215209961,1,1,74,138,74.0,0.0,138.0,0.0,0.0,0.0,945.6214631946793,0.0,0.0,1.0,0.0,64,1
48365,0.012714862823486328,1,1,74,138,74.0,0.0,138.0,0.0,0.0,0.0,157.2962310144384,0.0,0.0,1.0,0.0,64,1
37577,0.011363029479980469,1,1,77,125,77.0,0.0,125.0,0.0,0.0,0.0,176.00939991607217,0.0,0.0,1.0,0.0,64,1
