sport,dur,pkts_fwd,pkts_bwd,bytes_fwd,bytes_bwd,pktlen_fwd_mean,pktlen_fwd_std,pktlen_bwd_mean,pktlen_bwd_std,iat_fwd_mean,iat_fwd_std,pps,payload_entropy_fwd,iat_cv_fwd,small_pkt_ratio_fwd,small_pkt_ratio_bwd,ttl_fwd_first,label
42157,0.010760068893432617,1,1,74,138,74.0,0.0,138.0,0.0,0.0,0.0,185.87241585606347,0.0,0.0,1.0,0.0,64,1
56296,0.005989789962768555,1,1,74,138,74.0,0.0,138.0,0.0,0.0,0.0,333.90152449946265,0.0,0.0,1.0,0.0,64,1
36182,0.01345682144165039,1,1,74,138,74.0,0.0,138.0,0.0,0.0,0.0,148.623507317246,0.0,0.0,1.0,0.0,64,1
50078,0.017746925354003906,1,1,74,138,74.0,0.0,138.0,0.0,0.0,0.0,112.6955774087807,0.0,0.0,1.0,0.0,64,1
51242,0.004194021224975586,1,1,74,138,74.0,0.0,138.0,0.0,0.0,0.0,476.86930816895006,0.0,0.0,1.0,0.0,64,1
36862,0.01445913314819336,1,1,74,138,74.0,0.0,138.0,0.0,0.0,0.0,138.32087854104145,0.0,0.0,1.0,0.0,64,1
59610,0.02059006690979004,1,1,74,138,74.0,0.0,138.0,0.0,0.0,0.0,97.13421567605748,0.0,0.0,1.0,0.0,64,1
48725,0.011227846145629883,1,1,74,138,74.0,0.0,138.0,0.0,0.0,0.0,178.1285541375576,0.0,0.0,1.0,0.0,64,1
53586,0.0024271011352539062,1,1,77,125,77.0,0.0,125.0,0.0,0.0,0.0,824.0282907662082,0.0,0.0,1.0,0.0,64,1
