sport,dur,pkts_fwd,pkts_bwd,bytes_fwd,bytes_bwd,pktlen_fwd_mean,pktlen_fwd_std,pktlen_bwd_mean,pktlen_bwd_std,iat_fwd_mean,iat_fwd_std,pps,payload_entropy_fwd,iat_cv_fwd,small_pkt_ratio_fwd,small_pkt_ratio_bwd,ttl_fwd_first,label
48844,0.002032041549682617,1,1,74,138,74.0,0.0,138.0,0.0,0.0,0.0,984.2318432476827,0.0,0.0,1.0,0.0,64,1
48547,0.008805990219116211,1,1,74,138,74.0,0.0,138.0,0.0,0.0,0.0,227.1181264383376,0.0,0.0,1.0,0.0,64,1
51381,0.008034944534301758,1,1,74,138,74.0,0.0,138.0,0.0,0.0,0.0,248.91273255986468,0.0,0.0,1.0,0.0,64,1
55354,0.014403104782104492,1,1,74,138,74.0,0.0,138.0,0.0,0.0,0.0,138.8589495290593,0.0,0.0,1.0,0.0,64,1
59576,0.07544994354248047,1,1,74,138,74.0,0.0,138.0,0.0,0.0,0.0,26.507640776085445,0.0,0.0,1.0,0.0,64,1
45023,0.052639007568359375,1,1,74,138,74.0,0.0,138.0,0.0,0.0,0.0,37.994637292557435,0.0,0.0,1.0,0.0,64,1
59496,0.010999917984008789,1,1,74,138,74.0,0.0,138.0,0.0,0.0,0.0,181.81953746450787,0.0,0.0,1.0,0.0,64,1
40154,0.01230311393737793,1,1,74,138,74.0,0.0,138.0,0.0,0.0,0.0,162.56047129042886,0.0,0.0,1.0,0.0,64,1
45972,0.013471126556396484,1,1,77,125,77.0,0.0,125.0,0.0,0.0,0.0,148.46568263070333,0.0,0.0,1.0,0.0,64,1
