sport,dur,pkts_fwd,pkts_bwd,bytes_fwd,bytes_bwd,pktlen_fwd_mean,pktlen_fwd_std,pktlen_bwd_mean,pktlen_bwd_std,iat_fwd_mean,iat_fwd_std,pps,payload_entropy_fwd,iat_cv_fwd,small_pkt_ratio_fwd,small_pkt_ratio_bwd,ttl_fwd_first,label
37175,0.002135038375854492,1,1,74,138,74.0,0.0,138.0,0.0,0.0,0.0,936.7513121161362,0.0,0.0,1.0,0.0,64,1
33336,0.013962030410766602,1,1,74,138,74.0,0.0,138.0,0.0,0.0,0.0,143.245641297109,0.0,0.0,1.0,0.0,64,1
50265,0.011343002319335938,1,1,74,138,74.0,0.0,138.0,0.0,0.0,0.0,176.32016142592903,0.0,0.0,1.0,0.0,64,1
43249,0.004472970962524414,1,1,74,138,74.0,0.0,138.0,0.0,0.0,0.0,447.13011033527,0.0,0.0,1.0,0.0,64,1
39897,0.0024781227111816406,1,1,74,138,74.0,0.0,138.0,0.0,0.0,0.0,807.0625360785068,0.0,0.0,1.0,0.0,64,1
39519,0.005208015441894531,1,1,74,138,74.0,0.0,138.0,0.0,0.0,0.0,384.0234389305988,0.0,0.0,1.0,0.0,64,1
33366,0.0027360916137695312,1,1,74,138,74.0,0.0,138.0,0.0,0.0,0.0,730.9696758452423,0.0,0.0,1.0,0.0,64,1
52365,0.0031981468200683594,1,1,74,138,74.0,0.0,138.0,0.0,0.0,0.0,625.3621589384226,0.0,0.0,1.0,0.0,64,1
53048,0.002022981643676758,1,1,77,125,77.0,0.0,125.0,0.0,0.0,0.0,988.6397171479081,0.0,0.0,1.0,0.0,64,1
