sport,dur,pkts_fwd,pkts_bwd,bytes_fwd,bytes_bwd,pktlen_fwd_mean,pktlen_fwd_std,pktlen_bwd_mean,pktlen_bwd_std,iat_fwd_mean,iat_fwd_std,pps,payload_entropy_fwd,iat_cv_fwd,small_pkt_ratio_fwd,small_pkt_ratio_bwd,ttl_fwd_first,label
55728,0.0032749176025390625,1,1,74,138,74.0,0.0,138.0,0.0,0.0,0.0,610.7023878858474,0.0,0.0,1.0,0.0,64,1
37684,0.01194620132446289,1,1,74,138,74.0,0.0,138.0,0.0,0.0,0.0,167.41723546082306,0.0,0.0,1.0,0.0,64,1
58519,0.018738985061645508,1,1,74,138,74.0,0.0,138.0,0.0,0.0,0.0,106.72936626079876,0.0,0.0,1.0,0.0,64,1
54217,0.011124849319458008,1,1,74,138,74.0,0.0,138.0,0.0,0.0,0.0,179.77771586549795,0.0,0.0,1.0,0.0,64,1
59380,0.010046005249023438,1,1,74,138,74.0,0.0,138.0,0.0,0.0,0.0,199.08410860072146,0.0,0.0,1.0,0.0,64,1
54707,0.01885700225830078,1,1,74,138,74.0,0.0,138.0,0.0,0.0,0.0,106.06139685429626,0.0,0.0,1.0,0.0,64,1
52066,0.011153936386108398,1,1,74,138,74.0,0.0,138.0,0.0,0.0,0.0,179.3088942564607,0.0,0.0,1.0,0.0,64,1
60841,0.010490894317626953,1,1,74,138,74.0,0.0,138.0,0.0,0.0,0.0,190.64151629471388,0.0,0.0,1.0,0.0,64,1
34271,0.01130986213684082,1,1,77,125,77.0,0.0,125.0,0.0,0.0,0.0,176.83681514429665,0.0,0.0,1.0,0.0,64,1
