sport,dur,pkts_fwd,pkts_bwd,bytes_fwd,bytes_bwd,pktlen_fwd_mean,pktlen_fwd_std,pktlen_bwd_mean,pktlen_bwd_std,iat_fwd_mean,iat_fwd_std,pps,payload_entropy_fwd,iat_cv_fwd,small_pkt_ratio_fwd,small_pkt_ratio_bwd,ttl_fwd_first,label
42608,0.021693944931030273,1,1,74,138,74.0,0.0,138.0,0.0,0.0,0.0,92.19162334736403,0.0,0.0,1.0,0.0,64,1
41005,0.010016918182373047,1,1,74,138,74.0,0.0,138.0,0.0,0.0,0.0,199.6622078354834,0.0,0.0,1.0,0.0,64,1
35984,0.004586935043334961,1,1,74,138,74.0,0.0,138.0,0.0,0.0,0.0,436.0209990124227,0.0,0.0,1.0,0.0,64,1
48456,0.012234926223754883,1,1,74,138,74.0,0.0,138.0,0.0,0.0,0.0,163.46645361186353,0.0,0.0,1.0,0.0,64,1
51905,0.002368927001953125,1,1,74,138,74.0,0.0,138.0,0.0,0.0,0.0,844.2640901771337,0.0,0.0,1.0,0.0,64,1
45805,0.0020868778228759766,1,1,74,138,74.0,0.0,138.0,0.0,0.0,0.0,958.369473323432,0.0,0.0,1.0,0.0,64,1
55916,0.0070569515228271484,1,1,74,138,74.0,0.0,138.0,0.0,0.0,0.0,283.40849353018683,0.0,0.0,1.0,0.0,64,1
60664,0.0020530223846435547,1,1,74,138,74.0,0.0,138.0,0.0,0.0,0.0,974.1734990128905,0.0,0.0,1.0,0.0,64,1
38933,0.00568699836730957,1,1,77,125,77.0,0.0,125.0,0.0,0.0,0.0,351.6793694713453,0.0,0.0,1.0,0.0,64,1
