sport,dur,pkts_fwd,pkts_bwd,bytes_fwd,bytes_bwd,pktlen_fwd_mean,pktlen_fwd_std,pktlen_bwd_mean,pktlen_bwd_std,iat_fwd_mean,iat_fwd_std,pps,payload_entropy_fwd,iat_cv_fwd,small_pkt_ratio_fwd,small_pkt_ratio_bwd,ttl_fwd_first,label
32833,0.020151853561401367,1,1,74,138,74.0,0.0,138.0,0.0,0.0,0.0,99.24645362800658,0.0,0.0,1.0,0.0,64,1
44470,0.022053956985473633,1,1,74,138,74.0,0.0,138.0,0.0,0.0,0.0,90.68667365758208,0.0,0.0,1.0,0.0,64,1
56459,0.022417068481445312,1,1,74,138,74.0,0.0,138.0,0.0,0.0,0.0,89.21773164298477,0.0,0.0,1.0,0.0,64,1
44999,0.013020992279052734,1,1,74,138,74.0,0.0,138.0,0.0,0.0,0.0,153.5981250228879,0.0,0.0,1.0,0.0,64,1
50488,0.01733994483947754,1,1,74,138,74.0,0.0,138.0,0.0,0.0,0.0,115.34062066025932,0.0,0.0,1.0,0.0,64,1
52357,0.0026848316192626953,1,1,74,138,74.0,0.0,138.0,0.0,0.0,0.0,744.925672675606,0.0,0.0,1.0,0.0,64,1
41474,0.016381025314331055,1,1,74,138,74.0,0.0,138.0,0.0,0.0,0.0,122.09247966000554,0.0,0.0,1.0,0.0,64,1
35865,0.4411020278930664,2,2,151,263,75.5,2.1213203435596424,131.5,9.192388155425117,0.43601202964782715,0.0,9.068196804957095,0.0,0.0,1.0,0.0,64,1
