sport,dur,pkts_fwd,pkts_bwd,bytes_fwd,bytes_bwd,pktlen_fwd_mean,pktlen_fwd_std,pktlen_bwd_mean,pktlen_bwd_std,iat_fwd_mean,iat_fwd_std,pps,payload_entropy_fwd,iat_cv_fwd,small_pkt_ratio_fwd,small_pkt_ratio_bwd,ttl_fwd_first,label
40614,0.002585887908935547,1,1,74,138,74.0,0.0,138.0,0.0,0.0,0.0,773.4287294855246,0.0,0.0,1.0,0.0,64,1
38476,0.012411117553710938,1,1,74,138,74.0,0.0,138.0,0.0,0.0,0.0,161.14584293837405,0.0,0.0,1.0,0.0,64,1
55705,0.005159139633178711,1,1,74,138,74.0,0.0,138.0,0.0,0.0,0.0,387.6615370396044,0.0,0.0,1.0,0.0,64,1
44703,0.004545927047729492,1,1,74,138,74.0,0.0,138.0,0.0,0.0,0.0,439.95426653380184,0.0,0.0,1.0,0.0,64,1
47431,0.006412029266357422,1,1,74,138,74.0,0.0,138.0,0.0,0.0,0.0,311.91373540566667,0.0,0.0,1.0,0.0,64,1
39162,0.0024261474609375,1,1,74,138,74.0,0.0,138.0,0.0,0.0,0.0,824.3522012578617,0.0,0.0,1.0,0.0,64,1
60188,0.013195037841796875,1,1,74,138,74.0,0.0,138.0,0.0,0.0,0.0,151.5721306736051,0.0,0.0,1.0,0.0,64,1
59597,0.011855840682983398,1,1,74,138,74.0,0.0,138.0,0.0,0.0,0.0,168.69322500854668,0.0,0.0,1.0,0.0,64,1
51307,0.002012968063354492,1,1,77,125,77.0,0.0,125.0,0.0,0.0,0.0,993.5577401397608,0.0,0.0,1.0,0.0,64,1
