sport,dur,pkts_fwd,pkts_bwd,bytes_fwd,bytes_bwd,pktlen_fwd_mean,pktlen_fwd_std,pktlen_bwd_mean,pktlen_bwd_std,iat_fwd_mean,iat_fwd_std,pps,payload_entropy_fwd,iat_cv_fwd,small_pkt_ratio_fwd,small_pkt_ratio_bwd,ttl_fwd_first,label
38345,0.00726008415222168,1,1,74,138,74.0,0.0,138.0,0.0,0.0,0.0,275.47890052871827,0.0,0.0,1.0,0.0,64,1
39724,0.012580156326293945,1,1,74,138,74.0,0.0,138.0,0.0,0.0,0.0,158.98053634037714,0.0,0.0,1.0,0.0,64,1
49568,0.1363239288330078,1,1,74,138,74.0,0.0,138.0,0.0,0.0,0.0,14.67093867614344,0.0,0.0,1.0,0.0,64,1
38130,0.005724191665649414,1,1,74,138,74.0,0.0,138.0,0.0,0.0,0.0,349.3943104669082,0.0,0.0,1.0,0.0,64,1
37121,0.0036759376525878906,1,1,74,138,74.0,0.0,138.0,0.0,0.0,0.0,544.0788688545855,0.0,0.0,1.0,0.0,64,1
34239,0.02992391586303711,1,1,74,138,74.0,0.0,138.0,0.0,0.0,0.0,66.83617241654052,0.0,0.0,1.0,0.0,64,1
44824,0.0050449371337890625,1,1,74,138,74.0,0.0,138.0,0.0,0.0,0.0,396.43705103969756,0.0,0.0,1.0,0.0,64,1
34156,0.0026450157165527344,1,1,74,138,74.0,0.0,138.0,0.0,0.0,0.0,756.1391743284659,0.0,0.0,1.0,0.0,64,1
43115,0.0021409988403320312,1,1,77,125,77.0,0.0,125.0,0.0,0.0,0.0,934.143429844098,0.0,0.0,1.0,0.0,64,1
