sport,dur,pkts_fwd,pkts_bwd,bytes_fwd,bytes_bwd,pktlen_fwd_mean,pktlen_fwd_std,pktlen_bwd_mean,pktlen_bwd_std,iat_fwd_mean,iat_fwd_std,pps,payload_entropy_fwd,iat_cv_fwd,small_pkt_ratio_fwd,small_pkt_ratio_bwd,ttl_fwd_first,label
55481,0.021520137786865234,1,1,74,138,74.0,0.0,138.0,0.0,0.0,0.0,92.93620792803173,0.0,0.0,1.0,0.0,64,1
52393,0.2828080654144287,1,1,74,138,74.0,0.0,138.0,0.0,0.0,0.0,7.071934094486264,0.0,0.0,1.0,0.0,64,1
43929,0.13855695724487305,1,1,74,138,74.0,0.0,138.0,0.0,0.0,0.0,14.434497117783705,0.0,0.0,1.0,0.0,64,1
36408,0.013005971908569336,1,1,74,138,74.0,0.0,138.0,0.0,0.0,0.0,153.77551282286302,0.0,0.0,1.0,0.0,64,1
44407,0.002888917922973633,1,1,74,138,74.0,0.0,138.0,0.0,0.0,0.0,692.3007345052406,0.0,0.0,1.0,0.0,64,1
53472,0.01750493049621582,1,1,74,138,74.0,0.0,138.0,0.0,0.0,0.0,114.2535241960747,0.0,0.0,1.0,0.0,64,1
54458,0.003139972686767578,1,1,74,138,74.0,0.0,138.0,0.0,0.0,0.0,636.9482156416097,0.0,0.0,1.0,0.0,64,1
39381,0.01683187484741211,1,1,74,138,74.0,0.0,138.0,0.0,0.0,0.0,118.82217626561659,0.0,0.0,1.0,0.0,64,1
44860,0.0032639503479003906,1,1,77,125,77.0,0.0,125.0,0.0,0.0,0.0,612.754419284149,0.0,0.0,1.0,0.0,64,1
