sport,dur,pkts_fwd,pkts_bwd,bytes_fwd,bytes_bwd,pktlen_fwd_mean,pktlen_fwd_std,pktlen_bwd_mean,pktlen_bwd_std,iat_fwd_mean,iat_fwd_std,pps,payload_entropy_fwd,iat_cv_fwd,small_pkt_ratio_fwd,small_pkt_ratio_bwd,ttl_fwd_first,label
57137,0.002560138702392578,1,1,74,138,74.0,0.0,138.0,0.0,0.0,0.0,781.20767368225,0.0,0.0,1.0,0.0,64,1
38067,0.002374887466430664,1,1,74,138,74.0,0.0,138.0,0.0,0.0,0.0,842.1451661479771,0.0,0.0,1.0,0.0,64,1
38935,0.04111814498901367,1,1,74,138,74.0,0.0,138.0,0.0,0.0,0.0,48.640326564692515,0.0,0.0,1.0,0.0,64,1
35959,0.020612001419067383,1,1,74,138,74.0,0.0,138.0,0.0,0.0,0.0,97.03084913189825,0.0,0.0,1.0,0.0,64,1
44261,0.0030519962310791016,1,1,74,138,74.0,0.0,138.0,0.0,0.0,0.0,655.3088039996875,0.0,0.0,1.0,0.0,64,1
41124,0.0019199848175048828,1,1,74,138,74.0,0.0,138.0,0.0,0.0,0.0,1041.674903762573,0.0,0.0,1.0,0.0,64,1
36874,0.008998870849609375,1,1,74,138,74.0,0.0,138.0,0.0,0.0,0.0,222.25010597710894,0.0,0.0,1.0,0.0,64,1
48759,0.0027899742126464844,1,1,74,138,74.0,0.0,138.0,0.0,0.0,0.0,716.8525038454965,0.0,0.0,1.0,0.0,64,1
37113,0.002444028854370117,1,1,77,125,77.0,0.0,125.0,0.0,0.0,0.0,818.3209442981173,0.0,0.0,1.0,0.0,64,1
