sport,dur,pkts_fwd,pkts_bwd,bytes_fwd,bytes_bwd,pktlen_fwd_mean,pktlen_fwd_std,pktlen_bwd_mean,pktlen_bwd_std,iat_fwd_mean,iat_fwd_std,pps,payload_entropy_fwd,iat_cv_fwd,small_pkt_ratio_fwd,small_pkt_ratio_bwd,ttl_fwd_first,label
41491,0.02184009552001953,1,1,74,138,74.0,0.0,138.0,0.0,0.0,0.0,91.5746910615257,0.0,0.0,1.0,0.0,64,1
35578,0.006563901901245117,1,1,74,138,74.0,0.0,138.0,0.0,0.0,0.0,304.69681450001815,0.0,0.0,1.0,0.0,64,1
35707,0.010331153869628906,1,1,74,138,74.0,0.0,138.0,0.0,0.0,0.0,193.5892181297886,0.0,0.0,1.0,0.0,64,1
51662,0.011965036392211914,1,1,74,138,74.0,0.0,138.0,0.0,0.0,0.0,167.15369134203448,0.0,0.0,1.0,0.0,64,1
44495,0.0024771690368652344,1,1,74,138,74.0,0.0,138.0,0.0,0.0,0.0,807.3732435033686,0.0,0.0,1.0,0.0,64,1
49253,0.3174769878387451,1,1,74,138,74.0,0.0,138.0,0.0,0.0,0.0,6.299669193711301,0.0,0.0,1.0,0.0,64,1
47120,0.013579845428466797,1,1,74,138,74.0,0.0,138.0,0.0,0.0,0.0,147.27708135819375,0.0,0.0,1.0,0.0,64,1
48775,0.010370969772338867,1,1,74,138,74.0,0.0,138.0,0.0,0.0,0.0,192.84599645968873,0.0,0.0,1.0,0.0,64,1
59890,0.002338886260986328,1,1,77,125,77.0,0.0,125.0,0.0,0.0,0.0,855.1078491335372,0.0,0.0,1.0,0.0,64,1
