sport,dur,pkts_fwd,pkts_bwd,bytes_fwd,bytes_bwd,pktlen_fwd_mean,pktlen_fwd_std,pktlen_bwd_mean,pktlen_bwd_std,iat_fwd_mean,iat_fwd_std,pps,payload_entropy_fwd,iat_cv_fwd,small_pkt_ratio_fwd,small_pkt_ratio_bwd,ttl_fwd_first,label
37383,0.012416839599609375,1,1,74,138,74.0,0.0,138.0,0.0,0.0,0.0,161.0715821812596,0.0,0.0,1.0,0.0,64,1
53827,0.006089925765991211,1,1,74,138,74.0,0.0,138.0,0.0,0.0,0.0,328.41122812512236,0.0,0.0,1.0,0.0,64,1
33955,0.040174007415771484,1,1,74,138,74.0,0.0,138.0,0.0,0.0,0.0,49.78343283759243,0.0,0.0,1.0,0.0,64,1
44172,0.04074907302856445,1,1,74,138,74.0,0.0,138.0,0.0,0.0,0.0,49.08087108136256,0.0,0.0,1.0,0.0,64,1
60252,0.0426030158996582,1,1,74,138,74.0,0.0,138.0,0.0,0.0,0.0,46.9450332978902,0.0,0.0,1.0,0.0,64,1
48729,0.012683868408203125,1,1,74,138,74.0,0.0,138.0,0.0,0.0,0.0,157.6806015037594,0.0,0.0,1.0,0.0,64,1
46060,0.0032460689544677734,1,1,74,138,74.0,0.0,138.0,0.0,0.0,0.0,616.1298567756152,0.0,0.0,1.0,0.0,64,1
56301,0.007321834564208984,1,1,74,138,74.0,0.0,138.0,0.0,0.0,0.0,273.15558450016283,0.0,0.0,1.0,0.0,64,1
57003,0.002377033233642578,1,1,77,125,77.0,0.0,125.0,0.0,0.0,0.0,841.3849548645937,0.0,0.0,1.0,0.0,64,1
