sport,dur,pkts_fwd,pkts_bwd,bytes_fwd,bytes_bwd,pktlen_fwd_mean,pktlen_fwd_std,pktlen_bwd_mean,pktlen_bwd_std,iat_fwd_mean,iat_fwd_std,pps,payload_entropy_fwd,iat_cv_fwd,small_pkt_ratio_fwd,small_pkt_ratio_bwd,ttl_fwd_first,label
57229,0.003217935562133789,1,1,74,138,74.0,0.0,138.0,0.0,0.0,0.0,621.516485144847,0.0,0.0,1.0,0.0,64,1
55190,0.0019829273223876953,1,1,74,138,74.0,0.0,138.0,0.0,0.0,0.0,1008.6098352771432,0.0,0.0,1.0,0.0,64,1
52655,0.0032219886779785156,1,1,74,138,74.0,0.0,138.0,0.0,0.0,0.0,620.7346455527601,0.0,0.0,1.0,0.0,64,1
36632,0.07436895370483398,1,1,74,138,74.0,0.0,138.0,0.0,0.0,0.0,26.892942556888492,0.0,0.0,1.0,0.0,64,1
59042,0.003125905990600586,1,1,74,138,74.0,0.0,138.0,0.0,0.0,0.0,639.8145069026009,0.0,0.0,1.0,0.0,64,1
41443,0.0014100074768066406,1,1,74,138,74.0,0.0,138.0,0.0,0.0,0.0,1418.432194792019,0.0,0.0,1.0,0.0,64,1
39518,0.017727136611938477,1,1,74,138,74.0,0.0,138.0,0.0,0.0,0.0,112.82137909701021,0.0,0.0,1.0,0.0,64,1
51143,0.0023369789123535156,1,1,74,138,74.0,0.0,138.0,0.0,0.0,0.0,855.8057539277698,0.0,0.0,1.0,0.0,64,1
37798,0.002107858657836914,1,1,77,125,77.0,0.0,125.0,0.0,0.0,0.0,948.8302228254722,0.0,0.0,1.0,0.0,64,1
