sport,dur,pkts_fwd,pkts_bwd,bytes_fwd,bytes_bwd,pktlen_fwd_mean,pktlen_fwd_std,pktlen_bwd_mean,pktlen_bwd_std,iat_fwd_mean,iat_fwd_std,pps,payload_entropy_fwd,iat_cv_fwd,small_pkt_ratio_fwd,small_pkt_ratio_bwd,ttl_fwd_first,label
37348,0.0024220943450927734,1,1,74,138,74.0,0.0,138.0,0.0,0.0,0.0,825.7316665026085,0.0,0.0,1.0,0.0,64,1
44980,0.018011093139648438,1,1,74,138,74.0,0.0,138.0,0.0,0.0,0.0,111.04267711532351,0.0,0.0,1.0,0.0,64,1
57135,0.012123823165893555,1,1,74,138,74.0,0.0,138.0,0.0,0.0,0.0,164.96446480895165,0.0,0.0,1.0,0.0,64,1
34691,0.015640974044799805,1,1,74,138,74.0,0.0,138.0,0.0,0.0,0.0,127.8692742709937,0.0,0.0,1.0,0.0,64,1
48282,0.001990079879760742,1,1,74,138,74.0,0.0,138.0,0.0,0.0,0.0,1004.9847849526776,0.0,0.0,1.0,0.0,64,1
49596,0.0014040470123291016,1,1,74,138,74.0,0.0,138.0,0.0,0.0,0.0,1424.4537272881644,0.0,0.0,1.0,0.0,64,1
41330,0.003470897674560547,1,1,74,138,74.0,0.0,138.0,0.0,0.0,0.0,576.2198104135183,0.0,0.0,1.0,0.0,64,1
53477,0.014426946640014648,1,1,74,138,74.0,0.0,138.0,0.0,0.0,0.0,138.62947232734544,0.0,0.0,1.0,0.0,64,1
40229,0.0020949840545654297,1,1,77,125,77.0,0.0,125.0,0.0,0.0,0.0,954.6612040514397,0.0,0.0,1.0,0.0,64,1
