sport,dur,pkts_fwd,pkts_bwd,bytes_fwd,bytes_bwd,pktlen_fwd_mean,pktlen_fwd_std,pktlen_bwd_mean,pktlen_bwd_std,iat_fwd_mean,iat_fwd_std,pps,payload_entropy_fwd,iat_cv_fwd,small_pkt_ratio_fwd,small_pkt_ratio_bwd,ttl_fwd_first,label
50059,0.001909017562866211,1,1,74,138,74.0,0.0,138.0,0.0,0.0,0.0,1047.65929811415,0.0,0.0,1.0,0.0,64,1
46152,0.0026710033416748047,1,1,74,138,74.0,0.0,138.0,0.0,0.0,0.0,748.7822904579131,0.0,0.0,1.0,0.0,64,1
49331,0.046198129653930664,1,1,74,138,74.0,0.0,138.0,0.0,0.0,0.0,43.291795901305164,0.0,0.0,1.0,0.0,64,1
46082,0.007639884948730469,1,1,74,138,74.0,0.0,138.0,0.0,0.0,0.0,261.7840469354637,0.0,0.0,1.0,0.0,64,1
48112,0.003184080123901367,1,1,74,138,74.0,0.0,138.0,0.0,0.0,0.0,628.1248970423062,0.0,0.0,1.0,0.0,64,1
54016,0.0026199817657470703,1,1,74,138,74.0,0.0,138.0,0.0,0.0,0.0,763.3640913640913,0.0,0.0,1.0,0.0,64,1
41306,0.016921043395996094,1,1,74,138,74.0,0.0,138.0,0.0,0.0,0.0,118.19602096601477,0.0,0.0,1.0,0.0,64,1
49867,0.003178834915161133,1,1,74,138,74.0,0.0,138.0,0.0,0.0,0.0,629.1613290332258,0.0,0.0,1.0,0.0,64,1
38260,0.0023450851440429688,1,1,77,125,77.0,0.0,125.0,0.0,0.0,0.0,852.8474989833265,0.0,0.0,1.0,0.0,64,1
