sport,dur,pkts_fwd,pkts_bwd,bytes_fwd,bytes_bwd,pktlen_fwd_mean,pktlen_fwd_std,pktlen_bwd_mean,pktlen_bwd_std,iat_fwd_mean,iat_fwd_std,pps,payload_entropy_fwd,iat_cv_fwd,small_pkt_ratio_fwd,small_pkt_ratio_bwd,ttl_fwd_first,label
47229,0.13909196853637695,1,1,74,138,74.0,0.0,138.0,0.0,0.0,0.0,14.378975443696712,0.0,0.0,1.0,0.0,64,1
56828,0.019382953643798828,1,1,74,138,74.0,0.0,138.0,0.0,0.0,0.0,103.18344854731974,0.0,0.0,1.0,0.0,64,1
40668,0.0042209625244140625,1,1,74,138,74.0,0.0,138.0,0.0,0.0,0.0,473.8255761409851,0.0,0.0,1.0,0.0,64,1
50654,0.09368705749511719,1,1,74,138,74.0,0.0,138.0,0.0,0.0,0.0,21.34766587267656,0.0,0.0,1.0,0.0,64,1
54062,0.0054090023040771484,1,1,74,138,74.0,0.0,138.0,0.0,0.0,0.0,369.7539560100498,0.0,0.0,1.0,0.0,64,1
51005,0.0026819705963134766,1,1,74,138,74.0,0.0,138.0,0.0,0.0,0.0,745.7203306960619,0.0,0.0,1.0,0.0,64,1
44127,0.0047948360443115234,1,1,74,138,74.0,0.0,138.0,0.0,0.0,0.0,417.1154094774004,0.0,0.0,1.0,0.0,64,1
36345,0.019117116928100586,1,1,74,138,74.0,0.0,138.0,0.0,0.0,0.0,104.61828567152638,0.0,0.0,1.0,0.0,64,1
38025,0.0014159679412841797,1,1,77,125,77.0,0.0,125.0,0.0,0.0,0.0,1412.46135713083,0.0,0.0,1.0,0.0,64,1
