sport,dur,pkts_fwd,pkts_bwd,bytes_fwd,bytes_bwd,pktlen_fwd_mean,pktlen_fwd_std,pktlen_bwd_mean,pktlen_bwd_std,iat_fwd_mean,iat_fwd_std,pps,payload_entropy_fwd,iat_cv_fwd,small_pkt_ratio_fwd,small_pkt_ratio_bwd,ttl_fwd_first,label
53571,0.0017518997192382812,1,1,74,138,74.0,0.0,138.0,0.0,0.0,0.0,1141.6178551986936,0.0,0.0,1.0,0.0,64,1
40459,0.0024390220642089844,1,1,74,138,74.0,0.0,138.0,0.0,0.0,0.0,820.0007820136852,0.0,0.0,1.0,0.0,64,1
59864,0.00551605224609375,1,1,74,138,74.0,0.0,138.0,0.0,0.0,0.0,362.57814661134165,0.0,0.0,1.0,0.0,64,1
51491,0.00991201400756836,1,1,74,138,74.0,0.0,138.0,0.0,0.0,0.0,201.77534035695388,0.0,0.0,1.0,0.0,64,1
36918,0.0026390552520751953,1,1,74,138,74.0,0.0,138.0,0.0,0.0,0.0,757.8469599783178,0.0,0.0,1.0,0.0,64,1
44465,0.006850004196166992,1,1,74,138,74.0,0.0,138.0,0.0,0.0,0.0,291.97062406459924,0.0,0.0,1.0,0.0,64,1
40128,0.00590205192565918,1,1,74,138,74.0,0.0,138.0,0.0,0.0,0.0,338.8651989497071,0.0,0.0,1.0,0.0,64,1
45468,0.005084037780761719,1,1,74,138,74.0,0.0,138.0,0.0,0.0,0.0,393.3881072969424,0.0,0.0,1.0,0.0,64,1
38468,0.0020110607147216797,1,1,77,125,77.0,0.0,125.0,0.0,0.0,0.0,994.5000592768228,0.0,0.0,1.0,0.0,64,1
