sport,dur,pkts_fwd,pkts_bwd,bytes_fwd,bytes_bwd,pktlen_fwd_mean,pktlen_fwd_std,pktlen_bwd_mean,pktlen_bwd_std,iat_fwd_mean,iat_fwd_std,pps,payload_entropy_fwd,iat_cv_fwd,small_pkt_ratio_fwd,small_pkt_ratio_bwd,ttl_fwd_first,label
59264,0.0020978450775146484,1,1,74,138,74.0,0.0,138.0,0.0,0.0,0.0,953.3592453687919,0.0,0.0,1.0,0.0,64,1
40595,0.0026099681854248047,1,1,74,138,74.0,0.0,138.0,0.0,0.0,0.0,766.2928656252855,0.0,0.0,1.0,0.0,64,1
55941,0.07484602928161621,1,1,74,138,74.0,0.0,138.0,0.0,0.0,0.0,26.72152443083902,0.0,0.0,1.0,0.0,64,1
41990,0.011207103729248047,1,1,74,138,74.0,0.0,138.0,0.0,0.0,0.0,178.45823937369698,0.0,0.0,1.0,0.0,64,1
56207,0.0025429725646972656,1,1,74,138,74.0,0.0,138.0,0.0,0.0,0.0,786.481155072192,0.0,0.0,1.0,0.0,64,1
47677,0.002549886703491211,1,1,74,138,74.0,0.0,138.0,0.0,0.0,0.0,784.3485741000468,0.0,0.0,1.0,0.0,64,1
36368,0.014169931411743164,1,1,74,138,74.0,0.0,138.0,0.0,0.0,0.0,141.1439436003567,0.0,0.0,1.0,0.0,64,1
39296,0.0020139217376708984,1,1,74,138,74.0,0.0,138.0,0.0,0.0,0.0,993.0872499112111,0.0,0.0,1.0,0.0,64,1
38006,0.00251007080078125,1,1,77,125,77.0,0.0,125.0,0.0,0.0,0.0,796.790273556231,0.0,0.0,1.0,0.0,64,1
