sport,dur,pkts_fwd,pkts_bwd,bytes_fwd,bytes_bwd,pktlen_fwd_mean,pktlen_fwd_std,pktlen_bwd_mean,pktlen_bwd_std,iat_fwd_mean,iat_fwd_std,pps,payload_entropy_fwd,iat_cv_fwd,small_pkt_ratio_fwd,small_pkt_ratio_bwd,ttl_fwd_first,label
44617,0.0024688243865966797,1,1,74,138,74.0,0.0,138.0,0.0,0.0,0.0,810.102172863351,0.0,0.0,1.0,0.0,64,1
33260,0.02191901206970215,1,1,74,138,74.0,0.0,138.0,0.0,0.0,0.0,91.244988306956,0.0,0.0,1.0,0.0,64,1
44311,0.02183699607849121,1,1,74,138,74.0,0.0,138.0,0.0,0.0,0.0,91.58768874671092,0.0,0.0,1.0,0.0,64,1
46537,0.012121915817260742,1,1,74,138,74.0,0.0,138.0,0.0,0.0,0.0,164.99042149361762,0.0,0.0,1.0,0.0,64,1
46798,0.013596057891845703,1,1,74,138,74.0,0.0,138.0,0.0,0.0,0.0,147.10146249079366,0.0,0.0,1.0,0.0,64,1
35651,0.005429983139038086,1,1,74,138,74.0,0.0,138.0,0.0,0.0,0.0,368.325268935236,0.0,0.0,1.0,0.0,64,1
42819,0.010859012603759766,1,1,74,138,74.0,0.0,138.0,0.0,0.0,0.0,184.1788082378255,0.0,0.0,1.0,0.0,64,1
60636,0.006049156188964844,1,1,74,138,74.0,0.0,138.0,0.0,0.0,0.0,330.62462557149615,0.0,0.0,1.0,0.0,64,1
39627,0.012655019760131836,1,1,77,125,77.0,0.0,125.0,0.0,0.0,0.0,158.04005350515268,0.0,0.0,1.0,0.0,64,1
