sport,dur,pkts_fwd,pkts_bwd,bytes_fwd,bytes_bwd,pktlen_fwd_mean,pktlen_fwd_std,pktlen_bwd_mean,pktlen_bwd_std,iat_fwd_mean,iat_fwd_std,pps,payload_entropy_fwd,iat_cv_fwd,small_pkt_ratio_fwd,small_pkt_ratio_bwd,ttl_fwd_first,label
37543,0.0028221607208251953,1,1,74,138,74.0,0.0,138.0,0.0,0.0,0.0,708.6768606910534,0.0,0.0,1.0,0.0,64,1
60513,0.0019888877868652344,1,1,74,138,74.0,0.0,138.0,0.0,0.0,0.0,1005.5871493646607,0.0,0.0,1.0,0.0,64,1
52710,0.02017688751220703,1,1,74,138,74.0,0.0,138.0,0.0,0.0,0.0,99.12331616013613,0.0,0.0,1.0,0.0,64,1
53531,0.016520023345947266,1,1,74,138,74.0,0.0,138.0,0.0,0.0,0.0,121.06520421417233,0.0,0.0,1.0,0.0,64,1
42745,0.0026350021362304688,1,1,74,138,74.0,0.0,138.0,0.0,0.0,0.0,759.0126673905175,0.0,0.0,1.0,0.0,64,1
33787,0.0018589496612548828,1,1,74,138,74.0,0.0,138.0,0.0,0.0,0.0,1075.876362703604,0.0,0.0,1.0,0.0,64,1
35789,0.004538059234619141,1,1,74,138,74.0,0.0,138.0,0.0,0.0,0.0,440.71703267836506,0.0,0.0,1.0,0.0,64,1
43865,0.0060520172119140625,1,1,74,138,74.0,0.0,138.0,0.0,0.0,0.0,330.46832650488494,0.0,0.0,1.0,0.0,64,1
55328,0.0031027793884277344,1,1,77,125,77.0,0.0,125.0,0.0,0.0,0.0,644.5833717534962,0.0,0.0,1.0,0.0,64,1
