sport,dur,pkts_fwd,pkts_bwd,bytes_fwd,bytes_bwd,pktlen_fwd_mean,pktlen_fwd_std,pktlen_bwd_mean,pktlen_bwd_std,iat_fwd_mean,iat_fwd_std,pps,payload_entropy_fwd,iat_cv_fwd,small_pkt_ratio_fwd,small_pkt_ratio_bwd,ttl_fwd_first,label
49878,0.019018888473510742,1,1,74,138,74.0,0.0,138.0,0.0,0.0,0.0,105.15861653984531,0.0,0.0,1.0,0.0,64,1
48074,0.021641016006469727,1,1,74,138,74.0,0.0,138.0,0.0,0.0,0.0,92.417102755346,0.0,0.0,1.0,0.0,64,1
45455,0.005671977996826172,1,1,74,138,74.0,0.0,138.0,0.0,0.0,0.0,352.61067675493905,0.0,0.0,1.0,0.0,64,1
40505,0.006400108337402344,1,1,74,138,74.0,0.0,138.0,0.0,0.0,0.0,312.4947101773208,0.0,0.0,1.0,0.0,64,1
34659,0.002741098403930664,1,1,74,138,74.0,0.0,138.0,0.0,0.0,0.0,729.634513351309,0.0,0.0,1.0,0.0,64,1
43396,0.002516031265258789,1,1,74,138,74.0,0.0,138.0,0.0,0.0,0.0,794.9026817018857,0.0,0.0,1.0,0.0,64,1
41290,0.01368093490600586,1,1,74,138,74.0,0.0,138.0,0.0,0.0,0.0,146.1888397058311,0.0,0.0,1.0,0.0,64,1
34985,0.018513917922973633,1,1,74,138,74.0,0.0,138.0,0.0,0.0,0.0,108.02683734047622,0.0,0.0,1.0,0.0,64,1
33350,0.006545066833496094,1,1,77,125,77.0,0.0,125.0,0.0,0.0,0.0,305.5736558356404,0.0,0.0,1.0,0.0,64,1
