sport,dur,pkts_fwd,pkts_bwd,bytes_fwd,bytes_bwd,pktlen_fwd_mean,pktlen_fwd_std,pktlen_bwd_mean,pktlen_bwd_std,iat_fwd_mean,iat_fwd_std,pps,payload_entropy_fwd,iat_cv_fwd,small_pkt_ratio_fwd,small_pkt_ratio_bwd,ttl_fwd_first,label
42873,0.002379894256591797,1,1,74,138,74.0,0.0,138.0,0.0,0.0,0.0,840.3734722500501,0.0,0.0,1.0,0.0,64,1
56793,0.0021660327911376953,1,1,74,138,74.0,0.0,138.0,0.0,0.0,0.0,923.347055586131,0.0,0.0,1.0,0.0,64,1
56251,0.03886604309082031,1,1,74,138,74.0,0.0,138.0,0.0,0.0,0.0,51.458801590027974,0.0,0.0,1.0,0.0,64,1
53360,0.005070209503173828,1,1,74,138,74.0,0.0,138.0,0.0,0.0,0.0,394.4610175867582,0.0,0.0,1.0,0.0,64,1
49759,0.0025758743286132812,1,1,74,138,74.0,0.0,138.0,0.0,0.0,0.0,776.435394298408,0.0,0.0,1.0,0.0,64,1
52626,0.004997968673706055,1,1,74,138,74.0,0.0,138.0,0.0,0.0,0.0,400.1625721509326,0.0,0.0,1.0,0.0,64,1
46887,0.03851008415222168,1,1,74,138,74.0,0.0,138.0,0.0,0.0,0.0,51.934448963924645,0.0,0.0,1.0,0.0,64,1
50431,0.006165981292724609,1,1,74,138,74.0,0.0,138.0,0.0,0.0,0.0,324.36037429433145,0.0,0.0,1.0,0.0,64,1
33421,0.0022220611572265625,1,1,77,125,77.0,0.0,125.0,0.0,0.0,0.0,900.0652360515021,0.0,0.0,1.0,0.0,64,1
