sport,dur,pkts_fwd,pkts_bwd,bytes_fwd,bytes_bwd,pktlen_fwd_mean,pktlen_fwd_std,pktlen_bwd_mean,pktlen_bwd_std,iat_fwd_mean,iat_fwd_std,pps,payload_entropy_fwd,iat_cv_fwd,small_pkt_ratio_fwd,small_pkt_ratio_bwd,ttl_fwd_first,label
53428,0.07546496391296387,1,1,74,138,74.0,0.0,138.0,0.0,0.0,0.0,26.502364757063468,0.0,0.0,1.0,0.0,64,1
53471,0.0032770633697509766,1,1,74,138,74.0,0.0,138.0,0.0,0.0,0.0,610.3025100036377,0.0,0.0,1.0,0.0,64,1
54456,0.002331972122192383,1,1,74,138,74.0,0.0,138.0,0.0,0.0,0.0,857.6431857683264,0.0,0.0,1.0,0.0,64,1
40372,0.11004114151000977,1,1,74,138,74.0,0.0,138.0,0.0,0.0,0.0,18.17502047466558,0.0,0.0,1.0,0.0,64,1
37227,0.022082090377807617,1,1,74,138,74.0,0.0,138.0,0.0,0.0,0.0,90.57113551215194,0.0,0.0,1.0,0.0,64,1
40871,0.0029380321502685547,1,1,74,138,74.0,0.0,138.0,0.0,0.0,0.0,680.7277448673212,0.0,0.0,1.0,0.0,64,1
48085,0.01703786849975586,1,1,74,138,74.0,0.0,138.0,0.0,0.0,0.0,117.3855755506423,0.0,0.0,1.0,0.0,64,1
59179,0.009393930435180664,1,1,74,138,74.0,0.0,138.0,0.0,0.0,0.0,212.9034288469836,0.0,0.0,1.0,0.0,64,1
35532,0.005792140960693359,1,1,77,125,77.0,0.0,125.0,0.0,0.0,0.0,345.29546390055157,0.0,0.0,1.0,0.0,64,1
