sport,dur,pkts_fwd,pkts_bwd,bytes_fwd,bytes_bwd,pktlen_fwd_mean,pktlen_fwd_std,pktlen_bwd_mean,pktlen_bwd_std,iat_fwd_mean,iat_fwd_std,pps,payload_entropy_fwd,iat_cv_fwd,small_pkt_ratio_fwd,small_pkt_ratio_bwd,ttl_fwd_first,label
51984,0.0019829273223876953,1,1,74,138,74.0,0.0,138.0,0.0,0.0,0.0,1008.6098352771432,0.0,0.0,1.0,0.0,64,1
55823,0.003206968307495117,1,1,74,138,74.0,0.0,138.0,0.0,0.0,0.0,623.6419597055981,0.0,0.0,1.0,0.0,64,1
46154,0.13785815238952637,1,1,74,138,74.0,0.0,138.0,0.0,0.0,0.0,14.507665780612536,0.0,0.0,1.0,0.0,64,1
59850,0.02625584602355957,1,1,74,138,74.0,0.0,138.0,0.0,0.0,0.0,76.17351191827468,0.0,0.0,1.0,0.0,64,1
34973,0.0024678707122802734,1,1,74,138,74.0,0.0,138.0,0.0,0.0,0.0,810.4152255820694,0.0,0.0,1.0,0.0,64,1
40777,0.001416921615600586,1,1,74,138,74.0,0.0,138.0,0.0,0.0,0.0,1411.5106848393068,0.0,0.0,1.0,0.0,64,1
36851,0.0024518966674804688,1,1,74,138,74.0,0.0,138.0,0.0,0.0,0.0,815.6950602878258,0.0,0.0,1.0,0.0,64,1
55318,0.016740083694458008,1,1,74,138,74.0,0.0,138.0,0.0,0.0,0.0,119.47371569367496,0.0,0.0,1.0,0.0,64,1
48343,0.010760784149169922,1,1,77,125,77.0,0.0,125.0,0.0,0.0,0.0,185.86006115123854,0.0,0.0,1.0,0.0,64,1
