sport,dur,pkts_fwd,pkts_bwd,bytes_fwd,bytes_bwd,pktlen_fwd_mean,pktlen_fwd_std,pktlen_bwd_mean,pktlen_bwd_std,iat_fwd_mean,iat_fwd_std,pps,payload_entropy_fwd,iat_cv_fwd,small_pkt_ratio_fwd,small_pkt_ratio_bwd,ttl_fwd_first,label
58727,0.0031659603118896484,1,1,74,138,74.0,0.0,138.0,0.0,0.0,0.0,631.719858423074,0.0,0.0,1.0,0.0,64,1
52303,0.002043008804321289,1,1,74,138,74.0,0.0,138.0,0.0,0.0,0.0,978.9483020189053,0.0,0.0,1.0,0.0,64,1
47354,0.004889011383056641,1,1,74,138,74.0,0.0,138.0,0.0,0.0,0.0,409.0806593192236,0.0,0.0,1.0,0.0,64,1
35627,0.10799384117126465,1,1,74,138,74.0,0.0,138.0,0.0,0.0,0.0,18.519574619336407,0.0,0.0,1.0,0.0,64,1
50375,0.00286102294921875,1,1,74,138,74.0,0.0,138.0,0.0,0.0,0.0,699.0506666666666,0.0,0.0,1.0,0.0,64,1
60610,0.0033049583435058594,1,1,74,138,74.0,0.0,138.0,0.0,0.0,0.0,605.1513490116866,0.0,0.0,1.0,0.0,64,1
59914,0.015244007110595703,1,1,74,138,74.0,0.0,138.0,0.0,0.0,0.0,131.19909912727954,0.0,0.0,1.0,0.0,64,1
37599,0.0026521682739257812,1,1,74,138,74.0,0.0,138.0,0.0,0.0,0.0,754.0999640417116,0.0,0.0,1.0,0.0,64,1
35483,0.010450124740600586,1,1,77,125,77.0,0.0,125.0,0.0,0.0,0.0,191.385275261801,0.0,0.0,1.0,0.0,64,1
