sport,dur,pkts_fwd,pkts_bwd,bytes_fwd,bytes_bwd,pktlen_fwd_mean,pktlen_fwd_std,pktlen_bwd_mean,pktlen_bwd_std,iat_fwd_mean,iat_fwd_std,pps,payload_entropy_fwd,iat_cv_fwd,small_pkt_ratio_fwd,small_pkt_ratio_bwd,ttl_fwd_first,label
45565,0.0024662017822265625,1,1,74,138,74.0,0.0,138.0,0.0,0.0,0.0,810.9636504253674,0.0,0.0,1.0,0.0,64,1
54588,0.002485036849975586,1,1,74,138,74.0,0.0,138.0,0.0,0.0,0.0,804.817039240142,0.0,0.0,1.0,0.0,64,1
45149,0.0027589797973632812,1,1,74,138,74.0,0.0,138.0,0.0,0.0,0.0,724.9056342896647,0.0,0.0,1.0,0.0,64,1
37996,0.03891587257385254,1,1,74,138,74.0,0.0,138.0,0.0,0.0,0.0,51.39291162505744,0.0,0.0,1.0,0.0,64,1
47888,0.0011260509490966797,1,1,74,138,74.0,0.0,138.0,0.0,0.0,0.0,1776.1185687063307,0.0,0.0,1.0,0.0,64,1
56605,0.002504110336303711,1,1,74,138,74.0,0.0,138.0,0.0,0.0,0.0,798.6868513757973,0.0,0.0,1.0,0.0,64,1
39674,0.010807991027832031,1,1,74,138,74.0,0.0,138.0,0.0,0.0,0.0,185.04826612547427,0.0,0.0,1.0,0.0,64,1
56625,0.02002406120300293,1,1,74,138,74.0,0.0,138.0,0.0,0.0,0.0,99.87983854644172,0.0,0.0,1.0,0.0,64,1
50975,0.0019791126251220703,1,1,77,125,77.0,0.0,125.0,0.0,0.0,0.0,1010.5539091675702,0.0,0.0,1.0,0.0,64,1
