sport,dur,pkts_fwd,pkts_bwd,bytes_fwd,bytes_bwd,pktlen_fwd_mean,pktlen_fwd_std,pktlen_bwd_mean,pktlen_bwd_std,iat_fwd_mean,iat_fwd_std,pps,payload_entropy_fwd,iat_cv_fwd,small_pkt_ratio_fwd,small_pkt_ratio_bwd,ttl_fwd_first,label
33161,0.01715707778930664,1,1,74,138,74.0,0.0,138.0,0.0,0.0,0.0,116.56996748283817,0.0,0.0,1.0,0.0,64,1
39664,0.26082611083984375,1,1,74,138,74.0,0.0,138.0,0.0,0.0,0.0,7.667943955304648,0.0,0.0,1.0,0.0,64,1
43654,0.04193997383117676,1,1,74,138,74.0,0.0,138.0,0.0,0.0,0.0,47.6872019055307,0.0,0.0,1.0,0.0,64,1
48990,0.013063907623291016,1,1,74,138,74.0,0.0,138.0,0.0,0.0,0.0,153.0935503887287,0.0,0.0,1.0,0.0,64,1
40608,0.021052122116088867,1,1,74,138,74.0,0.0,138.0,0.0,0.0,0.0,95.00229900678377,0.0,0.0,1.0,0.0,64,1
33997,0.006894826889038086,1,1,74,138,74.0,0.0,138.0,0.0,0.0,0.0,290.0725474601473,0.0,0.0,1.0,0.0,64,1
59151,0.04103207588195801,1,1,74,138,74.0,0.0,138.0,0.0,0.0,0.0,48.74235478004195,0.0,0.0,1.0,0.0,64,1
50814,0.002349853515625,1,1,74,138,74.0,0.0,138.0,0.0,0.0,0.0,851.1168831168832,0.0,0.0,1.0,0.0,64,1
44325,0.0024068355560302734,1,1,77,125,77.0,0.0,125.0,0.0,0.0,0.0,830.9666171371966,0.0,0.0,1.0,0.0,64,1
