sport,dur,pkts_fwd,pkts_bwd,bytes_fwd,bytes_bwd,pktlen_fwd_mean,pktlen_fwd_std,pktlen_bwd_mean,pktlen_bwd_std,iat_fwd_mean,iat_fwd_std,pps,payload_entropy_fwd,iat_cv_fwd,small_pkt_ratio_fwd,small_pkt_ratio_bwd,ttl_fwd_first,label
60240,0.0018398761749267578,1,1,74,138,74.0,0.0,138.0,0.0,0.0,0.0,1087.0296747440716,0.0,0.0,1.0,0.0,64,1
38634,0.002234935760498047,1,1,74,138,74.0,0.0,138.0,0.0,0.0,0.0,894.8803072327715,0.0,0.0,1.0,0.0,64,1
41479,0.002565145492553711,1,1,74,138,74.0,0.0,138.0,0.0,0.0,0.0,779.6828701552189,0.0,0.0,1.0,0.0,64,1
44281,0.01940608024597168,1,1,74,138,74.0,0.0,138.0,0.0,0.0,0.0,103.06048283064071,0.0,0.0,1.0,0.0,64,1
49666,0.003165006637573242,1,1,74,138,74.0,0.0,138.0,0.0,0.0,0.0,631.9102071563088,0.0,0.0,1.0,0.0,64,1
49352,0.0022919178009033203,1,1,74,138,74.0,0.0,138.0,0.0,0.0,0.0,872.6316446478727,0.0,0.0,1.0,0.0,64,1
43599,0.0025360584259033203,1,1,74,138,74.0,0.0,138.0,0.0,0.0,0.0,788.6253642944439,0.0,0.0,1.0,0.0,64,1
44320,0.051603078842163086,1,1,74,138,74.0,0.0,138.0,0.0,0.0,0.0,38.75737736729517,0.0,0.0,1.0,0.0,64,1
35564,0.002151012420654297,1,1,77,125,77.0,0.0,125.0,0.0,0.0,0.0,929.7947240079804,0.0,0.0,1.0,0.0,64,1
