sport,dur,pkts_fwd,pkts_bwd,bytes_fwd,bytes_bwd,pktlen_fwd_mean,pktlen_fwd_std,pktlen_bwd_mean,pktlen_bwd_std,iat_fwd_mean,iat_fwd_std,pps,payload_entropy_fwd,iat_cv_fwd,small_pkt_ratio_fwd,small_pkt_ratio_bwd,ttl_fwd_first,label
44763,0.0721888542175293,1,1,74,138,74.0,0.0,138.0,0.0,0.0,0.0,27.705107965466905,0.0,0.0,1.0,0.0,64,1
36045,0.001992940902709961,1,1,74,138,74.0,0.0,138.0,0.0,0.0,0.0,1003.5420504845077,0.0,0.0,1.0,0.0,64,1
52778,0.020985126495361328,1,1,74,138,74.0,0.0,138.0,0.0,0.0,0.0,95.30559658251721,0.0,0.0,1.0,0.0,64,1
56356,0.01825690269470215,1,1,74,138,74.0,0.0,138.0,0.0,0.0,0.0,109.54760692131897,0.0,0.0,1.0,0.0,64,1
33975,0.02081608772277832,1,1,74,138,74.0,0.0,138.0,0.0,0.0,0.0,96.0795336105098,0.0,0.0,1.0,0.0,64,1
37991,0.010816097259521484,1,1,74,138,74.0,0.0,138.0,0.0,0.0,0.0,184.90957986157034,0.0,0.0,1.0,0.0,64,1
37235,0.003213167190551758,1,1,74,138,74.0,0.0,138.0,0.0,0.0,0.0,622.4388216962232,0.0,0.0,1.0,0.0,64,1
58873,0.01269984245300293,1,1,74,138,74.0,0.0,138.0,0.0,0.0,0.0,157.48226857153585,0.0,0.0,1.0,0.0,64,1
59342,0.001971006393432617,1,1,77,125,77.0,0.0,125.0,0.0,0.0,0.0,1014.7100520140317,0.0,0.0,1.0,0.0,64,1
