sport,dur,pkts_fwd,pkts_bwd,bytes_fwd,bytes_bwd,pktlen_fwd_mean,pktlen_fwd_std,pktlen_bwd_mean,pktlen_bwd_std,iat_fwd_mean,iat_fwd_std,pps,payload_entropy_fwd,iat_cv_fwd,small_pkt_ratio_fwd,small_pkt_ratio_bwd,ttl_fwd_first,label
48013,0.14231204986572266,1,1,74,138,74.0,0.0,138.0,0.0,0.0,0.0,14.053623722566593,0.0,0.0,1.0,0.0,64,1
48187,0.015110015869140625,1,1,74,138,74.0,0.0,138.0,0.0,0.0,0.0,132.3625347134562,0.0,0.0,1.0,0.0,64,1
60295,0.006321907043457031,1,1,74,138,74.0,0.0,138.0,0.0,0.0,0.0,316.3602353296123,0.0,0.0,1.0,0.0,64,1
48907,0.015304803848266602,1,1,74,138,74.0,0.0,138.0,0.0,0.0,0.0,130.67792438427867,0.0,0.0,1.0,0.0,64,1
41666,0.022547006607055664,1,1,74,138,74.0,0.0,138.0,0.0,0.0,0.0,88.70357093762226,0.0,0.0,1.0,0.0,64,1
49780,0.17287087440490723,1,1,74,138,74.0,0.0,138.0,0.0,0.0,0.0,11.569328881367808,0.0,0.0,1.0,0.0,64,1
34495,0.021427154541015625,1,1,74,138,74.0,0.0,138.0,0.0,0.0,0.0,93.33950507388286,0.0,0.0,1.0,0.0,64,1
33533,0.002443075180053711,1,1,74,138,74.0,0.0,138.0,0.0,0.0,0.0,818.6403825509906,0.0,0.0,1.0,0.0,64,1
41988,0.007030963897705078,1,1,77,125,77.0,0.0,125.0,0.0,0.0,0.0,284.456018989488,0.0,0.0,1.0,0.0,64,1
