sport,dur,pkts_fwd,pkts_bwd,bytes_fwd,bytes_bwd,pktlen_fwd_mean,pktlen_fwd_std,pktlen_bwd_mean,pktlen_bwd_std,iat_fwd_mean,iat_fwd_std,pps,payload_entropy_fwd,iat_cv_fwd,small_pkt_ratio_fwd,small_pkt_ratio_bwd,ttl_fwd_first,label
42497,0.001981019973754883,1,1,74,138,74.0,0.0,138.0,0.0,0.0,0.0,1009.5809363340956,0.0,0.0,1.0,0.0,64,1
43893,0.017579078674316406,1,1,74,138,74.0,0.0,138.0,0.0,0.0,0.0,113.77160527315141,0.0,0.0,1.0,0.0,64,1
43554,0.005199909210205078,1,1,74,138,74.0,0.0,138.0,0.0,0.0,0.0,384.62209995414946,0.0,0.0,1.0,0.0,64,1
52141,0.005776882171630859,1,1,74,138,74.0,0.0,138.0,0.0,0.0,0.0,346.20751134956663,0.0,0.0,1.0,0.0,64,1
33170,0.021271944046020508,1,1,74,138,74.0,0.0,138.0,0.0,0.0,0.0,94.02055569877047,0.0,0.0,1.0,0.0,64,1
41687,0.002435922622680664,1,1,74,138,74.0,0.0,138.0,0.0,0.0,0.0,821.044142116081,0.0,0.0,1.0,0.0,64,1
59003,0.007532835006713867,1,1,74,138,74.0,0.0,138.0,0.0,0.0,0.0,265.5042886532679,0.0,0.0,1.0,0.0,64,1
45635,0.0410311222076416,1,1,74,138,74.0,0.0,138.0,0.0,0.0,0.0,48.74348768427108,0.0,0.0,1.0,0.0,64,1
50522,0.0025780200958251953,1,1,77,125,77.0,0.0,125.0,0.0,0.0,0.0,775.7891426986035,0.0,0.0,1.0,0.0,64,1
