sport,dur,pkts_fwd,pkts_bwd,bytes_fwd,bytes_bwd,pktlen_fwd_mean,pktlen_fwd_std,pktlen_bwd_mean,pktlen_bwd_std,iat_fwd_mean,iat_fwd_std,pps,payload_entropy_fwd,iat_cv_fwd,small_pkt_ratio_fwd,small_pkt_ratio_bwd,ttl_fwd_first,label
53893,0.02003002166748047,1,1,74,138,74.0,0.0,138.0,0.0,0.0,0.0,99.85011665000238,0.0,0.0,1.0,0.0,64,1
53062,0.0733950138092041,1,1,74,138,74.0,0.0,138.0,0.0,0.0,0.0,27.249807530510882,0.0,0.0,1.0,0.0,64,1
38240,0.0175321102142334,1,1,74,138,74.0,0.0,138.0,0.0,0.0,0.0,114.07639899367648,0.0,0.0,1.0,0.0,64,1
57477,0.0037348270416259766,1,1,74,138,74.0,0.0,138.0,0.0,0.0,0.0,535.5000319182892,0.0,0.0,1.0,0.0,64,1
50327,0.01202702522277832,1,1,74,138,74.0,0.0,138.0,0.0,0.0,0.0,166.29215977797602,0.0,0.0,1.0,0.0,64,1
56986,0.012031078338623047,1,1,74,138,74.0,0.0,138.0,0.0,0.0,0.0,166.2361380841029,0.0,0.0,1.0,0.0,64,1
39206,0.016508102416992188,1,1,74,138,74.0,0.0,138.0,0.0,0.0,0.0,121.1526285384171,0.0,0.0,1.0,0.0,64,1
42020,0.002747058868408203,1,1,74,138,74.0,0.0,138.0,0.0,0.0,0.0,728.0513799687554,0.0,0.0,1.0,0.0,64,1
37089,0.012552976608276367,1,1,77,125,77.0,0.0,125.0,0.0,0.0,0.0,159.3247611631308,0.0,0.0,1.0,0.0,64,1
