sport,dur,pkts_fwd,pkts_bwd,bytes_fwd,bytes_bwd,pktlen_fwd_mean,pktlen_fwd_std,pktlen_bwd_mean,pktlen_bwd_std,iat_fwd_mean,iat_fwd_std,pps,payload_entropy_fwd,iat_cv_fwd,small_pkt_ratio_fwd,small_pkt_ratio_bwd,ttl_fwd_first,label
44024,0.044938087463378906,1,1,74,138,74.0,0.0,138.0,0.0,0.0,0.0,44.50567687442966,0.0,0.0,1.0,0.0,64,1
56836,0.001950979232788086,1,1,74,138,74.0,0.0,138.0,0.0,0.0,0.0,1025.1262373212758,0.0,0.0,1.0,0.0,64,1
45554,0.005876064300537109,1,1,74,138,74.0,0.0,138.0,0.0,0.0,0.0,340.3638724336606,0.0,0.0,1.0,0.0,64,1
35341,0.004759073257446289,1,1,74,138,74.0,0.0,138.0,0.0,0.0,0.0,420.2498872801964,0.0,0.0,1.0,0.0,64,1
42711,0.002232074737548828,1,1,74,138,74.0,0.0,138.0,0.0,0.0,0.0,896.0273445844905,0.0,0.0,1.0,0.0,64,1
43064,0.016404151916503906,1,1,74,138,74.0,0.0,138.0,0.0,0.0,0.0,121.92035346782164,0.0,0.0,1.0,0.0,64,1
46196,0.002156972885131836,1,1,74,138,74.0,0.0,138.0,0.0,0.0,0.0,927.2253785785343,0.0,0.0,1.0,0.0,64,1
51703,0.0019478797912597656,1,1,74,138,74.0,0.0,138.0,0.0,0.0,0.0,1026.757405140759,0.0,0.0,1.0,0.0,64,1
38595,0.0027000904083251953,1,1,77,125,77.0,0.0,125.0,0.0,0.0,0.0,740.7159381898455,0.0,0.0,1.0,0.0,64,1
