sport,dur,pkts_fwd,pkts_bwd,bytes_fwd,bytes_bwd,pktlen_fwd_mean,pktlen_fwd_std,pktlen_bwd_mean,pktlen_bwd_std,iat_fwd_mean,iat_fwd_std,pps,payload_entropy_fwd,iat_cv_fwd,small_pkt_ratio_fwd,small_pkt_ratio_bwd,ttl_fwd_first,label
52682,0.0027730464935302734,1,1,74,138,74.0,0.0,138.0,0.0,0.0,0.0,721.2284412346315,0.0,0.0,1.0,0.0,64,1
43602,0.027692079544067383,1,1,74,138,74.0,0.0,138.0,0.0,0.0,0.0,72.22281724336843,0.0,0.0,1.0,0.0,64,1
47571,0.051409006118774414,1,1,74,138,74.0,0.0,138.0,0.0,0.0,0.0,38.90368927536232,0.0,0.0,1.0,0.0,64,1
55874,0.0185089111328125,1,1,74,138,74.0,0.0,138.0,0.0,0.0,0.0,108.0560593569662,0.0,0.0,1.0,0.0,64,1
39421,0.003108978271484375,1,1,74,138,74.0,0.0,138.0,0.0,0.0,0.0,643.2981595092025,0.0,0.0,1.0,0.0,64,1
54774,0.0026869773864746094,1,1,74,138,74.0,0.0,138.0,0.0,0.0,0.0,744.3307897071873,0.0,0.0,1.0,0.0,64,1
59858,0.0031909942626953125,1,1,74,138,74.0,0.0,138.0,0.0,0.0,0.0,626.7638971906754,0.0,0.0,1.0,0.0,64,1
58736,0.0025599002838134766,1,1,74,138,74.0,0.0,138.0,0.0,0.0,0.0,781.2804321505076,0.0,0.0,1.0,0.0,64,1
50719,0.001992940902709961,1,1,77,125,77.0,0.0,125.0,0.0,0.0,0.0,1003.5420504845077,0.0,0.0,1.0,0.0,64,1
