sport,dur,pkts_fwd,pkts_bwd,bytes_fwd,bytes_bwd,pktlen_fwd_mean,pktlen_fwd_std,pktlen_bwd_mean,pktlen_bwd_std,iat_fwd_mean,iat_fwd_std,pps,payload_entropy_fwd,iat_cv_fwd,small_pkt_ratio_fwd,small_pkt_ratio_bwd,ttl_fwd_first,label
58011,0.020170927047729492,1,1,74,138,74.0,0.0,138.0,0.0,0.0,0.0,99.15260688155266,0.0,0.0,1.0,0.0,64,1
51309,0.004111051559448242,1,1,74,138,74.0,0.0,138.0,0.0,0.0,0.0,486.49353360784085,0.0,0.0,1.0,0.0,64,1
38603,0.1596980094909668,1,1,74,138,74.0,0.0,138.0,0.0,0.0,0.0,12.523637623129726,0.0,0.0,1.0,0.0,64,1
59121,0.023463964462280273,1,1,74,138,74.0,0.0,138.0,0.0,0.0,0.0,85.23708784230047,0.0,0.0,1.0,0.0,64,1
56243,0.0032389163970947266,1,1,74,138,74.0,0.0,138.0,0.0,0.0,0.0,617.4904674273096,0.0,0.0,1.0,0.0,64,1
47225,0.021877050399780273,1,1,74,138,74.0,0.0,138.0,0.0,0.0,0.0,91.42000239758498,0.0,0.0,1.0,0.0,64,1
48247,0.04395318031311035,1,1,74,138,74.0,0.0,138.0,0.0,0.0,0.0,45.50296442151741,0.0,0.0,1.0,0.0,64,1
44244,0.09420394897460938,1,1,74,138,74.0,0.0,138.0,0.0,0.0,0.0,21.23053249645677,0.0,0.0,1.0,0.0,64,1
51126,0.005300045013427734,1,1,77,125,77.0,0.0,125.0,0.0,0.0,0.0,377.3552856500225,0.0,0.0,1.0,0.0,64,1
