sport,dur,pkts_fwd,pkts_bwd,bytes_fwd,bytes_bwd,pktlen_fwd_mean,pktlen_fwd_std,pktlen_bwd_mean,pktlen_bwd_std,iat_fwd_mean,iat_fwd_std,pps,payload_entropy_fwd,iat_cv_fwd,small_pkt_ratio_fwd,small_pkt_ratio_bwd,ttl_fwd_first,label
48722,0.012372970581054688,1,1,74,138,74.0,0.0,138.0,0.0,0.0,0.0,161.64266995529522,0.0,0.0,1.0,0.0,64,1
51613,0.010075092315673828,1,1,74,138,74.0,0.0,138.0,0.0,0.0,0.0,198.509347342515,0.0,0.0,1.0,0.0,64,1
60412,0.03892207145690918,1,1,74,138,74.0,0.0,138.0,0.0,0.0,0.0,51.384726586667156,0.0,0.0,1.0,0.0,64,1
59931,0.011542081832885742,1,1,74,138,74.0,0.0,138.0,0.0,0.0,0.0,173.2789655243643,0.0,0.0,1.0,0.0,64,1
52849,0.0025720596313476562,1,1,74,138,74.0,0.0,138.0,0.0,0.0,0.0,777.5869484612532,0.0,0.0,1.0,0.0,64,1
49955,0.020451068878173828,1,1,74,138,74.0,0.0,138.0,0.0,0.0,0.0,97.79439949637437,0.0,0.0,1.0,0.0,64,1
39886,0.004634857177734375,1,1,74,138,74.0,0.0,138.0,0.0,0.0,0.0,431.5127572016461,0.0,0.0,1.0,0.0,64,1
36307,0.01793503761291504,1,1,74,138,74.0,0.0,138.0,0.0,0.0,0.0,111.51356596876039,0.0,0.0,1.0,0.0,64,1
54998,0.0026819705963134766,1,1,77,125,77.0,0.0,125.0,0.0,0.0,0.0,745.7203306960619,0.0,0.0,1.0,0.0,64,1
