sport,dur,pkts_fwd,pkts_bwd,bytes_fwd,bytes_bwd,pktlen_fwd_mean,pktlen_fwd_std,pktlen_bwd_mean,pktlen_bwd_std,iat_fwd_mean,iat_fwd_std,pps,payload_entropy_fwd,iat_cv_fwd,small_pkt_ratio_fwd,small_pkt_ratio_bwd,ttl_fwd_first,label
41865,0.0027937889099121094,1,1,74,138,74.0,0.0,138.0,0.0,0.0,0.0,715.873698583376,0.0,0.0,1.0,0.0,64,1
36370,0.0025320053100585938,1,1,74,138,74.0,0.0,138.0,0.0,0.0,0.0,789.887758945386,0.0,0.0,1.0,0.0,64,1
43070,0.008816957473754883,1,1,74,138,74.0,0.0,138.0,0.0,0.0,0.0,226.8356182904735,0.0,0.0,1.0,0.0,64,1
40888,0.026309967041015625,1,1,74,138,74.0,0.0,138.0,0.0,0.0,0.0,76.01681890677106,0.0,0.0,1.0,0.0,64,1
49670,0.0033130645751953125,1,1,74,138,74.0,0.0,138.0,0.0,0.0,0.0,603.6706966033391,0.0,0.0,1.0,0.0,64,1
53724,0.0020720958709716797,1,1,74,138,74.0,0.0,138.0,0.0,0.0,0.0,965.2063053733748,0.0,0.0,1.0,0.0,64,1
34642,0.02029705047607422,1,1,74,138,74.0,0.0,138.0,0.0,0.0,0.0,98.53648451816004,0.0,0.0,1.0,0.0,64,1
56401,0.003261089324951172,1,1,74,138,74.0,0.0,138.0,0.0,0.0,0.0,613.2920017546425,0.0,0.0,1.0,0.0,64,1
50979,0.003106832504272461,1,1,77,125,77.0,0.0,125.0,0.0,0.0,0.0,643.7424602870079,0.0,0.0,1.0,0.0,64,1
