sport,dur,pkts_fwd,pkts_bwd,bytes_fwd,bytes_bwd,pktlen_fwd_mean,pktlen_fwd_std,pktlen_bwd_mean,pktlen_bwd_std,iat_fwd_mean,iat_fwd_std,pps,payload_entropy_fwd,iat_cv_fwd,small_pkt_ratio_fwd,small_pkt_ratio_bwd,ttl_fwd_first,label
42146,0.014072895050048828,1,1,74,138,74.0,0.0,138.0,0.0,0.0,0.0,142.1171687053163,0.0,0.0,1.0,0.0,64,1
33650,0.002504110336303711,1,1,74,138,74.0,0.0,138.0,0.0,0.0,0.0,798.6868513757973,0.0,0.0,1.0,0.0,64,1
38426,0.006886005401611328,1,1,74,138,74.0,0.0,138.0,0.0,0.0,0.0,290.4441520670314,0.0,0.0,1.0,0.0,64,1
44197,0.007360935211181641,1,1,74,138,74.0,0.0,138.0,0.0,0.0,0.0,271.7046058171925,0.0,0.0,1.0,0.0,64,1
35259,0.10881805419921875,1,1,74,138,74.0,0.0,138.0,0.0,0.0,0.0,18.379303091916146,0.0,0.0,1.0,0.0,64,1
49930,0.007637977600097656,1,1,74,138,74.0,0.0,138.0,0.0,0.0,0.0,261.84941940317145,0.0,0.0,1.0,0.0,64,1
40477,0.006441831588745117,1,1,74,138,74.0,0.0,138.0,0.0,0.0,0.0,310.47070579962246,0.0,0.0,1.0,0.0,64,1
48269,0.0019991397857666016,1,1,74,138,74.0,0.0,138.0,0.0,0.0,0.0,1000.4302921884317,0.0,0.0,1.0,0.0,64,1
34624,0.0034160614013671875,1,1,77,125,77.0,0.0,125.0,0.0,0.0,0.0,585.4695700725852,0.0,0.0,1.0,0.0,64,1
