sport,dur,pkts_fwd,pkts_bwd,bytes_fwd,bytes_bwd,pktlen_fwd_mean,pktlen_fwd_std,pktlen_bwd_mean,pktlen_bwd_std,iat_fwd_mean,iat_fwd_std,pps,payload_entropy_fwd,iat_cv_fwd,small_pkt_ratio_fwd,small_pkt_ratio_bwd,ttl_fwd_first,label
34685,0.010998964309692383,1,1,74,138,74.0,0.0,138.0,0.0,0.0,0.0,181.83530227819566,0.0,0.0,1.0,0.0,64,1
53304,0.0742349624633789,1,1,74,138,74.0,0.0,138.0,0.0,0.0,0.0,26.941483280019526,0.0,0.0,1.0,0.0,64,1
38333,0.011211872100830078,1,1,74,138,74.0,0.0,138.0,0.0,0.0,0.0,178.3823416833241,0.0,0.0,1.0,0.0,64,1
32891,0.03953719139099121,1,1,74,138,74.0,0.0,138.0,0.0,0.0,0.0,50.585282606991456,0.0,0.0,1.0,0.0,64,1
60743,0.0026140213012695312,1,1,74,138,74.0,0.0,138.0,0.0,0.0,0.0,765.1047063115651,0.0,0.0,1.0,0.0,64,1
55673,0.07460689544677734,1,1,74,138,74.0,0.0,138.0,0.0,0.0,0.0,26.807173626823126,0.0,0.0,1.0,0.0,64,1
52486,0.011282920837402344,1,1,74,138,74.0,0.0,138.0,0.0,0.0,0.0,177.25906516777957,0.0,0.0,1.0,0.0,64,1
60397,0.038130998611450195,1,1,74,138,74.0,0.0,138.0,0.0,0.0,0.0,52.45076375732338,0.0,0.0,1.0,0.0,64,1
38287,0.005365848541259766,1,1,77,125,77.0,0.0,125.0,0.0,0.0,0.0,372.72762818803875,0.0,0.0,1.0,0.0,64,1
