sport,dur,pkts_fwd,pkts_bwd,bytes_fwd,bytes_bwd,pktlen_fwd_mean,pktlen_fwd_std,pktlen_bwd_mean,pktlen_bwd_std,iat_fwd_mean,iat_fwd_std,pps,payload_entropy_fwd,iat_cv_fwd,small_pkt_ratio_fwd,small_pkt_ratio_bwd,ttl_fwd_first,label
40006,0.0032491683959960938,1,1,74,138,74.0,0.0,138.0,0.0,0.0,0.0,615.542119166422,0.0,0.0,1.0,0.0,64,1
55653,0.0026929378509521484,1,1,74,138,74.0,0.0,138.0,0.0,0.0,0.0,742.6833111996459,0.0,0.0,1.0,0.0,64,1
58054,0.003217935562133789,1,1,74,138,74.0,0.0,138.0,0.0,0.0,0.0,621.516485144847,0.0,0.0,1.0,0.0,64,1
57417,0.016360044479370117,1,1,74,138,74.0,0.0,138.0,0.0,0.0,0.0,122.24905638380041,0.0,0.0,1.0,0.0,64,1
50949,0.0019800662994384766,1,1,74,138,74.0,0.0,138.0,0.0,0.0,0.0,1010.0671884406984,0.0,0.0,1.0,0.0,64,1
43505,0.006443023681640625,1,1,74,138,74.0,0.0,138.0,0.0,0.0,0.0,310.41326228537594,0.0,0.0,1.0,0.0,64,1
57302,0.002482891082763672,1,1,74,138,74.0,0.0,138.0,0.0,0.0,0.0,805.5125792202804,0.0,0.0,1.0,0.0,64,1
35330,0.026256084442138672,1,1,74,138,74.0,0.0,138.0,0.0,0.0,0.0,76.17282022410693,0.0,0.0,1.0,0.0,64,1
48183,0.003322124481201172,1,1,77,125,77.0,0.0,125.0,0.0,0.0,0.0,602.0244007463758,0.0,0.0,1.0,0.0,64,1
