sport,dur,pkts_fwd,pkts_bwd,bytes_fwd,bytes_bwd,pktlen_fwd_mean,pktlen_fwd_std,pktlen_bwd_mean,pktlen_bwd_std,iat_fwd_mean,iat_fwd_std,pps,payload_entropy_fwd,iat_cv_fwd,small_pkt_ratio_fwd,small_pkt_ratio_bwd,ttl_fwd_first,label
58094,0.002549886703491211,1,1,74,138,74.0,0.0,138.0,0.0,0.0,0.0,784.3485741000468,0.0,0.0,1.0,0.0,64,1
36638,0.013131141662597656,1,1,74,138,74.0,0.0,138.0,0.0,0.0,0.0,152.3096811678408,0.0,0.0,1.0,0.0,64,1
45825,0.0025680065155029297,1,1,74,138,74.0,0.0,138.0,0.0,0.0,0.0,778.814223377588,0.0,0.0,1.0,0.0,64,1
34037,0.014681100845336914,1,1,74,138,74.0,0.0,138.0,0.0,0.0,0.0,136.22956623414586,0.0,0.0,1.0,0.0,64,1
51071,0.05109000205993652,1,1,74,138,74.0,0.0,138.0,0.0,0.0,0.0,39.146602453718614,0.0,0.0,1.0,0.0,64,1
52505,0.003565073013305664,1,1,74,138,74.0,0.0,138.0,0.0,0.0,0.0,560.9983280946967,0.0,0.0,1.0,0.0,64,1
36225,0.021565914154052734,1,1,74,138,74.0,0.0,138.0,0.0,0.0,0.0,92.73893912928118,0.0,0.0,1.0,0.0,64,1
51783,0.01699090003967285,1,1,74,138,74.0,0.0,138.0,0.0,0.0,0.0,117.7100680558479,0.0,0.0,1.0,0.0,64,1
54707,0.002042055130004883,1,1,77,125,77.0,0.0,125.0,0.0,0.0,0.0,979.40548744892,0.0,0.0,1.0,0.0,64,1
