sport,dur,pkts_fwd,pkts_bwd,bytes_fwd,bytes_bwd,pktlen_fwd_mean,pktlen_fwd_std,pktlen_bwd_mean,pktlen_bwd_std,iat_fwd_mean,iat_fwd_std,pps,payload_entropy_fwd,iat_cv_fwd,small_pkt_ratio_fwd,small_pkt_ratio_bwd,ttl_fwd_first,label
37053,0.04606795310974121,1,1,74,138,74.0,0.0,138.0,0.0,0.0,0.0,43.41412771771476,0.0,0.0,1.0,0.0,64,1
52896,0.016850948333740234,1,1,74,138,74.0,0.0,138.0,0.0,0.0,0.0,118.68768216418121,0.0,0.0,1.0,0.0,64,1
57116,0.014271974563598633,1,1,74,138,74.0,0.0,138.0,0.0,0.0,0.0,140.134778904462,0.0,0.0,1.0,0.0,64,1
41948,0.013720989227294922,1,1,74,138,74.0,0.0,138.0,0.0,0.0,0.0,145.7620851433536,0.0,0.0,1.0,0.0,64,1
44572,0.002747058868408203,1,1,74,138,74.0,0.0,138.0,0.0,0.0,0.0,728.0513799687554,0.0,0.0,1.0,0.0,64,1
38881,0.0027201175689697266,1,1,74,138,74.0,0.0,138.0,0.0,0.0,0.0,735.2623367516873,0.0,0.0,1.0,0.0,64,1
42602,0.002093076705932617,1,1,74,138,74.0,0.0,138.0,0.0,0.0,0.0,955.5311538899647,0.0,0.0,1.0,0.0,64,1
41694,0.041101932525634766,1,1,74,138,74.0,0.0,138.0,0.0,0.0,0.0,48.65951251203638,0.0,0.0,1.0,0.0,64,1
43344,0.0020821094512939453,1,1,77,125,77.0,0.0,125.0,0.0,0.0,0.0,960.5642963471888,0.0,0.0,1.0,0.0,64,1
