sport,dur,pkts_fwd,pkts_bwd,bytes_fwd,bytes_bwd,pktlen_fwd_mean,pktlen_fwd_std,pktlen_bwd_mean,pktlen_bwd_std,iat_fwd_mean,iat_fwd_std,pps,payload_entropy_fwd,iat_cv_fwd,small_pkt_ratio_fwd,small_pkt_ratio_bwd,ttl_fwd_first,label
55271,0.002602100372314453,1,1,74,138,74.0,0.0,138.0,0.0,0.0,0.0,768.6098588968298,0.0,0.0,1.0,0.0,64,1
44698,0.002640962600708008,1,1,74,138,74.0,0.0,138.0,0.0,0.0,0.0,757.2996298636815,0.0,0.0,1.0,0.0,64,1
37362,0.025921106338500977,1,1,74,138,74.0,0.0,138.0,0.0,0.0,0.0,77.15720054083388,0.0,0.0,1.0,0.0,64,1
55601,0.2935478687286377,1,1,74,138,74.0,0.0,138.0,0.0,0.0,0.0,6.813198844406687,0.0,0.0,1.0,0.0,64,1
46385,0.00822901725769043,1,1,74,138,74.0,0.0,138.0,0.0,0.0,0.0,243.0423873678111,0.0,0.0,1.0,0.0,64,1
41998,0.002981901168823242,1,1,74,138,74.0,0.0,138.0,0.0,0.0,0.0,670.7130406972095,0.0,0.0,1.0,0.0,64,1
46249,0.0027718544006347656,1,1,74,138,74.0,0.0,138.0,0.0,0.0,0.0,721.5386203337347,0.0,0.0,1.0,0.0,64,1
46419,0.003339052200317383,1,1,74,138,74.0,0.0,138.0,0.0,0.0,0.0,598.9723670117816,0.0,0.0,1.0,0.0,64,1
42747,0.0024509429931640625,1,1,77,125,77.0,0.0,125.0,0.0,0.0,0.0,816.0124513618678,0.0,0.0,1.0,0.0,64,1
