sport,dur,pkts_fwd,pkts_bwd,bytes_fwd,bytes_bwd,pktlen_fwd_mean,pktlen_fwd_std,pktlen_bwd_mean,pktlen_bwd_std,iat_fwd_mean,iat_fwd_std,pps,payload_entropy_fwd,iat_cv_fwd,small_pkt_ratio_fwd,small_pkt_ratio_bwd,ttl_fwd_first,label
44750,0.0018360614776611328,1,1,74,138,74.0,0.0,138.0,0.0,0.0,0.0,1089.2881443968315,0.0,0.0,1.0,0.0,64,1
50807,0.07509613037109375,1,1,74,138,74.0,0.0,138.0,0.0,0.0,0.0,26.632530732500253,0.0,0.0,1.0,0.0,64,1
35683,0.01969599723815918,1,1,74,138,74.0,0.0,138.0,0.0,0.0,0.0,101.54347483991236,0.0,0.0,1.0,0.0,64,1
37553,0.28710007667541504,1,1,74,138,74.0,0.0,138.0,0.0,0.0,0.0,6.966212002308615,0.0,0.0,1.0,0.0,64,1
39563,0.010911941528320312,1,1,74,138,74.0,0.0,138.0,0.0,0.0,0.0,183.28543960846005,0.0,0.0,1.0,0.0,64,1
41306,0.012783050537109375,1,1,74,138,74.0,0.0,138.0,0.0,0.0,0.0,156.45717696210087,0.0,0.0,1.0,0.0,64,1
55113,0.007750988006591797,1,1,74,138,74.0,0.0,138.0,0.0,0.0,0.0,258.0316210396801,0.0,0.0,1.0,0.0,64,1
45623,0.01176595687866211,1,1,74,138,74.0,0.0,138.0,0.0,0.0,0.0,169.98192502532928,0.0,0.0,1.0,0.0,64,1
45553,0.0027589797973632812,1,1,77,125,77.0,0.0,125.0,0.0,0.0,0.0,724.9056342896647,0.0,0.0,1.0,0.0,64,1
