sport,dur,pkts_fwd,pkts_bwd,bytes_fwd,bytes_bwd,pktlen_fwd_mean,pktlen_fwd_std,pktlen_bwd_mean,pktlen_bwd_std,iat_fwd_mean,iat_fwd_std,pps,payload_entropy_fwd,iat_cv_fwd,small_pkt_ratio_fwd,small_pkt_ratio_bwd,ttl_fwd_first,label
56348,0.038719892501831055,1,1,74,138,74.0,0.0,138.0,0.0,0.0,0.0,51.65303596608437,0.0,0.0,1.0,0.0,64,1
44669,0.004073143005371094,1,1,74,138,74.0,0.0,138.0,0.0,0.0,0.0,491.0213064856006,0.0,0.0,1.0,0.0,64,1
36593,0.02162003517150879,1,1,74,138,74.0,0.0,138.0,0.0,0.0,0.0,92.50678752991256,0.0,0.0,1.0,0.0,64,1
44216,0.016453981399536133,1,1,74,138,74.0,0.0,138.0,0.0,0.0,0.0,121.55112804833873,0.0,0.0,1.0,0.0,64,1
36933,0.0019850730895996094,1,1,74,138,74.0,0.0,138.0,0.0,0.0,0.0,1007.5195772279606,0.0,0.0,1.0,0.0,64,1
36334,0.00251007080078125,1,1,74,138,74.0,0.0,138.0,0.0,0.0,0.0,796.790273556231,0.0,0.0,1.0,0.0,64,1
40869,0.012904882431030273,1,1,74,138,74.0,0.0,138.0,0.0,0.0,0.0,154.98010235187616,0.0,0.0,1.0,0.0,64,1
45447,0.003233194351196289,1,1,74,138,74.0,0.0,138.0,0.0,0.0,0.0,618.5832903178232,0.0,0.0,1.0,0.0,64,1
44265,0.002496004104614258,1,1,77,125,77.0,0.0,125.0,0.0,0.0,0.0,801.2807335944216,0.0,0.0,1.0,0.0,64,1
