sport,dur,pkts_fwd,pkts_bwd,bytes_fwd,bytes_bwd,pktlen_fwd_mean,pktlen_fwd_std,pktlen_bwd_mean,pktlen_bwd_std,iat_fwd_mean,iat_fwd_std,pps,payload_entropy_fwd,iat_cv_fwd,small_pkt_ratio_fwd,small_pkt_ratio_bwd,ttl_fwd_first,label
50803,0.002529144287109375,1,1,74,138,74.0,0.0,138.0,0.0,0.0,0.0,790.7812971342383,0.0,0.0,1.0,0.0,64,1
43924,0.0032842159271240234,1,1,74,138,74.0,0.0,138.0,0.0,0.0,0.0,608.9733575317605,0.0,0.0,1.0,0.0,64,1
51413,0.014183998107910156,1,1,74,138,74.0,0.0,138.0,0.0,0.0,0.0,141.003966919922,0.0,0.0,1.0,0.0,64,1
48852,0.023317813873291016,1,1,74,138,74.0,0.0,138.0,0.0,0.0,0.0,85.77133391955175,0.0,0.0,1.0,0.0,64,1
36067,0.002496004104614258,1,1,74,138,74.0,0.0,138.0,0.0,0.0,0.0,801.2807335944216,0.0,0.0,1.0,0.0,64,1
44188,0.0026400089263916016,1,1,74,138,74.0,0.0,138.0,0.0,0.0,0.0,757.5731960624944,0.0,0.0,1.0,0.0,64,1
43281,0.01480412483215332,1,1,74,138,74.0,0.0,138.0,0.0,0.0,0.0,135.09748280804598,0.0,0.0,1.0,0.0,64,1
44269,0.002071857452392578,1,1,74,138,74.0,0.0,138.0,0.0,0.0,0.0,965.3173762945914,0.0,0.0,1.0,0.0,64,1
46870,0.0056760311126708984,1,1,77,125,77.0,0.0,125.0,0.0,0.0,0.0,352.35888604192047,0.0,0.0,1.0,0.0,64,1
