sport,dur,pkts_fwd,pkts_bwd,bytes_fwd,bytes_bwd,pktlen_fwd_mean,pktlen_fwd_std,pktlen_bwd_mean,pktlen_bwd_std,iat_fwd_mean,iat_fwd_std,pps,payload_entropy_fwd,iat_cv_fwd,small_pkt_ratio_fwd,small_pkt_ratio_bwd,ttl_fwd_first,label
56233,0.001397848129272461,1,1,74,138,74.0,0.0,138.0,0.0,0.0,0.0,1430.7705952584001,0.0,0.0,1.0,0.0,64,1
32925,0.0025870800018310547,1,1,74,138,74.0,0.0,138.0,0.0,0.0,0.0,773.0723435628053,0.0,0.0,1.0,0.0,64,1
43847,0.015059947967529297,1,1,74,138,74.0,0.0,138.0,0.0,0.0,0.0,132.8025836684292,0.0,0.0,1.0,0.0,64,1
41179,0.0053691864013671875,1,1,74,138,74.0,0.0,138.0,0.0,0.0,0.0,372.49591474245113,0.0,0.0,1.0,0.0,64,1
56194,0.002463102340698242,1,1,74,138,74.0,0.0,138.0,0.0,0.0,0.0,811.9841254476818,0.0,0.0,1.0,0.0,64,1
36614,0.0025360584259033203,1,1,74,138,74.0,0.0,138.0,0.0,0.0,0.0,788.6253642944439,0.0,0.0,1.0,0.0,64,1
48059,0.014120101928710938,1,1,74,138,74.0,0.0,138.0,0.0,0.0,0.0,141.64203701202214,0.0,0.0,1.0,0.0,64,1
56121,0.007317066192626953,1,1,74,138,74.0,0.0,138.0,0.0,0.0,0.0,273.33359400456175,0.0,0.0,1.0,0.0,64,1
52946,0.0017390251159667969,1,1,77,125,77.0,0.0,125.0,0.0,0.0,0.0,1150.0696462846174,0.0,0.0,1.0,0.0,64,1
