sport,dur,pkts_fwd,pkts_bwd,bytes_fwd,bytes_bwd,pktlen_fwd_mean,pktlen_fwd_std,pktlen_bwd_mean,pktlen_bwd_std,iat_fwd_mean,iat_fwd_std,pps,payload_entropy_fwd,iat_cv_fwd,small_pkt_ratio_fwd,small_pkt_ratio_bwd,ttl_fwd_first,label
43148,0.001971006393432617,1,1,74,138,74.0,0.0,138.0,0.0,0.0,0.0,1014.7100520140317,0.0,0.0,1.0,0.0,64,1
49510,0.010149955749511719,1,1,74,138,74.0,0.0,138.0,0.0,0.0,0.0,197.04519402424128,0.0,0.0,1.0,0.0,64,1
51398,0.01600193977355957,1,1,74,138,74.0,0.0,138.0,0.0,0.0,0.0,124.98484735610948,0.0,0.0,1.0,0.0,64,1
57337,0.014996051788330078,1,1,74,138,74.0,0.0,138.0,0.0,0.0,0.0,133.36843778816495,0.0,0.0,1.0,0.0,64,1
36485,0.003022909164428711,1,1,74,138,74.0,0.0,138.0,0.0,0.0,0.0,661.6143228961274,0.0,0.0,1.0,0.0,64,1
54928,0.04408597946166992,1,1,74,138,74.0,0.0,138.0,0.0,0.0,0.0,45.36589692282732,0.0,0.0,1.0,0.0,64,1
47037,0.0032989978790283203,1,1,74,138,74.0,0.0,138.0,0.0,0.0,0.0,606.244706222447,0.0,0.0,1.0,0.0,64,1
54262,0.017796993255615234,1,1,74,138,74.0,0.0,138.0,0.0,0.0,0.0,112.37853334405058,0.0,0.0,1.0,0.0,64,1
50165,0.0024261474609375,1,1,77,125,77.0,0.0,125.0,0.0,0.0,0.0,824.3522012578617,0.0,0.0,1.0,0.0,64,1
