sport,dur,pkts_fwd,pkts_bwd,bytes_fwd,bytes_bwd,pktlen_fwd_mean,pktlen_fwd_std,pktlen_bwd_mean,pktlen_bwd_std,iat_fwd_mean,iat_fwd_std,pps,payload_entropy_fwd,iat_cv_fwd,small_pkt_ratio_fwd,small_pkt_ratio_bwd,ttl_fwd_first,label
41431,0.0027399063110351562,1,1,74,138,74.0,0.0,138.0,0.0,0.0,0.0,729.9519665854508,0.0,0.0,1.0,0.0,64,1
39106,0.07573604583740234,1,1,74,138,74.0,0.0,138.0,0.0,0.0,0.0,26.40750487943084,0.0,0.0,1.0,0.0,64,1
60933,0.015281915664672852,1,1,74,138,74.0,0.0,138.0,0.0,0.0,0.0,130.8736446323541,0.0,0.0,1.0,0.0,64,1
45971,0.009657144546508789,1,1,74,138,74.0,0.0,138.0,0.0,0.0,0.0,207.10055548697693,0.0,0.0,1.0,0.0,64,1
36506,0.011807918548583984,1,1,74,138,74.0,0.0,138.0,0.0,0.0,0.0,169.37786213302104,0.0,0.0,1.0,0.0,64,1
53398,0.010338068008422852,1,1,74,138,74.0,0.0,138.0,0.0,0.0,0.0,193.45974493208183,0.0,0.0,1.0,0.0,64,1
42537,0.013463020324707031,1,1,74,138,74.0,0.0,138.0,0.0,0.0,0.0,148.55507544095772,0.0,0.0,1.0,0.0,64,1
60763,0.01478886604309082,1,1,74,138,74.0,0.0,138.0,0.0,0.0,0.0,135.23687307549696,0.0,0.0,1.0,0.0,64,1
56854,0.002561807632446289,1,1,77,125,77.0,0.0,125.0,0.0,0.0,0.0,780.6987436016752,0.0,0.0,1.0,0.0,64,1
