sport,dur,pkts_fwd,pkts_bwd,bytes_fwd,bytes_bwd,pktlen_fwd_mean,pktlen_fwd_std,pktlen_bwd_mean,pktlen_bwd_std,iat_fwd_mean,iat_fwd_std,pps,payload_entropy_fwd,iat_cv_fwd,small_pkt_ratio_fwd,small_pkt_ratio_bwd,ttl_fwd_first,label
40324,0.0025000572204589844,1,1,74,138,74.0,0.0,138.0,0.0,0.0,0.0,799.9816898722106,0.0,0.0,1.0,0.0,64,1
42159,0.002515077590942383,1,1,74,138,74.0,0.0,138.0,0.0,0.0,0.0,795.204095174898,0.0,0.0,1.0,0.0,64,1
48854,0.037661075592041016,1,1,74,138,74.0,0.0,138.0,0.0,0.0,0.0,53.105227839607,0.0,0.0,1.0,0.0,64,1
39605,0.0024759769439697266,1,1,74,138,74.0,0.0,138.0,0.0,0.0,0.0,807.7619643716899,0.0,0.0,1.0,0.0,64,1
57128,0.0025229454040527344,1,1,74,138,74.0,0.0,138.0,0.0,0.0,0.0,792.7242487242487,0.0,0.0,1.0,0.0,64,1
36746,0.020537853240966797,1,1,74,138,74.0,0.0,138.0,0.0,0.0,0.0,97.38116133825544,0.0,0.0,1.0,0.0,64,1
49668,0.010875940322875977,1,1,74,138,74.0,0.0,138.0,0.0,0.0,0.0,183.89214547208277,0.0,0.0,1.0,0.0,64,1
33417,0.021918058395385742,1,1,74,138,74.0,0.0,138.0,0.0,0.0,0.0,91.24895845797391,0.0,0.0,1.0,0.0,64,1
41118,0.0024309158325195312,1,1,77,125,77.0,0.0,125.0,0.0,0.0,0.0,822.7351902706944,0.0,0.0,1.0,0.0,64,1
