sport,dur,pkts_fwd,pkts_bwd,bytes_fwd,bytes_bwd,pktlen_fwd_mean,pktlen_fwd_std,pktlen_bwd_mean,pktlen_bwd_std,iat_fwd_mean,iat_fwd_std,pps,payload_entropy_fwd,iat_cv_fwd,small_pkt_ratio_fwd,small_pkt_ratio_bwd,ttl_fwd_first,label
51623,0.004805088043212891,1,1,74,138,74.0,0.0,138.0,0.0,0.0,0.0,416.22546392775627,0.0,0.0,1.0,0.0,64,1
41136,0.002295970916748047,1,1,74,138,74.0,0.0,138.0,0.0,0.0,0.0,871.0911734164071,0.0,0.0,1.0,0.0,64,1
56594,0.002562999725341797,1,1,74,138,74.0,0.0,138.0,0.0,0.0,0.0,780.3356279069767,0.0,0.0,1.0,0.0,64,1
39467,0.002686023712158203,1,1,74,138,74.0,0.0,138.0,0.0,0.0,0.0,744.5950647967335,0.0,0.0,1.0,0.0,64,1
45818,0.017066001892089844,1,1,74,138,74.0,0.0,138.0,0.0,0.0,0.0,117.19206482257614,0.0,0.0,1.0,0.0,64,1
34141,0.0020151138305664062,1,1,74,138,74.0,0.0,138.0,0.0,0.0,0.0,992.4997633696166,0.0,0.0,1.0,0.0,64,1
37923,0.013705968856811523,1,1,74,138,74.0,0.0,138.0,0.0,0.0,0.0,145.92182580409485,0.0,0.0,1.0,0.0,64,1
60554,0.0032279491424560547,1,1,74,138,74.0,0.0,138.0,0.0,0.0,0.0,619.5884481867198,0.0,0.0,1.0,0.0,64,1
39270,0.002524852752685547,1,1,77,125,77.0,0.0,125.0,0.0,0.0,0.0,792.1254013220018,0.0,0.0,1.0,0.0,64,1
