sport,dur,pkts_fwd,pkts_bwd,bytes_fwd,bytes_bwd,pktlen_fwd_mean,pktlen_fwd_std,pktlen_bwd_mean,pktlen_bwd_std,iat_fwd_mean,iat_fwd_std,pps,payload_entropy_fwd,iat_cv_fwd,small_pkt_ratio_fwd,small_pkt_ratio_bwd,ttl_fwd_first,label
44905,0.0019500255584716797,1,1,74,138,74.0,0.0,138.0,0.0,0.0,0.0,1025.6275828340872,0.0,0.0,1.0,0.0,64,1
52497,0.0018200874328613281,1,1,74,138,74.0,0.0,138.0,0.0,0.0,0.0,1098.8483101912498,0.0,0.0,1.0,0.0,64,1
49022,0.017464160919189453,1,1,74,138,74.0,0.0,138.0,0.0,0.0,0.0,114.5202457337884,0.0,0.0,1.0,0.0,64,1
35849,0.005192995071411133,1,1,74,138,74.0,0.0,138.0,0.0,0.0,0.0,385.13419953170194,0.0,0.0,1.0,0.0,64,1
39741,0.0019299983978271484,1,1,74,138,74.0,0.0,138.0,0.0,0.0,0.0,1036.270290302656,0.0,0.0,1.0,0.0,64,1
34364,0.003161907196044922,1,1,74,138,74.0,0.0,138.0,0.0,0.0,0.0,632.529633539436,0.0,0.0,1.0,0.0,64,1
57484,0.0021469593048095703,1,1,74,138,74.0,0.0,138.0,0.0,0.0,0.0,931.5500277623543,0.0,0.0,1.0,0.0,64,1
39213,0.011789083480834961,1,1,74,138,74.0,0.0,138.0,0.0,0.0,0.0,169.64847210144194,0.0,0.0,1.0,0.0,64,1
37737,0.0019061565399169922,1,1,77,125,77.0,0.0,125.0,0.0,0.0,0.0,1049.23176985616,0.0,0.0,1.0,0.0,64,1
