sport,dur,pkts_fwd,pkts_bwd,bytes_fwd,bytes_bwd,pktlen_fwd_mean,pktlen_fwd_std,pktlen_bwd_mean,pktlen_bwd_std,iat_fwd_mean,iat_fwd_std,pps,payload_entropy_fwd,iat_cv_fwd,small_pkt_ratio_fwd,small_pkt_ratio_bwd,ttl_fwd_first,label
51581,0.0026040077209472656,1,1,74,138,74.0,0.0,138.0,0.0,0.0,0.0,768.0468778611976,0.0,0.0,1.0,0.0,64,1
52061,0.01268911361694336,1,1,74,138,74.0,0.0,138.0,0.0,0.0,0.0,157.61542219382963,0.0,0.0,1.0,0.0,64,1
33736,0.003968000411987305,1,1,74,138,74.0,0.0,138.0,0.0,0.0,0.0,504.03220573213963,0.0,0.0,1.0,0.0,64,1
55010,0.019124984741210938,1,1,74,138,74.0,0.0,138.0,0.0,0.0,0.0,104.57524683354941,0.0,0.0,1.0,0.0,64,1
60201,0.0034677982330322266,1,1,74,138,74.0,0.0,138.0,0.0,0.0,0.0,576.7348229632177,0.0,0.0,1.0,0.0,64,1
44594,0.010885953903198242,1,1,74,138,74.0,0.0,138.0,0.0,0.0,0.0,183.7229899910204,0.0,0.0,1.0,0.0,64,1
50448,0.012507200241088867,1,1,74,138,74.0,0.0,138.0,0.0,0.0,0.0,159.9078899712156,0.0,0.0,1.0,0.0,64,1
37517,0.07558798789978027,1,1,74,138,74.0,0.0,138.0,0.0,0.0,0.0,26.45923056784812,0.0,0.0,1.0,0.0,64,1
41434,0.0038068294525146484,1,1,77,125,77.0,0.0,125.0,0.0,0.0,0.0,525.3715788814429,0.0,0.0,1.0,0.0,64,1
