sport,dur,pkts_fwd,pkts_bwd,bytes_fwd,bytes_bwd,pktlen_fwd_mean,pktlen_fwd_std,pktlen_bwd_mean,pktlen_bwd_std,iat_fwd_mean,iat_fwd_std,pps,payload_entropy_fwd,iat_cv_fwd,small_pkt_ratio_fwd,small_pkt_ratio_bwd,ttl_fwd_first,label
56782,0.08604693412780762,1,1,74,138,74.0,0.0,138.0,0.0,0.0,0.0,23.243129116365157,0.0,0.0,1.0,0.0,64,1
47867,0.0025179386138916016,1,1,74,138,74.0,0.0,138.0,0.0,0.0,0.0,794.3005397216173,0.0,0.0,1.0,0.0,64,1
56123,0.011503934860229492,1,1,74,138,74.0,0.0,138.0,0.0,0.0,0.0,173.85355743922406,0.0,0.0,1.0,0.0,64,1
33393,0.005727052688598633,1,1,74,138,74.0,0.0,138.0,0.0,0.0,0.0,349.21976603805007,0.0,0.0,1.0,0.0,64,1
56843,0.11026692390441895,1,1,74,138,74.0,0.0,138.0,0.0,0.0,0.0,18.137805328945518,0.0,0.0,1.0,0.0,64,1
53523,0.1392650604248047,1,1,74,138,74.0,0.0,138.0,0.0,0.0,0.0,14.361103882763816,0.0,0.0,1.0,0.0,64,1
54779,0.0068738460540771484,1,1,74,138,74.0,0.0,138.0,0.0,0.0,0.0,290.95792723110543,0.0,0.0,1.0,0.0,64,1
35839,0.10656094551086426,1,1,74,138,74.0,0.0,138.0,0.0,0.0,0.0,18.76860223425939,0.0,0.0,1.0,0.0,64,1
51760,0.0027921199798583984,1,1,77,125,77.0,0.0,125.0,0.0,0.0,0.0,716.3015967893433,0.0,0.0,1.0,0.0,64,1
