sport,dur,pkts_fwd,pkts_bwd,bytes_fwd,bytes_bwd,pktlen_fwd_mean,pktlen_fwd_std,pktlen_bwd_mean,pktlen_bwd_std,iat_fwd_mean,iat_fwd_std,pps,payload_entropy_fwd,iat_cv_fwd,small_pkt_ratio_fwd,small_pkt_ratio_bwd,ttl_fwd_first,label
43335,0.002443075180053711,1,1,74,138,74.0,0.0,138.0,0.0,0.0,0.0,818.6403825509906,0.0,0.0,1.0,0.0,64,1
57865,0.002866983413696289,1,1,74,138,74.0,0.0,138.0,0.0,0.0,0.0,697.5973388773389,0.0,0.0,1.0,0.0,64,1
55847,0.016015052795410156,1,1,74,138,74.0,0.0,138.0,0.0,0.0,0.0,124.88251056988031,0.0,0.0,1.0,0.0,64,1
36448,0.022417068481445312,1,1,74,138,74.0,0.0,138.0,0.0,0.0,0.0,89.21773164298477,0.0,0.0,1.0,0.0,64,1
56204,0.0024650096893310547,1,1,74,138,74.0,0.0,138.0,0.0,0.0,0.0,811.3558371215785,0.0,0.0,1.0,0.0,64,1
54457,0.00580906867980957,1,1,74,138,74.0,0.0,138.0,0.0,0.0,0.0,344.28926739175046,0.0,0.0,1.0,0.0,64,1
48404,0.0023670196533203125,1,1,74,138,74.0,0.0,138.0,0.0,0.0,0.0,844.9443996776793,0.0,0.0,1.0,0.0,64,1
40996,0.00356292724609375,1,1,74,138,74.0,0.0,138.0,0.0,0.0,0.0,561.3361884368309,0.0,0.0,1.0,0.0,64,1
58066,0.0030651092529296875,1,1,77,125,77.0,0.0,125.0,0.0,0.0,0.0,652.5052893590541,0.0,0.0,1.0,0.0,64,1
