sport,dur,pkts_fwd,pkts_bwd,bytes_fwd,bytes_bwd,pktlen_fwd_mean,pktlen_fwd_std,pktlen_bwd_mean,pktlen_bwd_std,iat_fwd_mean,iat_fwd_std,pps,payload_entropy_fwd,iat_cv_fwd,small_pkt_ratio_fwd,small_pkt_ratio_bwd,ttl_fwd_first,label
33901,0.002435922622680664,1,1,74,138,74.0,0.0,138.0,0.0,0.0,0.0,821.044142116081,0.0,0.0,1.0,0.0,64,1
42187,0.002768993377685547,1,1,74,138,74.0,0.0,138.0,0.0,0.0,0.0,722.2841398312381,0.0,0.0,1.0,0.0,64,1
47964,0.0019161701202392578,1,1,74,138,74.0,0.0,138.0,0.0,0.0,0.0,1043.7486624362325,0.0,0.0,1.0,0.0,64,1
58250,0.0032138824462890625,1,1,74,138,74.0,0.0,138.0,0.0,0.0,0.0,622.300296735905,0.0,0.0,1.0,0.0,64,1
58024,0.002022981643676758,1,1,74,138,74.0,0.0,138.0,0.0,0.0,0.0,988.6397171479081,0.0,0.0,1.0,0.0,64,1
56182,0.0018949508666992188,1,1,74,138,74.0,0.0,138.0,0.0,0.0,0.0,1055.4363361852038,0.0,0.0,1.0,0.0,64,1
39649,0.0025119781494140625,1,1,74,138,74.0,0.0,138.0,0.0,0.0,0.0,796.1852695520122,0.0,0.0,1.0,0.0,64,1
36053,0.05168890953063965,1,1,74,138,74.0,0.0,138.0,0.0,0.0,0.0,38.69301980175185,0.0,0.0,1.0,0.0,64,1
60400,0.0021049976348876953,1,1,77,125,77.0,0.0,125.0,0.0,0.0,0.0,950.1198323705969,0.0,0.0,1.0,0.0,64,1
