sport,dur,pkts_fwd,pkts_bwd,bytes_fwd,bytes_bwd,pktlen_fwd_mean,pktlen_fwd_std,pktlen_bwd_mean,pktlen_bwd_std,iat_fwd_mean,iat_fwd_std,pps,payload_entropy_fwd,iat_cv_fwd,small_pkt_ratio_fwd,small_pkt_ratio_bwd,ttl_fwd_first,label
39661,0.0009589195251464844,1,1,74,138,74.0,0.0,138.0,0.0,0.0,0.0,2000.0,0.0,0.0,1.0,0.0,64,1
47281,0.002517223358154297,1,1,74,138,74.0,0.0,138.0,0.0,0.0,0.0,794.526236029551,0.0,0.0,1.0,0.0,64,1
41915,0.011433124542236328,1,1,74,138,74.0,0.0,138.0,0.0,0.0,0.0,174.93030821203652,0.0,0.0,1.0,0.0,64,1
58327,0.0061740875244140625,1,1,74,138,74.0,0.0,138.0,0.0,0.0,0.0,323.93450725980847,0.0,0.0,1.0,0.0,64,1
34148,0.0013689994812011719,1,1,74,138,74.0,0.0,138.0,0.0,0.0,0.0,1460.9209334726577,0.0,0.0,1.0,0.0,64,1
34442,0.0024199485778808594,1,1,74,138,74.0,0.0,138.0,0.0,0.0,0.0,826.4638423645321,0.0,0.0,1.0,0.0,64,1
35060,0.013953924179077148,1,1,74,138,74.0,0.0,138.0,0.0,0.0,0.0,143.32885676696225,0.0,0.0,1.0,0.0,64,1
58027,0.002505779266357422,1,1,74,138,74.0,0.0,138.0,0.0,0.0,0.0,798.1549000951475,0.0,0.0,1.0,0.0,64,1
54691,0.0019860267639160156,1,1,77,125,77.0,0.0,125.0,0.0,0.0,0.0,1007.0357743097239,0.0,0.0,1.0,0.0,64,1
