sport,dur,pkts_fwd,pkts_bwd,bytes_fwd,bytes_bwd,pktlen_fwd_mean,pktlen_fwd_std,pktlen_bwd_mean,pktlen_bwd_std,iat_fwd_mean,iat_fwd_std,pps,payload_entropy_fwd,iat_cv_fwd,small_pkt_ratio_fwd,small_pkt_ratio_bwd,ttl_fwd_first,label
46275,0.012627124786376953,1,1,74,138,74.0,0.0,138.0,0.0,0.0,0.0,158.38918469846305,0.0,0.0,1.0,0.0,64,1
41532,0.015848875045776367,1,1,74,138,74.0,0.0,138.0,0.0,0.0,0.0,126.19192177510342,0.0,0.0,1.0,0.0,64,1
37947,0.015456199645996094,1,1,74,138,74.0,0.0,138.0,0.0,0.0,0.0,129.39791448139692,0.0,0.0,1.0,0.0,64,1
60886,0.04024910926818848,1,1,74,138,74.0,0.0,138.0,0.0,0.0,0.0,49.69054064460333,0.0,0.0,1.0,0.0,64,1
54763,0.0031859874725341797,1,1,74,138,74.0,0.0,138.0,0.0,0.0,0.0,627.7488587891941,0.0,0.0,1.0,0.0,64,1
45852,0.002052783966064453,1,1,74,138,74.0,0.0,138.0,0.0,0.0,0.0,974.286643437863,0.0,0.0,1.0,0.0,64,1
55227,0.002858877182006836,1,1,74,138,74.0,0.0,138.0,0.0,0.0,0.0,699.5753481778,0.0,0.0,1.0,0.0,64,1
44962,0.019665956497192383,1,1,74,138,74.0,0.0,138.0,0.0,0.0,0.0,101.69858762199188,0.0,0.0,1.0,0.0,64,1
35495,0.0034410953521728516,1,1,77,125,77.0,0.0,125.0,0.0,0.0,0.0,581.2102819926557,0.0,0.0,1.0,0.0,64,1
