sport,dur,pkts_fwd,pkts_bwd,bytes_fwd,bytes_bwd,pktlen_fwd_mean,pktlen_fwd_std,pktlen_bwd_mean,pktlen_bwd_std,iat_fwd_mean,iat_fwd_std,pps,payload_entropy_fwd,iat_cv_fwd,small_pkt_ratio_fwd,small_pkt_ratio_bwd,ttl_fwd_first,label
36952,0.002447843551635742,1,1,74,138,74.0,0.0,138.0,0.0,0.0,0.0,817.045680335054,0.0,0.0,1.0,0.0,64,1
44526,0.04234194755554199,1,1,74,138,74.0,0.0,138.0,0.0,0.0,0.0,47.23448295278583,0.0,0.0,1.0,0.0,64,1
41825,0.002680063247680664,1,1,74,138,74.0,0.0,138.0,0.0,0.0,0.0,746.251045280669,0.0,0.0,1.0,0.0,64,1
40735,0.10889291763305664,1,1,74,138,74.0,0.0,138.0,0.0,0.0,0.0,18.366667396492456,0.0,0.0,1.0,0.0,64,1
56014,0.0020880699157714844,1,1,74,138,74.0,0.0,138.0,0.0,0.0,0.0,957.8223338661795,0.0,0.0,1.0,0.0,64,1
35815,0.002054929733276367,1,1,74,138,74.0,0.0,138.0,0.0,0.0,0.0,973.269288780601,0.0,0.0,1.0,0.0,64,1
55349,0.002552032470703125,1,1,74,138,74.0,0.0,138.0,0.0,0.0,0.0,783.6890881913304,0.0,0.0,1.0,0.0,64,1
49787,0.005300998687744141,1,1,74,138,74.0,0.0,138.0,0.0,0.0,0.0,377.28739767923,0.0,0.0,1.0,0.0,64,1
54764,0.005383014678955078,1,1,77,125,77.0,0.0,125.0,0.0,0.0,0.0,371.5390202852334,0.0,0.0,1.0,0.0,64,1
