sport,dur,pkts_fwd,pkts_bwd,bytes_fwd,bytes_bwd,pktlen_fwd_mean,pktlen_fwd_std,pktlen_bwd_mean,pktlen_bwd_std,iat_fwd_mean,iat_fwd_std,pps,payload_entropy_fwd,iat_cv_fwd,small_pkt_ratio_fwd,small_pkt_ratio_bwd,ttl_fwd_first,label
48042,0.0023581981658935547,1,1,74,138,74.0,0.0,138.0,0.0,0.0,0.0,848.1051460924073,0.0,0.0,1.0,0.0,64,1
40248,0.004469156265258789,1,1,74,138,74.0,0.0,138.0,0.0,0.0,0.0,447.51176313683646,0.0,0.0,1.0,0.0,64,1
39258,0.011654138565063477,1,1,74,138,74.0,0.0,138.0,0.0,0.0,0.0,171.61285571080788,0.0,0.0,1.0,0.0,64,1
35876,0.0018999576568603516,1,1,74,138,74.0,0.0,138.0,0.0,0.0,0.0,1052.6550382733092,0.0,0.0,1.0,0.0,64,1
52603,0.005117177963256836,1,1,74,138,74.0,0.0,138.0,0.0,0.0,0.0,390.84042305362715,0.0,0.0,1.0,0.0,64,1
59446,0.1392679214477539,1,1,74,138,74.0,0.0,138.0,0.0,0.0,0.0,14.36080885827176,0.0,0.0,1.0,0.0,64,1
56724,0.0051229000091552734,1,1,74,138,74.0,0.0,138.0,0.0,0.0,0.0,390.4038721087169,0.0,0.0,1.0,0.0,64,1
50257,0.0019578933715820312,1,1,74,138,74.0,0.0,138.0,0.0,0.0,0.0,1021.506088650755,0.0,0.0,1.0,0.0,64,1
56554,0.009858131408691406,1,1,77,125,77.0,0.0,125.0,0.0,0.0,0.0,202.87820450807777,0.0,0.0,1.0,0.0,64,1
