sport,dur,pkts_fwd,pkts_bwd,bytes_fwd,bytes_bwd,pktlen_fwd_mean,pktlen_fwd_std,pktlen_bwd_mean,pktlen_bwd_std,iat_fwd_mean,iat_fwd_std,pps,payload_entropy_fwd,iat_cv_fwd,small_pkt_ratio_fwd,small_pkt_ratio_bwd,ttl_fwd_first,label
51361,0.004651069641113281,1,1,74,138,74.0,0.0,138.0,0.0,0.0,0.0,430.0086118515481,0.0,0.0,1.0,0.0,64,1
43609,0.19314193725585938,1,1,74,138,74.0,0.0,138.0,0.0,0.0,0.0,10.355078904228634,0.0,0.0,1.0,0.0,64,1
58128,0.0019228458404541016,1,1,74,138,74.0,0.0,138.0,0.0,0.0,0.0,1040.12498450093,0.0,0.0,1.0,0.0,64,1
36473,0.011281013488769531,1,1,74,138,74.0,0.0,138.0,0.0,0.0,0.0,177.28903542142194,0.0,0.0,1.0,0.0,64,1
38648,0.0032770633697509766,1,1,74,138,74.0,0.0,138.0,0.0,0.0,0.0,610.3025100036377,0.0,0.0,1.0,0.0,64,1
34800,0.012789011001586914,1,1,74,138,74.0,0.0,138.0,0.0,0.0,0.0,156.38425830987492,0.0,0.0,1.0,0.0,64,1
51396,0.005995988845825195,1,1,74,138,74.0,0.0,138.0,0.0,0.0,0.0,333.5563243071295,0.0,0.0,1.0,0.0,64,1
59112,0.002402067184448242,1,1,74,138,74.0,0.0,138.0,0.0,0.0,0.0,832.6161786600496,0.0,0.0,1.0,0.0,64,1
33776,0.002613067626953125,1,1,77,125,77.0,0.0,125.0,0.0,0.0,0.0,765.3839416058394,0.0,0.0,1.0,0.0,64,1
