sport,dur,pkts_fwd,pkts_bwd,bytes_fwd,bytes_bwd,pktlen_fwd_mean,pktlen_fwd_std,pktlen_bwd_mean,pktlen_bwd_std,iat_fwd_mean,iat_fwd_std,pps,payload_entropy_fwd,iat_cv_fwd,small_pkt_ratio_fwd,small_pkt_ratio_bwd,ttl_fwd_first,label
55836,0.002007007598876953,1,1,74,138,74.0,0.0,138.0,0.0,0.0,0.0,996.5084343074365,0.0,0.0,1.0,0.0,64,1
41026,0.0031480789184570312,1,1,74,138,74.0,0.0,138.0,0.0,0.0,0.0,635.308088458043,0.0,0.0,1.0,0.0,64,1
49375,0.02151799201965332,1,1,74,138,74.0,0.0,138.0,0.0,0.0,0.0,92.94547549665938,0.0,0.0,1.0,0.0,64,1
53552,0.002756834030151367,1,1,74,138,74.0,0.0,138.0,0.0,0.0,0.0,725.4698607627778,0.0,0.0,1.0,0.0,64,1
56376,0.002465963363647461,1,1,74,138,74.0,0.0,138.0,0.0,0.0,0.0,811.042057430146,0.0,0.0,1.0,0.0,64,1
58136,0.012035131454467773,1,1,74,138,74.0,0.0,138.0,0.0,0.0,0.0,166.1801541234969,0.0,0.0,1.0,0.0,64,1
52358,0.0020020008087158203,1,1,74,138,74.0,0.0,138.0,0.0,0.0,0.0,999.0005954507562,0.0,0.0,1.0,0.0,64,1
39930,0.012762069702148438,1,1,74,138,74.0,0.0,138.0,0.0,0.0,0.0,156.71439246749364,0.0,0.0,1.0,0.0,64,1
40367,0.002371072769165039,1,1,77,125,77.0,0.0,125.0,0.0,0.0,0.0,843.5000502765208,0.0,0.0,1.0,0.0,64,1
