sport,dur,pkts_fwd,pkts_bwd,bytes_fwd,bytes_bwd,pktlen_fwd_mean,pktlen_fwd_std,pktlen_bwd_mean,pktlen_bwd_std,iat_fwd_mean,iat_fwd_std,pps,payload_entropy_fwd,iat_cv_fwd,small_pkt_ratio_fwd,small_pkt_ratio_bwd,ttl_fwd_first,label
58307,0.0024459362030029297,1,1,74,138,74.0,0.0,138.0,0.0,0.0,0.0,817.68281508919,0.0,0.0,1.0,0.0,64,1
45762,0.002213001251220703,1,1,74,138,74.0,0.0,138.0,0.0,0.0,0.0,903.7500538677009,0.0,0.0,1.0,0.0,64,1
40029,0.01397395133972168,1,1,74,138,74.0,0.0,138.0,0.0,0.0,0.0,143.1234409923052,0.0,0.0,1.0,0.0,64,1
46693,0.027117013931274414,1,1,74,138,74.0,0.0,138.0,0.0,0.0,0.0,73.75443347371568,0.0,0.0,1.0,0.0,64,1
33032,0.0020401477813720703,1,1,74,138,74.0,0.0,138.0,0.0,0.0,0.0,980.3211405866542,0.0,0.0,1.0,0.0,64,1
52309,0.002563953399658203,1,1,74,138,74.0,0.0,138.0,0.0,0.0,0.0,780.0453784638274,0.0,0.0,1.0,0.0,64,1
56020,0.002507925033569336,1,1,74,138,74.0,0.0,138.0,0.0,0.0,0.0,797.4720030421142,0.0,0.0,1.0,0.0,64,1
43992,0.0024721622467041016,1,1,74,138,74.0,0.0,138.0,0.0,0.0,0.0,809.008390394445,0.0,0.0,1.0,0.0,64,1
54287,0.002357006072998047,1,1,77,125,77.0,0.0,125.0,0.0,0.0,0.0,848.5340886101558,0.0,0.0,1.0,0.0,64,1
