sport,dur,pkts_fwd,pkts_bwd,bytes_fwd,bytes_bwd,pktlen_fwd_mean,pktlen_fwd_std,pktlen_bwd_mean,pktlen_bwd_std,iat_fwd_mean,iat_fwd_std,pps,payload_entropy_fwd,iat_cv_fwd,small_pkt_ratio_fwd,small_pkt_ratio_bwd,ttl_fwd_first,label
57560,0.018106937408447266,1,1,74,138,74.0,0.0,138.0,0.0,0.0,0.0,110.45490216732942,0.0,0.0,1.0,0.0,64,1
41817,0.017451047897338867,1,1,74,138,74.0,0.0,138.0,0.0,0.0,0.0,114.6062982444156,0.0,0.0,1.0,0.0,64,1
38370,0.16336393356323242,1,1,74,138,74.0,0.0,138.0,0.0,0.0,0.0,12.242604327508253,0.0,0.0,1.0,0.0,64,1
36003,0.04021191596984863,1,1,74,138,74.0,0.0,138.0,0.0,0.0,0.0,49.73650102869069,0.0,0.0,1.0,0.0,64,1
43396,0.004601001739501953,1,1,74,138,74.0,0.0,138.0,0.0,0.0,0.0,434.68794693750647,0.0,0.0,1.0,0.0,64,1
60783,0.0057299137115478516,1,1,74,138,74.0,0.0,138.0,0.0,0.0,0.0,349.04539591395167,0.0,0.0,1.0,0.0,64,1
43829,0.006850004196166992,1,1,74,138,74.0,0.0,138.0,0.0,0.0,0.0,291.97062406459924,0.0,0.0,1.0,0.0,64,1
43216,0.007161140441894531,1,1,74,138,74.0,0.0,138.0,0.0,0.0,0.0,279.28512451724595,0.0,0.0,1.0,0.0,64,1
49466,0.00627589225769043,1,1,77,125,77.0,0.0,125.0,0.0,0.0,0.0,318.6797857387076,0.0,0.0,1.0,0.0,64,1
