sport,dur,pkts_fwd,pkts_bwd,bytes_fwd,bytes_bwd,pktlen_fwd_mean,pktlen_fwd_std,pktlen_bwd_mean,pktlen_bwd_std,iat_fwd_mean,iat_fwd_std,pps,payload_entropy_fwd,iat_cv_fwd,small_pkt_ratio_fwd,small_pkt_ratio_bwd,ttl_fwd_first,label
35942,0.002519845962524414,1,1,74,138,74.0,0.0,138.0,0.0,0.0,0.0,793.6993093007853,0.0,0.0,1.0,0.0,64,1
41195,0.0026078224182128906,1,1,74,138,74.0,0.0,138.0,0.0,0.0,0.0,766.9233863594807,0.0,0.0,1.0,0.0,64,1
48722,0.0016698837280273438,1,1,74,138,74.0,0.0,138.0,0.0,0.0,0.0,1197.688178183895,0.0,0.0,1.0,0.0,64,1
34167,0.013908863067626953,1,1,74,138,74.0,0.0,138.0,0.0,0.0,0.0,143.79320511501936,0.0,0.0,1.0,0.0,64,1
56391,0.002404928207397461,1,1,74,138,74.0,0.0,138.0,0.0,0.0,0.0,831.6256567859622,0.0,0.0,1.0,0.0,64,1
52521,0.0020818710327148438,1,1,74,138,74.0,0.0,138.0,0.0,0.0,0.0,960.6743014200641,0.0,0.0,1.0,0.0,64,1
33173,0.07360696792602539,1,1,74,138,74.0,0.0,138.0,0.0,0.0,0.0,27.17134065364558,0.0,0.0,1.0,0.0,64,1
43467,0.002424955368041992,1,1,74,138,74.0,0.0,138.0,0.0,0.0,0.0,824.757447645266,0.0,0.0,1.0,0.0,64,1
50886,0.002368927001953125,1,1,77,125,77.0,0.0,125.0,0.0,0.0,0.0,844.2640901771337,0.0,0.0,1.0,0.0,64,1
