sport,dur,pkts_fwd,pkts_bwd,bytes_fwd,bytes_bwd,pktlen_fwd_mean,pktlen_fwd_std,pktlen_bwd_mean,pktlen_bwd_std,iat_fwd_mean,iat_fwd_std,pps,payload_entropy_fwd,iat_cv_fwd,small_pkt_ratio_fwd,small_pkt_ratio_bwd,ttl_fwd_first,label
51276,0.007424831390380859,1,1,74,138,74.0,0.0,138.0,0.0,0.0,0.0,269.3663862308137,0.0,0.0,1.0,0.0,64,1
43469,0.005806922912597656,1,1,74,138,74.0,0.0,138.0,0.0,0.0,0.0,344.4164887502053,0.0,0.0,1.0,0.0,64,1
33642,0.00647282600402832,1,1,74,138,74.0,0.0,138.0,0.0,0.0,0.0,308.9840509779366,0.0,0.0,1.0,0.0,64,1
42090,0.02200484275817871,1,1,74,138,74.0,0.0,138.0,0.0,0.0,0.0,90.88908391570507,0.0,0.0,1.0,0.0,64,1
59014,0.17246294021606445,1,1,74,138,74.0,0.0,138.0,0.0,0.0,0.0,11.596694324556722,0.0,0.0,1.0,0.0,64,1
36702,0.0026938915252685547,1,1,74,138,74.0,0.0,138.0,0.0,0.0,0.0,742.4203911850607,0.0,0.0,1.0,0.0,64,1
55840,0.011986017227172852,1,1,74,138,74.0,0.0,138.0,0.0,0.0,0.0,166.86109840272115,0.0,0.0,1.0,0.0,64,1
33937,0.0026671886444091797,1,1,74,138,74.0,0.0,138.0,0.0,0.0,0.0,749.8532224903906,0.0,0.0,1.0,0.0,64,1
55191,0.002454996109008789,1,1,77,125,77.0,0.0,125.0,0.0,0.0,0.0,814.6652423035836,0.0,0.0,1.0,0.0,64,1
