sport,dur,pkts_fwd,pkts_bwd,bytes_fwd,bytes_bwd,pktlen_fwd_mean,pktlen_fwd_std,pktlen_bwd_mean,pktlen_bwd_std,iat_fwd_mean,iat_fwd_std,pps,payload_entropy_fwd,iat_cv_fwd,small_pkt_ratio_fwd,small_pkt_ratio_bwd,ttl_fwd_first,label
53192,0.013671159744262695,1,1,81,145,81.0,0.0,145.0,0.0,0.0,0.0,146.2933677473361,0.0,0.0,1.0,0.0,64,1
59583,0.013899803161621094,1,1,87,151,87.0,0.0,151.0,0.0,0.0,0.0,143.8869296740995,0.0,0.0,1.0,0.0,64,1
48920,0.008980035781860352,1,1,90,154,90.0,0.0,154.0,0.0,0.0,0.0,222.71626178149475,0.0,0.0,1.0,0.0,64,1
50145,0.002871990203857422,1,1,102,230,102.0,0.0,230.0,0.0,0.0,0.0,696.381205379379,0.0,0.0,0.0,0.0,64,1
