sport,dur,pkts_fwd,pkts_bwd,bytes_fwd,bytes_bwd,pktlen_fwd_mean,pktlen_fwd_std,pktlen_bwd_mean,pktlen_bwd_std,iat_fwd_mean,iat_fwd_std,pps,payload_entropy_fwd,iat_cv_fwd,small_pkt_ratio_fwd,small_pkt_ratio_bwd,ttl_fwd_first,label
58817,0.013984918594360352,1,1,81,145,81.0,0.0,145.0,0.0,0.0,0.0,143.01120070920777,0.0,0.0,1.0,0.0,64,1
48290,0.005396127700805664,1,1,81,145,81.0,0.0,145.0,0.0,0.0,0.0,370.6361507533248,0.0,0.0,1.0,0.0,64,1
36806,0.006819963455200195,1,1,87,151,87.0,0.0,151.0,0.0,0.0,0.0,293.2567033735361,0.0,0.0,1.0,0.0,64,1
36272,0.010225057601928711,1,1,90,154,90.0,0.0,154.0,0.0,0.0,0.0,195.59792011565276,0.0,0.0,1.0,0.0,64,1
32943,0.0026488304138183594,1,1,102,230,102.0,0.0,230.0,0.0,0.0,0.0,755.0502250225022,0.0,0.0,0.0,0.0,64,1
