sport,dur,pkts_fwd,pkts_bwd,bytes_fwd,bytes_bwd,pktlen_fwd_mean,pktlen_fwd_std,pktlen_bwd_mean,pktlen_bwd_std,iat_fwd_mean,iat_fwd_std,pps,payload_entropy_fwd,iat_cv_fwd,small_pkt_ratio_fwd,small_pkt_ratio_bwd,ttl_fwd_first,label
35618,0.01447916030883789,1,1,81,145,81.0,0.0,145.0,0.0,0.0,0.0,138.12955705582084,0.0,0.0,1.0,0.0,64,1
59959,0.006819963455200195,1,1,81,145,81.0,0.0,145.0,0.0,0.0,0.0,293.2567033735361,0.0,0.0,1.0,0.0,64,1
46481,0.0071849822998046875,1,1,87,151,87.0,0.0,151.0,0.0,0.0,0.0,278.35837536501197,0.0,0.0,1.0,0.0,64,1
38594,0.00781393051147461,1,1,90,154,90.0,0.0,154.0,0.0,0.0,0.0,255.95313358149753,0.0,0.0,1.0,0.0,64,1
40932,0.0025849342346191406,1,1,102,230,102.0,0.0,230.0,0.0,0.0,0.0,773.714074893931,0.0,0.0,0.0,0.0,64,1
