sport,dur,pkts_fwd,pkts_bwd,bytes_fwd,bytes_bwd,pktlen_fwd_mean,pktlen_fwd_std,pktlen_bwd_mean,pktlen_bwd_std,iat_fwd_mean,iat_fwd_std,pps,payload_entropy_fwd,iat_cv_fwd,small_pkt_ratio_fwd,small_pkt_ratio_bwd,ttl_fwd_first,label
17832,0.0021741390228271484,1,1,74,90,74.0,0.0,90.0,0.0,0.0,0.0,919.9043754797675,0.0,0.0,1.0,1.0,255,1
28753,0.004989147186279297,1,1,78,158,78.0,0.0,158.0,0.0,0.0,0.0,400.8701137341107,0.0,0.0,1.0,0.0,255,1
54592,0.008215188980102539,1,1,105,233,105.0,0.0,233.0,0.0,0.0,0.0,243.45149026322662,0.0,0.0,0.0,0.0,255,1
63610,0.0013909339904785156,1,1,74,90,74.0,0.0,90.0,0.0,0.0,0.0,1437.882756256428,0.0,0.0,1.0,1.0,255,1
3998,0.0016429424285888672,1,1,86,124,86.0,0.0,124.0,0.0,0.0,0.0,1217.328109127848,0.0,0.0,1.0,0.0,255,1
33909,0.002666950225830078,1,1,78,158,78.0,0.0,158.0,0.0,0.0,0.0,749.920257464688,0.0,0.0,1.0,0.0,255,1
