sport,dur,pkts_fwd,pkts_bwd,bytes_fwd,bytes_bwd,pktlen_fwd_mean,pktlen_fwd_std,pktlen_bwd_mean,pktlen_bwd_std,iat_fwd_mean,iat_fwd_std,pps,payload_entropy_fwd,iat_cv_fwd,small_pkt_ratio_fwd,small_pkt_ratio_bwd,ttl_fwd_first,label
62426,0.00863504409790039,1,1,72,193,72.0,0.0,193.0,0.0,0.0,0.0,231.6143354133304,0.0,0.0,1.0,0.0,255,1
57117,9.982402086257935,5,5,415,932,83.0,4.898979485566357,186.4,66.56801033529544,2.4943217635154724,4.587433312378479,1.0017628936993324,0.0,1.839150577715762,1.0,0.0,255,1
