sport,dur,pkts_fwd,pkts_bwd,bytes_fwd,bytes_bwd,pktlen_fwd_mean,pktlen_fwd_std,pktlen_bwd_mean,pktlen_bwd_std,iat_fwd_mean,iat_fwd_std,pps,payload_entropy_fwd,iat_cv_fwd,small_pkt_ratio_fwd,small_pkt_ratio_bwd,ttl_fwd_first,label
54352,0.0021820068359375,1,1,88,288,88.0,0.0,288.0,0.0,0.0,0.0,916.5874125874126,0.0,0.0,1.0,0.0,255,1
51744,11.906883001327515,7,7,569,1313,81.28571428571428,5.73626724488686,187.57142857142858,54.40850773808922,1.9827901522318523,4.052461472343389,1.1757905069226868,0.0,2.04381763132215,1.0,0.0,255,1
