sport,dur,pkts_fwd,pkts_bwd,bytes_fwd,bytes_bwd,pktlen_fwd_mean,pktlen_fwd_std,pktlen_bwd_mean,pktlen_bwd_std,iat_fwd_mean,iat_fwd_std,pps,payload_entropy_fwd,iat_cv_fwd,small_pkt_ratio_fwd,small_pkt_ratio_bwd,ttl_fwd_first,label
56144,0.0016939640045166016,1,1,88,288,88.0,0.0,288.0,0.0,0.0,0.0,1180.6626319493314,0.0,0.0,1.0,0.0,255,1
64062,1.7191381454467773,7,7,569,1313,81.28571428571429,5.736267244886862,187.57142857142858,54.40850773808922,0.2851496934890747,0.27295194819169327,8.143615472136252,0.0,0.9572233617082644,1.0,0.0,255,1
