sport,dur,pkts_fwd,pkts_bwd,bytes_fwd,bytes_bwd,pktlen_fwd_mean,pktlen_fwd_std,pktlen_bwd_mean,pktlen_bwd_std,iat_fwd_mean,iat_fwd_std,pps,payload_entropy_fwd,iat_cv_fwd,small_pkt_ratio_fwd,small_pkt_ratio_bwd,ttl_fwd_first,label
64820,3.7376902103424072,7,7,569,1313,81.28571428571429,5.736267244886862,187.57142857142858,54.40850773808922,0.6202807029088339,0.642283558964056,3.7456287739580936,0.0,1.0354724174910468,1.0,0.0,255,1
