sport,dur,pkts_fwd,pkts_bwd,bytes_fwd,bytes_bwd,pktlen_fwd_mean,pktlen_fwd_std,pktlen_bwd_mean,pktlen_bwd_std,iat_fwd_mean,iat_fwd_std,pps,payload_entropy_fwd,iat_cv_fwd,small_pkt_ratio_fwd,small_pkt_ratio_bwd,ttl_fwd_first,label
59958,4.034785032272339,3,3,232,674,77.33333333333333,9.237604307034013,224.66666666666666,54.848275573014455,2.0165170431137085,2.851591875624748,1.4870680722786556,0.0,1.414117418626722,1.0,0.0,255,1
60868,10.007309198379517,5,5,415,932,83.0,4.898979485566357,186.4,66.56801033529544,2.497263252735138,4.592344821038739,0.9992696140156536,0.0,1.8389510260918445,1.0,0.0,255,1
