sport,dur,pkts_fwd,pkts_bwd,bytes_fwd,bytes_bwd,pktlen_fwd_mean,pktlen_fwd_std,pktlen_bwd_mean,pktlen_bwd_std,iat_fwd_mean,iat_fwd_std,pps,payload_entropy_fwd,iat_cv_fwd,small_pkt_ratio_fwd,small_pkt_ratio_bwd,ttl_fwd_first,label
54170,83.26371622085571,3,3,248,769,82.66666666666667,9.237604307034012,256.3333333333333,54.848275573014455,41.63076710700989,8.900652727654531,0.07206019947614509,0.0,0.2137998731749485,1.0,0.0,255,1
57290,9.995575189590454,5,5,415,932,83.0,4.898979485566357,186.4,66.56801033529544,2.4977610111236572,4.642403072529521,1.0004426769170978,0.0,1.8586258060137877,1.0,0.0,255,1
