sport,dur,pkts_fwd,pkts_bwd,bytes_fwd,bytes_bwd,pktlen_fwd_mean,pktlen_fwd_std,pktlen_bwd_mean,pktlen_bwd_std,iat_fwd_mean,iat_fwd_std,pps,payload_entropy_fwd,iat_cv_fwd,small_pkt_ratio_fwd,small_pkt_ratio_bwd,ttl_fwd_first,label
59018,307.12387704849243,3,3,248,769,82.66666666666667,9.237604307034012,256.3333333333333,54.848275573014455,153.56081902980804,83.0374358548801,0.019536090966488572,0.0,0.540746242300007,1.0,0.0,255,1
65157,9.990499019622803,5,5,415,932,83.0,4.898979485566357,186.4,66.56801033529544,2.4961005449295044,4.65363246462175,1.000951001582457,0.0,1.8643609826034389,1.0,0.0,255,1
