sport,dur,pkts_fwd,pkts_bwd,bytes_fwd,bytes_bwd,pktlen_fwd_mean,pktlen_fwd_std,pktlen_bwd_mean,pktlen_bwd_std,iat_fwd_mean,iat_fwd_std,pps,payload_entropy_fwd,iat_cv_fwd,small_pkt_ratio_fwd,small_pkt_ratio_bwd,ttl_fwd_first,label
57598,0.0017969608306884766,1,1,88,288,88.0,0.0,288.0,0.0,0.0,0.0,1112.9903144487196,0.0,0.0,1.0,0.0,255,1
51061,9.997692108154297,5,5,415,932,83.0,4.898979485566357,186.4,66.56801033529544,2.4978910088539124,4.5305930439675945,1.0002308424605135,0.0,1.8137673052621823,1.0,0.0,255,1
