sport,dur,pkts_fwd,pkts_bwd,bytes_fwd,bytes_bwd,pktlen_fwd_mean,pktlen_fwd_std,pktlen_bwd_mean,pktlen_bwd_std,iat_fwd_mean,iat_fwd_std,pps,payload_entropy_fwd,iat_cv_fwd,small_pkt_ratio_fwd,small_pkt_ratio_bwd,ttl_fwd_first,label
64562,0.0014760494232177734,1,1,88,288,88.0,0.0,288.0,0.0,0.0,0.0,1354.968179615571,0.0,0.0,1.0,0.0,255,1
49800,137.6357569694519,7,7,569,1313,81.28571428571428,5.736267244886859,187.57142857142858,54.40850773808922,22.93772049744924,55.37124166428747,0.10171775349851335,0.0,2.4139818806513467,1.0,0.0,255,1
