sport,dur,pkts_fwd,pkts_bwd,bytes_fwd,bytes_bwd,pktlen_fwd_mean,pktlen_fwd_std,pktlen_bwd_mean,pktlen_bwd_std,iat_fwd_mean,iat_fwd_std,pps,payload_entropy_fwd,iat_cv_fwd,small_pkt_ratio_fwd,small_pkt_ratio_bwd,ttl_fwd_first,label
60260,0.0022268295288085938,1,1,88,288,88.0,0.0,288.0,0.0,0.0,0.0,898.1379014989293,0.0,0.0,1.0,0.0,255,1
57774,9.996861934661865,5,5,415,932,83.0,4.898979485566357,186.4,66.56801033529544,2.4978657364845276,4.631105860448887,1.0003139050392658,0.0,1.854025135460908,1.0,0.0,255,1
