sport,dur,pkts_fwd,pkts_bwd,bytes_fwd,bytes_bwd,pktlen_fwd_mean,pktlen_fwd_std,pktlen_bwd_mean,pktlen_bwd_std,iat_fwd_mean,iat_fwd_std,pps,payload_entropy_fwd,iat_cv_fwd,small_pkt_ratio_fwd,small_pkt_ratio_bwd,ttl_fwd_first,label
58721,3.6111669540405273,7,7,569,1313,81.28571428571429,5.736267244886861,187.57142857142858,54.40850773808922,0.6005286375681559,0.7298163557895941,3.8768631243524836,0.0,1.2152898465341964,1.0,0.0,255,1
