sport,dur,pkts_fwd,pkts_bwd,bytes_fwd,bytes_bwd,pktlen_fwd_mean,pktlen_fwd_std,pktlen_bwd_mean,pktlen_bwd_std,iat_fwd_mean,iat_fwd_std,pps,payload_entropy_fwd,iat_cv_fwd,small_pkt_ratio_fwd,small_pkt_ratio_bwd,ttl_fwd_first,label
53532,0.0021219253540039062,1,1,88,288,88.0,0.0,288.0,0.0,0.0,0.0,942.5402247191012,0.0,0.0,1.0,0.0,255,1
55320,2.2662181854248047,7,7,569,1313,81.28571428571429,5.736267244886862,187.57142857142858,54.40850773808922,0.3767263491948446,0.40786486646094333,6.177692902669778,0.0,1.082655533207723,1.0,0.0,255,1
