sport,dur,pkts_fwd,pkts_bwd,bytes_fwd,bytes_bwd,pktlen_fwd_mean,pktlen_fwd_std,pktlen_bwd_mean,pktlen_bwd_std,iat_fwd_mean,iat_fwd_std,pps,payload_entropy_fwd,iat_cv_fwd,small_pkt_ratio_fwd,small_pkt_ratio_bwd,ttl_fwd_first,label
53532,290.038724899292,3,3,236,671,78.66666666666667,8.326663997864529,223.66666666666666,55.734489621179215,145.01821291446686,122.37278206669076,0.020686892766072308,0.0,0.8438442289925846,1.0,0.0,255,1
