sport,dur,pkts_fwd,pkts_bwd,bytes_fwd,bytes_bwd,pktlen_fwd_mean,pktlen_fwd_std,pktlen_bwd_mean,pktlen_bwd_std,iat_fwd_mean,iat_fwd_std,pps,payload_entropy_fwd,iat_cv_fwd,small_pkt_ratio_fwd,small_pkt_ratio_bwd,ttl_fwd_first,label
51354,10.990701913833618,2,2,160,481,80.0,11.313708498984761,240.5,67.17514421272202,10.980921983718872,0.0,0.3639439984233707,0.0,0.0,1.0,0.0,255,1
63820,9.985442161560059,5,5,415,932,83.0,4.898979485566357,186.4,66.56801033529544,2.4950205087661743,4.572466976716103,1.0014579062403448,0.0,1.8326370306980995,1.0,0.0,255,1
