sport,dur,pkts_fwd,pkts_bwd,bytes_fwd,bytes_bwd,pktlen_fwd_mean,pktlen_fwd_std,pktlen_bwd_mean,pktlen_bwd_std,iat_fwd_mean,iat_fwd_std,pps,payload_entropy_fwd,iat_cv_fwd,small_pkt_ratio_fwd,small_pkt_ratio_bwd,ttl_fwd_first,label
60682,0.009775876998901367,1,1,72,193,72.0,0.0,193.0,0.0,0.0,0.0,204.58522547130698,0.0,0.0,1.0,0.0,255,1
59290,9.99558687210083,5,5,415,932,83.0,4.898979485566357,186.4,66.56801033529544,2.497375249862671,4.634244204859746,1.0004415076328823,0.0,1.8556459247021768,1.0,0.0,255,1
