sport,dur,pkts_fwd,pkts_bwd,bytes_fwd,bytes_bwd,pktlen_fwd_mean,pktlen_fwd_std,pktlen_bwd_mean,pktlen_bwd_std,iat_fwd_mean,iat_fwd_std,pps,payload_entropy_fwd,iat_cv_fwd,small_pkt_ratio_fwd,small_pkt_ratio_bwd,ttl_fwd_first,label
53038,0.002184152603149414,1,1,88,288,88.0,0.0,288.0,0.0,0.0,0.0,915.686933740858,0.0,0.0,1.0,0.0,255,1
50896,10.065505981445312,5,5,415,932,83.0,4.898979485566357,186.4,66.56801033529544,2.5152587294578552,4.6126833596987495,0.993492032932466,0.0,1.8338802707159187,1.0,0.0,255,1
