sport,dur,pkts_fwd,pkts_bwd,bytes_fwd,bytes_bwd,pktlen_fwd_mean,pktlen_fwd_std,pktlen_bwd_mean,pktlen_bwd_std,iat_fwd_mean,iat_fwd_std,pps,payload_entropy_fwd,iat_cv_fwd,small_pkt_ratio_fwd,small_pkt_ratio_bwd,ttl_fwd_first,label
50608,0.002209901809692383,1,1,88,288,88.0,0.0,288.0,0.0,0.0,0.0,905.017585500054,0.0,0.0,1.0,0.0,255,1
58834,9.995182991027832,5,5,415,932,83.0,4.898979485566357,186.4,66.56801033529544,2.497388005256653,4.653006922669128,1.000481933044797,0.0,1.863149383626092,1.0,0.0,255,1
