sport,dur,pkts_fwd,pkts_bwd,bytes_fwd,bytes_bwd,pktlen_fwd_mean,pktlen_fwd_std,pktlen_bwd_mean,pktlen_bwd_std,iat_fwd_mean,iat_fwd_std,pps,payload_entropy_fwd,iat_cv_fwd,small_pkt_ratio_fwd,small_pkt_ratio_bwd,ttl_fwd_first,label
51208,101.69731402397156,2,2,160,481,80.0,11.313708498984761,240.5,67.17514421272202,101.6958441734314,0.0,0.03933240556439024,0.0,0.0,1.0,0.0,255,1
55338,1.7157220840454102,7,7,579,1308,82.71428571428571,4.029651999626672,186.85714285714286,54.35815968012093,0.2848641872406006,0.2773480550592151,8.159829689310836,0.0,0.9736150329945223,1.0,0.0,255,1
