sport,dur,pkts_fwd,pkts_bwd,bytes_fwd,bytes_bwd,pktlen_fwd_mean,pktlen_fwd_std,pktlen_bwd_mean,pktlen_bwd_std,iat_fwd_mean,iat_fwd_std,pps,payload_entropy_fwd,iat_cv_fwd,small_pkt_ratio_fwd,small_pkt_ratio_bwd,ttl_fwd_first,label
62716,83.06241512298584,2,2,176,576,88.0,0.0,288.0,0.0,83.06026411056519,0.0,0.048156557861668545,0.0,0.0,1.0,0.0,255,1
54248,46.2587890625,7,7,569,1313,81.28571428571428,5.73626724488686,187.57142857142858,54.40850773808922,7.708163817723592,17.96242398562713,0.3026451898921235,0.0,2.330311655329073,1.0,0.0,255,1
