sport,dur,pkts_fwd,pkts_bwd,bytes_fwd,bytes_bwd,pktlen_fwd_mean,pktlen_fwd_std,pktlen_bwd_mean,pktlen_bwd_std,iat_fwd_mean,iat_fwd_std,pps,payload_entropy_fwd,iat_cv_fwd,small_pkt_ratio_fwd,small_pkt_ratio_bwd,ttl_fwd_first,label
65229,3.6598050594329834,7,7,569,1313,81.28571428571429,5.736267244886863,187.57142857142856,54.40850773808922,0.6090613603591919,0.9304400779622735,3.8253403590214807,0.0,1.5276622989407005,1.0,0.0,255,1
