sport,dur,pkts_fwd,pkts_bwd,bytes_fwd,bytes_bwd,pktlen_fwd_mean,pktlen_fwd_std,pktlen_bwd_mean,pktlen_bwd_std,iat_fwd_mean,iat_fwd_std,pps,payload_entropy_fwd,iat_cv_fwd,small_pkt_ratio_fwd,small_pkt_ratio_bwd,ttl_fwd_first,label
52138,0.002156972885131836,1,1,88,288,88.0,0.0,288.0,0.0,0.0,0.0,927.2253785785343,0.0,0.0,1.0,0.0,255,1
61094,1.8100268840789795,6,6,497,1120,82.83333333333333,4.400757510550503,186.66666666666669,59.54382139791388,0.36025638580322267,0.30487138179786205,6.629735782132387,0.0,0.8462622560267045,1.0,0.0,255,1
