sport,dur,pkts_fwd,pkts_bwd,bytes_fwd,bytes_bwd,pktlen_fwd_mean,pktlen_fwd_std,pktlen_bwd_mean,pktlen_bwd_std,iat_fwd_mean,iat_fwd_std,pps,payload_entropy_fwd,iat_cv_fwd,small_pkt_ratio_fwd,small_pkt_ratio_bwd,ttl_fwd_first,label
64020,0.009027957916259766,1,1,72,193,72.0,0.0,193.0,0.0,0.0,0.0,221.53404109227276,0.0,0.0,1.0,0.0,255,1
63832,9.996325016021729,5,5,415,932,83.0,4.898979485566357,186.4,66.56801033529544,2.4977837204933167,4.644652365774778,1.0003676335025504,0.0,1.859509423360903,1.0,0.0,255,1
