sport,dur,pkts_fwd,pkts_bwd,bytes_fwd,bytes_bwd,pktlen_fwd_mean,pktlen_fwd_std,pktlen_bwd_mean,pktlen_bwd_std,iat_fwd_mean,iat_fwd_std,pps,payload_entropy_fwd,iat_cv_fwd,small_pkt_ratio_fwd,small_pkt_ratio_bwd,ttl_fwd_first,label
1773,0.009985923767089844,1,1,82,176,82.0,0.0,176.0,0.0,0.0,0.0,200.2819214974692,0.0,0.0,1.0,0.0,64,1
32811,0.0009031295776367188,1,1,77,93,77.0,0.0,93.0,0.0,0.0,0.0,2000.0,0.0,0.0,1.0,1.0,64,1
5653,0.008156061172485352,1,1,97,161,97.0,0.0,161.0,0.0,0.0,0.0,245.21640503960947,0.0,0.0,1.0,0.0,64,1
13294,0.002110004425048828,1,1,82,98,82.0,0.0,98.0,0.0,0.0,0.0,947.8653107344633,0.0,0.0,1.0,1.0,64,1
36615,0.002187967300415039,1,1,83,154,83.0,0.0,154.0,0.0,0.0,0.0,914.0904435000544,0.0,0.0,1.0,0.0,64,1
62679,0.0013239383697509766,1,1,83,147,83.0,0.0,147.0,0.0,0.0,0.0,1510.6443363947417,0.0,0.0,1.0,0.0,64,1
15659,0.0015649795532226562,1,1,81,97,81.0,0.0,97.0,0.0,0.0,0.0,1277.971968312005,0.0,0.0,1.0,1.0,64,1
