sport,dur,pkts_fwd,pkts_bwd,bytes_fwd,bytes_bwd,pktlen_fwd_mean,pktlen_fwd_std,pktlen_bwd_mean,pktlen_bwd_std,iat_fwd_mean,iat_fwd_std,pps,payload_entropy_fwd,iat_cv_fwd,small_pkt_ratio_fwd,small_pkt_ratio_bwd,ttl_fwd_first,label
56022,0.0015208721160888672,1,1,101,229,101.0,0.0,229.0,0.0,0.0,0.0,1315.0349584574385,0.0,0.0,0.0,0.0,255,0
45975,0.07728195190429688,1,1,72,136,72.0,0.0,136.0,0.0,0.0,0.0,25.879263537193346,0.0,0.0,1.0,0.0,255,0
18539,0.015004873275756836,2,2,146,338,73.0,0.0,169.0,0.0,0.013659000396728516,0.0,266.58005879081594,0.0,0.0,1.0,0.0,255,0
