sport,dur,pkts_fwd,pkts_bwd,bytes_fwd,bytes_bwd,pktlen_fwd_mean,pktlen_fwd_std,pktlen_bwd_mean,pktlen_bwd_std,iat_fwd_mean,iat_fwd_std,pps,payload_entropy_fwd,iat_cv_fwd,small_pkt_ratio_fwd,small_pkt_ratio_bwd,ttl_fwd_first,label
4683,0.011670112609863281,1,1,82,176,82.0,0.0,176.0,0.0,0.0,0.0,171.37795211244585,0.0,0.0,1.0,0.0,64,1
21890,0.0013580322265625,1,1,77,93,77.0,0.0,93.0,0.0,0.0,0.0,1472.7191011235955,0.0,0.0,1.0,1.0,64,1
14194,0.028137922286987305,1,1,97,161,97.0,0.0,161.0,0.0,0.0,0.0,71.07845346935663,0.0,0.0,1.0,0.0,64,1
22547,0.0014760494232177734,1,1,82,98,82.0,0.0,98.0,0.0,0.0,0.0,1354.968179615571,0.0,0.0,1.0,1.0,64,1
22539,0.001622915267944336,1,1,77,93,77.0,0.0,93.0,0.0,0.0,0.0,1232.3502277067723,0.0,0.0,1.0,1.0,64,1
5917,0.0024099349975585938,1,1,77,93,77.0,0.0,93.0,0.0,0.0,0.0,829.8979026513653,0.0,0.0,1.0,1.0,64,1
42378,0.002184152603149414,1,1,83,154,83.0,0.0,154.0,0.0,0.0,0.0,915.686933740858,0.0,0.0,1.0,0.0,64,1
43036,0.0013720989227294922,1,1,83,147,83.0,0.0,147.0,0.0,0.0,0.0,1457.620851433536,0.0,0.0,1.0,0.0,64,1
26218,0.0009601116180419922,1,1,81,97,81.0,0.0,97.0,0.0,0.0,0.0,2000.0,0.0,0.0,1.0,1.0,64,1
