sport,dur,pkts_fwd,pkts_bwd,bytes_fwd,bytes_bwd,pktlen_fwd_mean,pktlen_fwd_std,pktlen_bwd_mean,pktlen_bwd_std,iat_fwd_mean,iat_fwd_std,pps,payload_entropy_fwd,iat_cv_fwd,small_pkt_ratio_fwd,small_pkt_ratio_bwd,ttl_fwd_first,label
12131,0.011096000671386719,1,1,79,174,79.0,0.0,174.0,0.0,0.0,0.0,180.24512247529006,0.0,0.0,1.0,0.0,64,1
14727,0.003047943115234375,1,1,84,180,84.0,0.0,180.0,0.0,0.0,0.0,656.180225281602,0.0,0.0,1.0,0.0,64,1
8747,0.0022389888763427734,1,1,78,94,78.0,0.0,94.0,0.0,0.0,0.0,893.2603556596741,0.0,0.0,1.0,1.0,64,1
33501,0.00905299186706543,1,1,82,176,82.0,0.0,176.0,0.0,0.0,0.0,220.92144004635117,0.0,0.0,1.0,0.0,64,1
11683,0.02004694938659668,1,1,79,174,79.0,0.0,174.0,0.0,0.0,0.0,99.7658028376723,0.0,0.0,1.0,0.0,64,1
4730,0.03247714042663574,1,1,79,174,79.0,0.0,174.0,0.0,0.0,0.0,61.58177640417269,0.0,0.0,1.0,0.0,64,1
20278,0.0069048404693603516,1,1,89,153,89.0,0.0,153.0,0.0,0.0,0.0,289.6518766617175,0.0,0.0,1.0,0.0,64,1
50096,0.009968996047973633,1,1,82,176,82.0,0.0,176.0,0.0,0.0,0.0,200.6220075096262,0.0,0.0,1.0,0.0,64,1
