sport,dur,pkts_fwd,pkts_bwd,bytes_fwd,bytes_bwd,pktlen_fwd_mean,pktlen_fwd_std,pktlen_bwd_mean,pktlen_bwd_std,iat_fwd_mean,iat_fwd_std,pps,payload_entropy_fwd,iat_cv_fwd,small_pkt_ratio_fwd,small_pkt_ratio_bwd,ttl_fwd_first,label
10209,0.03190207481384277,1,1,82,176,82.0,0.0,176.0,0.0,0.0,0.0,62.69184721277661,0.0,0.0,1.0,0.0,64,1
28376,0.0017719268798828125,1,1,77,93,77.0,0.0,93.0,0.0,0.0,0.0,1128.7147470398277,0.0,0.0,1.0,1.0,64,1
32899,0.02820897102355957,1,1,97,161,97.0,0.0,161.0,0.0,0.0,0.0,70.8994311890937,0.0,0.0,1.0,0.0,64,1
3503,0.0021867752075195312,1,1,82,98,82.0,0.0,98.0,0.0,0.0,0.0,914.5887483645879,0.0,0.0,1.0,1.0,64,1
