sport,dur,pkts_fwd,pkts_bwd,bytes_fwd,bytes_bwd,pktlen_fwd_mean,pktlen_fwd_std,pktlen_bwd_mean,pktlen_bwd_std,iat_fwd_mean,iat_fwd_std,pps,payload_entropy_fwd,iat_cv_fwd,small_pkt_ratio_fwd,small_pkt_ratio_bwd,ttl_fwd_first,label
40146,0.0024399757385253906,1,1,110,223,110.0,0.0,223.0,0.0,0.0,0.0,819.6802814148915,0.0,0.0,0.0,0.0,64,1
33438,0.002177000045776367,1,1,94,175,94.0,0.0,175.0,0.0,0.0,0.0,918.6954331398532,0.0,0.0,1.0,0.0,64,1
54084,0.002602100372314453,1,1,110,206,110.0,0.0,206.0,0.0,0.0,0.0,768.6098588968298,0.0,0.0,0.0,0.0,64,1
33476,0.010710000991821289,1,1,75,139,75.0,0.0,139.0,0.0,0.0,0.0,186.74134591839007,0.0,0.0,1.0,0.0,64,1
49610,0.00191497802734375,1,1,110,223,110.0,0.0,223.0,0.0,0.0,0.0,1044.398406374502,0.0,0.0,0.0,0.0,64,1
42521,0.0025529861450195312,1,1,94,175,94.0,0.0,175.0,0.0,0.0,0.0,783.3963391856556,0.0,0.0,1.0,0.0,64,1
38103,0.0025260448455810547,1,1,110,206,110.0,0.0,206.0,0.0,0.0,0.0,791.751580934403,0.0,0.0,0.0,0.0,64,1
