sport,dur,pkts_fwd,pkts_bwd,bytes_fwd,bytes_bwd,pktlen_fwd_mean,pktlen_fwd_std,pktlen_bwd_mean,pktlen_bwd_std,iat_fwd_mean,iat_fwd_std,pps,payload_entropy_fwd,iat_cv_fwd,small_pkt_ratio_fwd,small_pkt_ratio_bwd,ttl_fwd_first,label
33299,0.0010349750518798828,1,1,110,223,110.0,0.0,223.0,0.0,0.0,0.0,1932.413729555402,0.0,0.0,0.0,0.0,64,1
43529,0.0024809837341308594,1,1,94,175,94.0,0.0,175.0,0.0,0.0,0.0,806.1318470113396,0.0,0.0,1.0,0.0,64,1
58086,0.0028879642486572266,1,1,110,206,110.0,0.0,206.0,0.0,0.0,0.0,692.5293486336993,0.0,0.0,0.0,0.0,64,1
58846,0.0055370330810546875,1,1,75,139,75.0,0.0,139.0,0.0,0.0,0.0,361.2042714433345,0.0,0.0,1.0,0.0,64,1
53875,0.0020630359649658203,1,1,110,223,110.0,0.0,223.0,0.0,0.0,0.0,969.445047960245,0.0,0.0,0.0,0.0,64,1
46148,0.0016970634460449219,1,1,94,175,94.0,0.0,175.0,0.0,0.0,0.0,1178.506322000562,0.0,0.0,1.0,0.0,64,1
36881,0.0017468929290771484,1,1,110,206,110.0,0.0,206.0,0.0,0.0,0.0,1144.8898594240482,0.0,0.0,0.0,0.0,64,1
