sport,dur,pkts_fwd,pkts_bwd,bytes_fwd,bytes_bwd,pktlen_fwd_mean,pktlen_fwd_std,pktlen_bwd_mean,pktlen_bwd_std,iat_fwd_mean,iat_fwd_std,pps,payload_entropy_fwd,iat_cv_fwd,small_pkt_ratio_fwd,small_pkt_ratio_bwd,ttl_fwd_first,label
52666,0.0020761489868164062,1,1,110,223,110.0,0.0,223.0,0.0,0.0,0.0,963.3220027560864,0.0,0.0,0.0,0.0,64,1
55144,0.001909017562866211,1,1,94,175,94.0,0.0,175.0,0.0,0.0,0.0,1047.65929811415,0.0,0.0,1.0,0.0,64,1
42765,0.0031909942626953125,1,1,110,206,110.0,0.0,206.0,0.0,0.0,0.0,626.7638971906754,0.0,0.0,0.0,0.0,64,1
50155,0.07389402389526367,1,1,75,139,75.0,0.0,139.0,0.0,0.0,0.0,27.0657882000684,0.0,0.0,1.0,0.0,64,1
55712,0.0015039443969726562,1,1,110,223,110.0,0.0,223.0,0.0,0.0,0.0,1329.8363982244769,0.0,0.0,0.0,0.0,64,1
59100,0.002170085906982422,1,1,94,175,94.0,0.0,175.0,0.0,0.0,0.0,921.6225005493299,0.0,0.0,1.0,0.0,64,1
39674,0.0020439624786376953,1,1,110,206,110.0,0.0,206.0,0.0,0.0,0.0,978.4915432170769,0.0,0.0,0.0,0.0,64,1
