sport,dur,pkts_fwd,pkts_bwd,bytes_fwd,bytes_bwd,pktlen_fwd_mean,pktlen_fwd_std,pktlen_bwd_mean,pktlen_bwd_std,iat_fwd_mean,iat_fwd_std,pps,payload_entropy_fwd,iat_cv_fwd,small_pkt_ratio_fwd,small_pkt_ratio_bwd,ttl_fwd_first,label
43755,0.0026900768280029297,1,1,110,223,110.0,0.0,223.0,0.0,0.0,0.0,743.4731897544979,0.0,0.0,0.0,0.0,64,1
47803,0.0017020702362060547,1,1,94,175,94.0,0.0,175.0,0.0,0.0,0.0,1175.0396414063594,0.0,0.0,1.0,0.0,64,1
44032,0.0033288002014160156,1,1,110,206,110.0,0.0,206.0,0.0,0.0,0.0,600.8170749176336,0.0,0.0,0.0,0.0,64,1
57033,0.019407033920288086,1,1,75,139,75.0,0.0,139.0,0.0,0.0,0.0,103.05541837123306,0.0,0.0,1.0,0.0,64,1
35545,0.0057680606842041016,1,1,110,223,110.0,0.0,223.0,0.0,0.0,0.0,346.73699003844087,0.0,0.0,0.0,0.0,64,1
36281,0.002164125442504883,1,1,94,175,94.0,0.0,175.0,0.0,0.0,0.0,924.1608460945246,0.0,0.0,1.0,0.0,64,1
45905,0.002490997314453125,1,1,110,206,110.0,0.0,206.0,0.0,0.0,0.0,802.8912710566616,0.0,0.0,0.0,0.0,64,1
