sport,dur,pkts_fwd,pkts_bwd,bytes_fwd,bytes_bwd,pktlen_fwd_mean,pktlen_fwd_std,pktlen_bwd_mean,pktlen_bwd_std,iat_fwd_mean,iat_fwd_std,pps,payload_entropy_fwd,iat_cv_fwd,small_pkt_ratio_fwd,small_pkt_ratio_bwd,ttl_fwd_first,label
50032,0.0025238990783691406,1,1,110,223,110.0,0.0,223.0,0.0,0.0,0.0,792.4247118836199,0.0,0.0,0.0,0.0,64,1
39967,0.0021381378173828125,1,1,94,175,94.0,0.0,175.0,0.0,0.0,0.0,935.3933987511151,0.0,0.0,1.0,0.0,64,1
40305,0.003253936767578125,1,1,110,206,110.0,0.0,206.0,0.0,0.0,0.0,614.6400937866354,0.0,0.0,0.0,0.0,64,1
50966,0.008163928985595703,1,1,75,139,75.0,0.0,139.0,0.0,0.0,0.0,244.98008293908066,0.0,0.0,1.0,0.0,64,1
50057,0.0026559829711914062,1,1,110,223,110.0,0.0,223.0,0.0,0.0,0.0,753.0168761220826,0.0,0.0,0.0,0.0,64,1
36229,0.0014660358428955078,1,1,94,175,94.0,0.0,175.0,0.0,0.0,0.0,1364.223125711498,0.0,0.0,1.0,0.0,64,1
47041,0.0024950504302978516,1,1,110,206,110.0,0.0,206.0,0.0,0.0,0.0,801.5870043000477,0.0,0.0,0.0,0.0,64,1
