sport,dur,pkts_fwd,pkts_bwd,bytes_fwd,bytes_bwd,pktlen_fwd_mean,pktlen_fwd_std,pktlen_bwd_mean,pktlen_bwd_std,iat_fwd_mean,iat_fwd_std,pps,payload_entropy_fwd,iat_cv_fwd,small_pkt_ratio_fwd,small_pkt_ratio_bwd,ttl_fwd_first,label
39927,0.0024139881134033203,1,1,110,223,110.0,0.0,223.0,0.0,0.0,0.0,828.5044938271604,0.0,0.0,0.0,0.0,64,1
38767,0.0022568702697753906,1,1,94,175,94.0,0.0,175.0,0.0,0.0,0.0,886.1829706317346,0.0,0.0,1.0,0.0,64,1
46546,0.0022780895233154297,1,1,110,206,110.0,0.0,206.0,0.0,0.0,0.0,877.9286237571952,0.0,0.0,0.0,0.0,64,1
42609,0.02104020118713379,1,1,75,139,75.0,0.0,139.0,0.0,0.0,0.0,95.05612528187288,0.0,0.0,1.0,0.0,64,1
55348,0.0025229454040527344,1,1,110,223,110.0,0.0,223.0,0.0,0.0,0.0,792.7242487242487,0.0,0.0,0.0,0.0,64,1
51466,0.0020890235900878906,1,1,94,175,94.0,0.0,175.0,0.0,0.0,0.0,957.3850719013924,0.0,0.0,1.0,0.0,64,1
53095,0.002045154571533203,1,1,110,206,110.0,0.0,206.0,0.0,0.0,0.0,977.9211937514572,0.0,0.0,0.0,0.0,64,1
