sport,dur,pkts_fwd,pkts_bwd,bytes_fwd,bytes_bwd,pktlen_fwd_mean,pktlen_fwd_std,pktlen_bwd_mean,pktlen_bwd_std,iat_fwd_mean,iat_fwd_std,pps,payload_entropy_fwd,iat_cv_fwd,small_pkt_ratio_fwd,small_pkt_ratio_bwd,ttl_fwd_first,label
43935,0.0026488304138183594,1,1,110,223,110.0,0.0,223.0,0.0,0.0,0.0,755.0502250225022,0.0,0.0,0.0,0.0,64,1
50511,0.0025110244750976562,1,1,94,175,94.0,0.0,175.0,0.0,0.0,0.0,796.4876566654007,0.0,0.0,1.0,0.0,64,1
57139,0.003326892852783203,1,1,110,206,110.0,0.0,206.0,0.0,0.0,0.0,601.1615307438727,0.0,0.0,0.0,0.0,64,1
58853,0.013959169387817383,1,1,75,139,75.0,0.0,139.0,0.0,0.0,0.0,143.27500042699276,0.0,0.0,1.0,0.0,64,1
58135,0.00244903564453125,1,1,110,223,110.0,0.0,223.0,0.0,0.0,0.0,816.6479750778816,0.0,0.0,0.0,0.0,64,1
48739,0.0021719932556152344,1,1,94,175,94.0,0.0,175.0,0.0,0.0,0.0,920.81317233809,0.0,0.0,1.0,0.0,64,1
35009,0.0021958351135253906,1,1,110,206,110.0,0.0,206.0,0.0,0.0,0.0,910.8152008686211,0.0,0.0,0.0,0.0,64,1
