sport,dur,pkts_fwd,pkts_bwd,bytes_fwd,bytes_bwd,pktlen_fwd_mean,pktlen_fwd_std,pktlen_bwd_mean,pktlen_bwd_std,iat_fwd_mean,iat_fwd_std,pps,payload_entropy_fwd,iat_cv_fwd,small_pkt_ratio_fwd,small_pkt_ratio_bwd,ttl_fwd_first,label
43785,0.002090930938720703,1,1,110,223,110.0,0.0,223.0,0.0,0.0,0.0,956.5117445838084,0.0,0.0,0.0,0.0,64,1
38897,0.0020630359649658203,1,1,94,175,94.0,0.0,175.0,0.0,0.0,0.0,969.445047960245,0.0,0.0,1.0,0.0,64,1
50327,0.0025599002838134766,1,1,110,206,110.0,0.0,206.0,0.0,0.0,0.0,781.2804321505076,0.0,0.0,0.0,0.0,64,1
49144,0.011770009994506836,1,1,75,139,75.0,0.0,139.0,0.0,0.0,0.0,169.92339011890533,0.0,0.0,1.0,0.0,64,1
37532,0.011254072189331055,1,1,75,139,75.0,0.0,139.0,0.0,0.0,0.0,177.7134504162871,0.0,0.0,1.0,0.0,64,1
48744,0.001986980438232422,1,1,110,223,110.0,0.0,223.0,0.0,0.0,0.0,1006.5524358051356,0.0,0.0,0.0,0.0,64,1
50424,0.0016121864318847656,1,1,94,175,94.0,0.0,175.0,0.0,0.0,0.0,1240.5513161786453,0.0,0.0,1.0,0.0,64,1
54146,0.003267049789428711,1,1,110,206,110.0,0.0,206.0,0.0,0.0,0.0,612.1731007808509,0.0,0.0,0.0,0.0,64,1
