sport,dur,pkts_fwd,pkts_bwd,bytes_fwd,bytes_bwd,pktlen_fwd_mean,pktlen_fwd_std,pktlen_bwd_mean,pktlen_bwd_std,iat_fwd_mean,iat_fwd_std,pps,payload_entropy_fwd,iat_cv_fwd,small_pkt_ratio_fwd,small_pkt_ratio_bwd,ttl_fwd_first,label
22942,0.002154827117919922,1,1,81,114,81.0,0.0,114.0,0.0,0.0,0.0,928.1487054658111,0.0,0.0,1.0,0.0,255,1
18196,0.0018718242645263672,1,1,81,114,81.0,0.0,114.0,0.0,0.0,0.0,1068.4763724366323,0.0,0.0,1.0,0.0,255,1
18196,0.003072977066040039,1,1,81,114,81.0,0.0,114.0,0.0,0.0,0.0,650.8346652184033,0.0,0.0,1.0,0.0,255,1
