sport,dur,pkts_fwd,pkts_bwd,bytes_fwd,bytes_bwd,pktlen_fwd_mean,pktlen_fwd_std,pktlen_bwd_mean,pktlen_bwd_std,iat_fwd_mean,iat_fwd_std,pps,payload_entropy_fwd,iat_cv_fwd,small_pkt_ratio_fwd,small_pkt_ratio_bwd,ttl_fwd_first,label
22911,0.0020990371704101562,1,1,81,114,81.0,0.0,114.0,0.0,0.0,0.0,952.8178100863244,0.0,0.0,1.0,0.0,255,1
61029,0.002193927764892578,1,1,81,114,81.0,0.0,114.0,0.0,0.0,0.0,911.6070419474028,0.0,0.0,1.0,0.0,255,1
61029,0.003280162811279297,1,1,81,114,81.0,0.0,114.0,0.0,0.0,0.0,609.7258322430586,0.0,0.0,1.0,0.0,255,1
