sport,dur,pkts_fwd,pkts_bwd,bytes_fwd,bytes_bwd,pktlen_fwd_mean,pktlen_fwd_std,pktlen_bwd_mean,pktlen_bwd_std,iat_fwd_mean,iat_fwd_std,pps,payload_entropy_fwd,iat_cv_fwd,small_pkt_ratio_fwd,small_pkt_ratio_bwd,ttl_fwd_first,label
43097,0.0020580291748046875,1,1,81,114,81.0,0.0,114.0,0.0,0.0,0.0,971.8035217794254,0.0,0.0,1.0,0.0,255,1
26680,0.0021409988403320312,1,1,81,114,81.0,0.0,114.0,0.0,0.0,0.0,934.143429844098,0.0,0.0,1.0,0.0,255,1
26680,0.0031681060791015625,1,1,81,114,81.0,0.0,114.0,0.0,0.0,0.0,631.2919927754365,0.0,0.0,1.0,0.0,255,1
