sport,dur,pkts_fwd,pkts_bwd,bytes_fwd,bytes_bwd,pktlen_fwd_mean,pktlen_fwd_std,pktlen_bwd_mean,pktlen_bwd_std,iat_fwd_mean,iat_fwd_std,pps,payload_entropy_fwd,iat_cv_fwd,small_pkt_ratio_fwd,small_pkt_ratio_bwd,ttl_fwd_first,label
62816,0.0017659664154052734,1,1,101,229,101.0,0.0,229.0,0.0,0.0,0.0,1132.5243688402861,0.0,0.0,0.0,0.0,255,1
43490,0.0024328231811523438,1,1,72,136,72.0,0.0,136.0,0.0,0.0,0.0,822.0901607212858,0.0,0.0,1.0,0.0,255,1
42107,0.009420156478881836,1,1,73,169,73.0,0.0,169.0,0.0,0.0,0.0,212.3106982865531,0.0,0.0,1.0,0.0,255,1
