sport,dur,pkts_fwd,pkts_bwd,bytes_fwd,bytes_bwd,pktlen_fwd_mean,pktlen_fwd_std,pktlen_bwd_mean,pktlen_bwd_std,iat_fwd_mean,iat_fwd_std,pps,payload_entropy_fwd,iat_cv_fwd,small_pkt_ratio_fwd,small_pkt_ratio_bwd,ttl_fwd_first,label
49883,0.006700992584228516,1,1,72,136,72.0,0.0,136.0,0.0,0.0,0.0,298.4632462819327,0.0,0.0,1.0,0.0,255,1
15262,0.002418994903564453,1,1,101,229,101.0,0.0,229.0,0.0,0.0,0.0,826.7896708062291,0.0,0.0,0.0,0.0,255,1
32106,0.0031800270080566406,1,1,73,169,73.0,0.0,169.0,0.0,0.0,0.0,628.9254760833708,0.0,0.0,1.0,0.0,255,1
