sport,dur,pkts_fwd,pkts_bwd,bytes_fwd,bytes_bwd,pktlen_fwd_mean,pktlen_fwd_std,pktlen_bwd_mean,pktlen_bwd_std,iat_fwd_mean,iat_fwd_std,pps,payload_entropy_fwd,iat_cv_fwd,small_pkt_ratio_fwd,small_pkt_ratio_bwd,ttl_fwd_first,label
31550,0.0045468807220458984,1,1,72,136,72.0,0.0,136.0,0.0,0.0,0.0,439.8619894080017,0.0,0.0,1.0,0.0,255,1
17282,0.0024569034576416016,1,1,101,229,101.0,0.0,229.0,0.0,0.0,0.0,814.0327996118389,0.0,0.0,0.0,0.0,255,1
10190,0.002496004104614258,1,1,73,169,73.0,0.0,169.0,0.0,0.0,0.0,801.2807335944216,0.0,0.0,1.0,0.0,255,1
