sport,dur,pkts_fwd,pkts_bwd,bytes_fwd,bytes_bwd,pktlen_fwd_mean,pktlen_fwd_std,pktlen_bwd_mean,pktlen_bwd_std,iat_fwd_mean,iat_fwd_std,pps,payload_entropy_fwd,iat_cv_fwd,small_pkt_ratio_fwd,small_pkt_ratio_bwd,ttl_fwd_first,label
4538,0.0028121471405029297,1,1,72,136,72.0,0.0,136.0,0.0,0.0,0.0,711.2003391267486,0.0,0.0,1.0,0.0,255,1
45384,0.0034961700439453125,1,1,101,229,101.0,0.0,229.0,0.0,0.0,0.0,572.0545553737043,0.0,0.0,0.0,0.0,255,1
19521,0.002824068069458008,1,1,73,169,73.0,0.0,169.0,0.0,0.0,0.0,708.1982271000422,0.0,0.0,1.0,0.0,255,1
