sport,dur,pkts_fwd,pkts_bwd,bytes_fwd,bytes_bwd,pktlen_fwd_mean,pktlen_fwd_std,pktlen_bwd_mean,pktlen_bwd_std,iat_fwd_mean,iat_fwd_std,pps,payload_entropy_fwd,iat_cv_fwd,small_pkt_ratio_fwd,small_pkt_ratio_bwd,ttl_fwd_first,label
7552,0.01758718490600586,1,1,72,136,72.0,0.0,136.0,0.0,0.0,0.0,113.71916601144159,0.0,0.0,1.0,0.0,255,1
40257,0.002195119857788086,1,1,101,229,101.0,0.0,229.0,0.0,0.0,0.0,911.1119800152059,0.0,0.0,0.0,0.0,255,1
40039,0.002162933349609375,1,1,73,169,73.0,0.0,169.0,0.0,0.0,0.0,924.6701940035273,0.0,0.0,1.0,0.0,255,1
