sport,dur,pkts_fwd,pkts_bwd,bytes_fwd,bytes_bwd,pktlen_fwd_mean,pktlen_fwd_std,pktlen_bwd_mean,pktlen_bwd_std,iat_fwd_mean,iat_fwd_std,pps,payload_entropy_fwd,iat_cv_fwd,small_pkt_ratio_fwd,small_pkt_ratio_bwd,ttl_fwd_first,label
30937,0.00712895393371582,1,1,72,136,72.0,0.0,136.0,0.0,0.0,0.0,280.54606869335475,0.0,0.0,1.0,0.0,255,1
12152,0.0025458335876464844,1,1,101,229,101.0,0.0,229.0,0.0,0.0,0.0,785.5973028657052,0.0,0.0,0.0,0.0,255,1
52529,0.0026330947875976562,1,1,73,169,73.0,0.0,169.0,0.0,0.0,0.0,759.5624773632742,0.0,0.0,1.0,0.0,255,1
