sport,dur,pkts_fwd,pkts_bwd,bytes_fwd,bytes_bwd,pktlen_fwd_mean,pktlen_fwd_std,pktlen_bwd_mean,pktlen_bwd_std,iat_fwd_mean,iat_fwd_std,pps,payload_entropy_fwd,iat_cv_fwd,small_pkt_ratio_fwd,small_pkt_ratio_bwd,ttl_fwd_first,label
25700,0.002043008804321289,1,1,72,136,72.0,0.0,136.0,0.0,0.0,0.0,978.9483020189053,0.0,0.0,1.0,0.0,255,1
38227,0.003216981887817383,1,1,101,229,101.0,0.0,229.0,0.0,0.0,0.0,621.7007337137775,0.0,0.0,0.0,0.0,255,1
13765,0.0025010108947753906,1,1,73,169,73.0,0.0,169.0,0.0,0.0,0.0,799.6766444232602,0.0,0.0,1.0,0.0,255,1
