sport,dur,pkts_fwd,pkts_bwd,bytes_fwd,bytes_bwd,pktlen_fwd_mean,pktlen_fwd_std,pktlen_bwd_mean,pktlen_bwd_std,iat_fwd_mean,iat_fwd_std,pps,payload_entropy_fwd,iat_cv_fwd,small_pkt_ratio_fwd,small_pkt_ratio_bwd,ttl_fwd_first,label
22267,0.01151585578918457,1,1,72,136,72.0,0.0,136.0,0.0,0.0,0.0,173.67358853853958,0.0,0.0,1.0,0.0,255,1
35454,0.0024309158325195312,1,1,101,229,101.0,0.0,229.0,0.0,0.0,0.0,822.7351902706944,0.0,0.0,0.0,0.0,255,1
60978,0.0028061866760253906,1,1,73,169,73.0,0.0,169.0,0.0,0.0,0.0,712.7109600679694,0.0,0.0,1.0,0.0,255,1
