sport,dur,pkts_fwd,pkts_bwd,bytes_fwd,bytes_bwd,pktlen_fwd_mean,pktlen_fwd_std,pktlen_bwd_mean,pktlen_bwd_std,iat_fwd_mean,iat_fwd_std,pps,payload_entropy_fwd,iat_cv_fwd,small_pkt_ratio_fwd,small_pkt_ratio_bwd,ttl_fwd_first,label
57363,0.0031490325927734375,1,1,101,229,101.0,0.0,229.0,0.0,0.0,0.0,635.1156874621441,0.0,0.0,0.0,0.0,255,1
39955,0.0028591156005859375,1,1,72,136,72.0,0.0,136.0,0.0,0.0,0.0,699.5170113408939,0.0,0.0,1.0,0.0,255,1
58030,0.006732940673828125,1,1,73,169,73.0,0.0,169.0,0.0,0.0,0.0,297.0470254957507,0.0,0.0,1.0,0.0,255,1
