sport,dur,pkts_fwd,pkts_bwd,bytes_fwd,bytes_bwd,pktlen_fwd_mean,pktlen_fwd_std,pktlen_bwd_mean,pktlen_bwd_std,iat_fwd_mean,iat_fwd_std,pps,payload_entropy_fwd,iat_cv_fwd,small_pkt_ratio_fwd,small_pkt_ratio_bwd,ttl_fwd_first,label
58970,0.00723719596862793,1,1,72,136,72.0,0.0,136.0,0.0,0.0,0.0,276.3501235381321,0.0,0.0,1.0,0.0,255,1
65327,0.004202842712402344,1,1,101,229,101.0,0.0,229.0,0.0,0.0,0.0,475.8683911958248,0.0,0.0,0.0,0.0,255,1
1376,0.002621173858642578,1,1,73,169,73.0,0.0,169.0,0.0,0.0,0.0,763.0169183190832,0.0,0.0,1.0,0.0,255,1
