sport,dur,pkts_fwd,pkts_bwd,bytes_fwd,bytes_bwd,pktlen_fwd_mean,pktlen_fwd_std,pktlen_bwd_mean,pktlen_bwd_std,iat_fwd_mean,iat_fwd_std,pps,payload_entropy_fwd,iat_cv_fwd,small_pkt_ratio_fwd,small_pkt_ratio_bwd,ttl_fwd_first,label
23673,0.017734050750732422,1,1,72,136,72.0,0.0,136.0,0.0,0.0,0.0,112.77739237987686,0.0,0.0,1.0,0.0,255,1
50670,0.0025849342346191406,1,1,101,229,101.0,0.0,229.0,0.0,0.0,0.0,773.714074893931,0.0,0.0,0.0,0.0,255,1
45332,0.0033180713653564453,1,1,73,169,73.0,0.0,169.0,0.0,0.0,0.0,602.7597901846663,0.0,0.0,1.0,0.0,255,1
