sport,dur,pkts_fwd,pkts_bwd,bytes_fwd,bytes_bwd,pktlen_fwd_mean,pktlen_fwd_std,pktlen_bwd_mean,pktlen_bwd_std,iat_fwd_mean,iat_fwd_std,pps,payload_entropy_fwd,iat_cv_fwd,small_pkt_ratio_fwd,small_pkt_ratio_bwd,ttl_fwd_first,label
32253,0.2909059524536133,1,1,72,136,72.0,0.0,136.0,0.0,0.0,0.0,6.875074171330035,0.0,0.0,1.0,0.0,255,1
44477,0.002563953399658203,1,1,101,229,101.0,0.0,229.0,0.0,0.0,0.0,780.0453784638274,0.0,0.0,0.0,0.0,255,1
51527,0.002630949020385742,1,1,73,169,73.0,0.0,169.0,0.0,0.0,0.0,760.1819664703218,0.0,0.0,1.0,0.0,255,1
