sport,dur,pkts_fwd,pkts_bwd,bytes_fwd,bytes_bwd,pktlen_fwd_mean,pktlen_fwd_std,pktlen_bwd_mean,pktlen_bwd_std,iat_fwd_mean,iat_fwd_std,pps,payload_entropy_fwd,iat_cv_fwd,small_pkt_ratio_fwd,small_pkt_ratio_bwd,ttl_fwd_first,label
29349,0.0019118785858154297,1,1,72,136,72.0,0.0,136.0,0.0,0.0,0.0,1046.0915326100512,0.0,0.0,1.0,0.0,255,1
24086,0.003197908401489258,1,1,101,229,101.0,0.0,229.0,0.0,0.0,0.0,625.4087825244167,0.0,0.0,0.0,0.0,255,1
35372,0.0025489330291748047,1,1,73,169,73.0,0.0,169.0,0.0,0.0,0.0,784.6420353568423,0.0,0.0,1.0,0.0,255,1
