sport,dur,pkts_fwd,pkts_bwd,bytes_fwd,bytes_bwd,pktlen_fwd_mean,pktlen_fwd_std,pktlen_bwd_mean,pktlen_bwd_std,iat_fwd_mean,iat_fwd_std,pps,payload_entropy_fwd,iat_cv_fwd,small_pkt_ratio_fwd,small_pkt_ratio_bwd,ttl_fwd_first,label
46798,0.0033011436462402344,1,1,101,229,101.0,0.0,229.0,0.0,0.0,0.0,605.8506427849198,0.0,0.0,0.0,0.0,255,1
2293,0.002610921859741211,1,1,72,136,72.0,0.0,136.0,0.0,0.0,0.0,766.0129668523423,0.0,0.0,1.0,0.0,255,1
59803,0.002850055694580078,1,1,73,169,73.0,0.0,169.0,0.0,0.0,0.0,701.7406725782165,0.0,0.0,1.0,0.0,255,1
