sport,dur,pkts_fwd,pkts_bwd,bytes_fwd,bytes_bwd,pktlen_fwd_mean,pktlen_fwd_std,pktlen_bwd_mean,pktlen_bwd_std,iat_fwd_mean,iat_fwd_std,pps,payload_entropy_fwd,iat_cv_fwd,small_pkt_ratio_fwd,small_pkt_ratio_bwd,ttl_fwd_first,label
49900,0.008174896240234375,1,1,72,136,72.0,0.0,136.0,0.0,0.0,0.0,244.65142323845077,0.0,0.0,1.0,0.0,255,1
29127,0.002797842025756836,1,1,101,229,101.0,0.0,229.0,0.0,0.0,0.0,714.836642522369,0.0,0.0,0.0,0.0,255,1
22656,0.0024118423461914062,1,1,73,169,73.0,0.0,169.0,0.0,0.0,0.0,829.2415974693555,0.0,0.0,1.0,0.0,255,1
