sport,dur,pkts_fwd,pkts_bwd,bytes_fwd,bytes_bwd,pktlen_fwd_mean,pktlen_fwd_std,pktlen_bwd_mean,pktlen_bwd_std,iat_fwd_mean,iat_fwd_std,pps,payload_entropy_fwd,iat_cv_fwd,small_pkt_ratio_fwd,small_pkt_ratio_bwd,ttl_fwd_first,label
6825,0.014786958694458008,1,1,72,136,72.0,0.0,136.0,0.0,0.0,0.0,135.25431708614823,0.0,0.0,1.0,0.0,255,1
16256,0.0020830631256103516,1,1,101,229,101.0,0.0,229.0,0.0,0.0,0.0,960.1245278699782,0.0,0.0,0.0,0.0,255,1
60522,0.0014619827270507812,1,1,73,169,73.0,0.0,169.0,0.0,0.0,0.0,1368.0052185257664,0.0,0.0,1.0,0.0,255,1
