sport,dur,pkts_fwd,pkts_bwd,bytes_fwd,bytes_bwd,pktlen_fwd_mean,pktlen_fwd_std,pktlen_bwd_mean,pktlen_bwd_std,iat_fwd_mean,iat_fwd_std,pps,payload_entropy_fwd,iat_cv_fwd,small_pkt_ratio_fwd,small_pkt_ratio_bwd,ttl_fwd_first,label
59457,0.022462129592895508,1,1,72,136,72.0,0.0,136.0,0.0,0.0,0.0,89.03875261375819,0.0,0.0,1.0,0.0,255,1
43633,0.005780935287475586,1,1,101,229,101.0,0.0,229.0,0.0,0.0,0.0,345.9647791479358,0.0,0.0,0.0,0.0,255,1
63399,0.002441883087158203,1,1,73,169,73.0,0.0,169.0,0.0,0.0,0.0,819.0400312438977,0.0,0.0,1.0,0.0,255,1
