sport,dur,pkts_fwd,pkts_bwd,bytes_fwd,bytes_bwd,pktlen_fwd_mean,pktlen_fwd_std,pktlen_bwd_mean,pktlen_bwd_std,iat_fwd_mean,iat_fwd_std,pps,payload_entropy_fwd,iat_cv_fwd,small_pkt_ratio_fwd,small_pkt_ratio_bwd,ttl_fwd_first,label
57363,0.003159046173095703,1,1,101,229,101.0,0.0,229.0,0.0,0.0,0.0,633.1024905660378,0.0,0.0,0.0,0.0,255,1
39955,0.001992940902709961,1,1,72,136,72.0,0.0,136.0,0.0,0.0,0.0,1003.5420504845077,0.0,0.0,1.0,0.0,255,1
58030,0.0025849342346191406,1,1,73,169,73.0,0.0,169.0,0.0,0.0,0.0,773.714074893931,0.0,0.0,1.0,0.0,255,1
