sport,dur,pkts_fwd,pkts_bwd,bytes_fwd,bytes_bwd,pktlen_fwd_mean,pktlen_fwd_std,pktlen_bwd_mean,pktlen_bwd_std,iat_fwd_mean,iat_fwd_std,pps,payload_entropy_fwd,iat_cv_fwd,small_pkt_ratio_fwd,small_pkt_ratio_bwd,ttl_fwd_first,label
41938,0.0014150142669677734,1,1,72,136,72.0,0.0,136.0,0.0,0.0,0.0,1413.4133108677338,0.0,0.0,1.0,0.0,255,1
20699,0.0014338493347167969,1,1,101,229,101.0,0.0,229.0,0.0,0.0,0.0,1394.8466910542068,0.0,0.0,0.0,0.0,255,1
56215,0.04251599311828613,2,2,146,338,73.0,0.0,169.0,0.0,0.04040217399597168,0.0,94.08224309547175,0.0,0.0,1.0,0.0,255,1
