sport,dur,pkts_fwd,pkts_bwd,bytes_fwd,bytes_bwd,pktlen_fwd_mean,pktlen_fwd_std,pktlen_bwd_mean,pktlen_bwd_std,iat_fwd_mean,iat_fwd_std,pps,payload_entropy_fwd,iat_cv_fwd,small_pkt_ratio_fwd,small_pkt_ratio_bwd,ttl_fwd_first,label
27215,0.002611875534057617,1,1,101,229,101.0,0.0,229.0,0.0,0.0,0.0,765.7332724783204,0.0,0.0,0.0,0.0,255,1
39169,0.0024390220642089844,1,1,72,136,72.0,0.0,136.0,0.0,0.0,0.0,820.0007820136852,0.0,0.0,1.0,0.0,255,1
10521,0.0023260116577148438,1,1,73,169,73.0,0.0,169.0,0.0,0.0,0.0,859.840918409184,0.0,0.0,1.0,0.0,255,1
