sport,dur,pkts_fwd,pkts_bwd,bytes_fwd,bytes_bwd,pktlen_fwd_mean,pktlen_fwd_std,pktlen_bwd_mean,pktlen_bwd_std,iat_fwd_mean,iat_fwd_std,pps,payload_entropy_fwd,iat_cv_fwd,small_pkt_ratio_fwd,small_pkt_ratio_bwd,ttl_fwd_first,label
42429,0.010558128356933594,1,1,72,136,72.0,0.0,136.0,0.0,0.0,0.0,189.42751332309638,0.0,0.0,1.0,0.0,255,1
30982,0.002109050750732422,1,1,101,229,101.0,0.0,229.0,0.0,0.0,0.0,948.2939181550984,0.0,0.0,0.0,0.0,255,1
46713,0.0035250186920166016,1,1,73,169,73.0,0.0,169.0,0.0,0.0,0.0,567.3728779168076,0.0,0.0,1.0,0.0,255,1
