sport,dur,pkts_fwd,pkts_bwd,bytes_fwd,bytes_bwd,pktlen_fwd_mean,pktlen_fwd_std,pktlen_bwd_mean,pktlen_bwd_std,iat_fwd_mean,iat_fwd_std,pps,payload_entropy_fwd,iat_cv_fwd,small_pkt_ratio_fwd,small_pkt_ratio_bwd,ttl_fwd_first,label
16788,0.13820290565490723,1,1,72,136,72.0,0.0,136.0,0.0,0.0,0.0,14.47147576617529,0.0,0.0,1.0,0.0,255,1
48657,0.002084016799926758,1,1,101,229,101.0,0.0,229.0,0.0,0.0,0.0,959.6851618807917,0.0,0.0,0.0,0.0,255,1
9917,0.0027828216552734375,1,1,73,169,73.0,0.0,169.0,0.0,0.0,0.0,718.6949965729953,0.0,0.0,1.0,0.0,255,1
