sport,dur,pkts_fwd,pkts_bwd,bytes_fwd,bytes_bwd,pktlen_fwd_mean,pktlen_fwd_std,pktlen_bwd_mean,pktlen_bwd_std,iat_fwd_mean,iat_fwd_std,pps,payload_entropy_fwd,iat_cv_fwd,small_pkt_ratio_fwd,small_pkt_ratio_bwd,ttl_fwd_first,label
5071,0.004385948181152344,1,1,72,136,72.0,0.0,136.0,0.0,0.0,0.0,456.0017395085888,0.0,0.0,1.0,0.0,255,1
15430,0.0024900436401367188,1,1,101,229,101.0,0.0,229.0,0.0,0.0,0.0,803.1987744159326,0.0,0.0,0.0,0.0,255,1
19226,0.0020291805267333984,1,1,73,169,73.0,0.0,169.0,0.0,0.0,0.0,985.6195511690753,0.0,0.0,1.0,0.0,255,1
