sport,dur,pkts_fwd,pkts_bwd,bytes_fwd,bytes_bwd,pktlen_fwd_mean,pktlen_fwd_std,pktlen_bwd_mean,pktlen_bwd_std,iat_fwd_mean,iat_fwd_std,pps,payload_entropy_fwd,iat_cv_fwd,small_pkt_ratio_fwd,small_pkt_ratio_bwd,ttl_fwd_first,label
9171,0.02069711685180664,1,1,72,136,72.0,0.0,136.0,0.0,0.0,0.0,96.63181661098952,0.0,0.0,1.0,0.0,255,1
33051,0.0025420188903808594,1,1,101,229,101.0,0.0,229.0,0.0,0.0,0.0,786.7762145938848,0.0,0.0,0.0,0.0,255,1
12865,0.0014140605926513672,1,1,73,169,73.0,0.0,169.0,0.0,0.0,0.0,1414.3665486427246,0.0,0.0,1.0,0.0,255,1
