sport,dur,pkts_fwd,pkts_bwd,bytes_fwd,bytes_bwd,pktlen_fwd_mean,pktlen_fwd_std,pktlen_bwd_mean,pktlen_bwd_std,iat_fwd_mean,iat_fwd_std,pps,payload_entropy_fwd,iat_cv_fwd,small_pkt_ratio_fwd,small_pkt_ratio_bwd,ttl_fwd_first,label
49015,0.0019989013671875,1,1,72,136,72.0,0.0,136.0,0.0,0.0,0.0,1000.5496183206106,0.0,0.0,1.0,0.0,255,1
20088,0.028662919998168945,1,1,101,229,101.0,0.0,229.0,0.0,0.0,0.0,69.7765614992389,0.0,0.0,0.0,0.0,255,1
18891,0.003312826156616211,1,1,73,169,73.0,0.0,169.0,0.0,0.0,0.0,603.7141417776179,0.0,0.0,1.0,0.0,255,1
