sport,dur,pkts_fwd,pkts_bwd,bytes_fwd,bytes_bwd,pktlen_fwd_mean,pktlen_fwd_std,pktlen_bwd_mean,pktlen_bwd_std,iat_fwd_mean,iat_fwd_std,pps,payload_entropy_fwd,iat_cv_fwd,small_pkt_ratio_fwd,small_pkt_ratio_bwd,ttl_fwd_first,label
45441,0.002424001693725586,1,1,101,229,101.0,0.0,229.0,0.0,0.0,0.0,825.081931739943,0.0,0.0,0.0,0.0,255,1
58994,0.02198004722595215,1,1,72,136,72.0,0.0,136.0,0.0,0.0,0.0,90.99161523359113,0.0,0.0,1.0,0.0,255,1
28157,0.002477884292602539,1,1,73,169,73.0,0.0,169.0,0.0,0.0,0.0,807.1401905128452,0.0,0.0,1.0,0.0,255,1
