sport,dur,pkts_fwd,pkts_bwd,bytes_fwd,bytes_bwd,pktlen_fwd_mean,pktlen_fwd_std,pktlen_bwd_mean,pktlen_bwd_std,iat_fwd_mean,iat_fwd_std,pps,payload_entropy_fwd,iat_cv_fwd,small_pkt_ratio_fwd,small_pkt_ratio_bwd,ttl_fwd_first,label
2054,0.0025238990783691406,1,1,72,136,72.0,0.0,136.0,0.0,0.0,0.0,792.4247118836199,0.0,0.0,1.0,0.0,255,1
1994,0.002482175827026367,1,1,101,229,101.0,0.0,229.0,0.0,0.0,0.0,805.7446931130535,0.0,0.0,0.0,0.0,255,1
19354,0.002544879913330078,1,1,73,169,73.0,0.0,169.0,0.0,0.0,0.0,785.8916994566235,0.0,0.0,1.0,0.0,255,1
