sport,dur,pkts_fwd,pkts_bwd,bytes_fwd,bytes_bwd,pktlen_fwd_mean,pktlen_fwd_std,pktlen_bwd_mean,pktlen_bwd_std,iat_fwd_mean,iat_fwd_std,pps,payload_entropy_fwd,iat_cv_fwd,small_pkt_ratio_fwd,small_pkt_ratio_bwd,ttl_fwd_first,label
26946,0.002025127410888672,1,1,101,229,101.0,0.0,229.0,0.0,0.0,0.0,987.5921827172122,0.0,0.0,0.0,0.0,255,1
25100,0.018032073974609375,1,1,72,136,72.0,0.0,136.0,0.0,0.0,0.0,110.9134757774487,0.0,0.0,1.0,0.0,255,1
38789,0.002766132354736328,1,1,73,169,73.0,0.0,169.0,0.0,0.0,0.0,723.0312015169799,0.0,0.0,1.0,0.0,255,1
