sport,dur,pkts_fwd,pkts_bwd,bytes_fwd,bytes_bwd,pktlen_fwd_mean,pktlen_fwd_std,pktlen_bwd_mean,pktlen_bwd_std,iat_fwd_mean,iat_fwd_std,pps,payload_entropy_fwd,iat_cv_fwd,small_pkt_ratio_fwd,small_pkt_ratio_bwd,ttl_fwd_first,label
16229,0.05602908134460449,2,2,144,272,72.0,0.0,136.0,0.0,0.053458213806152344,0.0,71.39149712982388,0.0,0.0,1.0,0.0,255,1
43387,0.002212047576904297,1,1,101,229,101.0,0.0,229.0,0.0,0.0,0.0,904.1396852769993,0.0,0.0,0.0,0.0,255,1
44431,0.0032761096954345703,1,1,73,169,73.0,0.0,169.0,0.0,0.0,0.0,610.4801688377847,0.0,0.0,1.0,0.0,255,1
