sport,dur,pkts_fwd,pkts_bwd,bytes_fwd,bytes_bwd,pktlen_fwd_mean,pktlen_fwd_std,pktlen_bwd_mean,pktlen_bwd_std,iat_fwd_mean,iat_fwd_std,pps,payload_entropy_fwd,iat_cv_fwd,small_pkt_ratio_fwd,small_pkt_ratio_bwd,ttl_fwd_first,label
61288,0.00249481201171875,1,1,101,229,101.0,0.0,229.0,0.0,0.0,0.0,801.6636085626911,0.0,0.0,0.0,0.0,255,1
41924,0.02234506607055664,1,1,72,136,72.0,0.0,136.0,0.0,0.0,0.0,89.50521755831075,0.0,0.0,1.0,0.0,255,1
8488,0.003223896026611328,1,1,73,169,73.0,0.0,169.0,0.0,0.0,0.0,620.3674012720012,0.0,0.0,1.0,0.0,255,1
