sport,dur,pkts_fwd,pkts_bwd,bytes_fwd,bytes_bwd,pktlen_fwd_mean,pktlen_fwd_std,pktlen_bwd_mean,pktlen_bwd_std,iat_fwd_mean,iat_fwd_std,pps,payload_entropy_fwd,iat_cv_fwd,small_pkt_ratio_fwd,small_pkt_ratio_bwd,ttl_fwd_first,label
8938,0.011387109756469727,1,1,72,136,72.0,0.0,136.0,0.0,0.0,0.0,175.6371935260987,0.0,0.0,1.0,0.0,255,1
43061,0.0010499954223632812,1,1,101,229,101.0,0.0,229.0,0.0,0.0,0.0,1904.770208900999,0.0,0.0,0.0,0.0,255,1
46009,0.0032129287719726562,1,1,73,169,73.0,0.0,169.0,0.0,0.0,0.0,622.4850103888394,0.0,0.0,1.0,0.0,255,1
