sport,dur,pkts_fwd,pkts_bwd,bytes_fwd,bytes_bwd,pktlen_fwd_mean,pktlen_fwd_std,pktlen_bwd_mean,pktlen_bwd_std,iat_fwd_mean,iat_fwd_std,pps,payload_entropy_fwd,iat_cv_fwd,small_pkt_ratio_fwd,small_pkt_ratio_bwd,ttl_fwd_first,label
21206,0.002393007278442383,1,1,72,136,72.0,0.0,136.0,0.0,0.0,0.0,835.7684567101724,0.0,0.0,1.0,0.0,255,1
27710,0.005113124847412109,1,1,101,229,101.0,0.0,229.0,0.0,0.0,0.0,391.15023780658396,0.0,0.0,0.0,0.0,255,1
58912,0.0025758743286132812,1,1,73,169,73.0,0.0,169.0,0.0,0.0,0.0,776.435394298408,0.0,0.0,1.0,0.0,255,1
