sport,dur,pkts_fwd,pkts_bwd,bytes_fwd,bytes_bwd,pktlen_fwd_mean,pktlen_fwd_std,pktlen_bwd_mean,pktlen_bwd_std,iat_fwd_mean,iat_fwd_std,pps,payload_entropy_fwd,iat_cv_fwd,small_pkt_ratio_fwd,small_pkt_ratio_bwd,ttl_fwd_first,label
58095,0.003187894821166992,1,1,101,229,101.0,0.0,229.0,0.0,0.0,0.0,627.373270510807,0.0,0.0,0.0,0.0,255,1
36326,0.011389017105102539,1,1,72,136,72.0,0.0,136.0,0.0,0.0,0.0,175.60777910360275,0.0,0.0,1.0,0.0,255,1
9347,0.0020780563354492188,1,1,73,169,73.0,0.0,169.0,0.0,0.0,0.0,962.4378155117026,0.0,0.0,1.0,0.0,255,1
