sport,dur,pkts_fwd,pkts_bwd,bytes_fwd,bytes_bwd,pktlen_fwd_mean,pktlen_fwd_std,pktlen_bwd_mean,pktlen_bwd_std,iat_fwd_mean,iat_fwd_std,pps,payload_entropy_fwd,iat_cv_fwd,small_pkt_ratio_fwd,small_pkt_ratio_bwd,ttl_fwd_first,label
25100,0.0028052330017089844,1,1,72,136,72.0,0.0,136.0,0.0,0.0,0.0,712.9532551419344,0.0,0.0,1.0,0.0,255,1
26946,0.0022008419036865234,1,1,101,229,101.0,0.0,229.0,0.0,0.0,0.0,908.7431480879644,0.0,0.0,0.0,0.0,255,1
38789,0.002602100372314453,1,1,73,169,73.0,0.0,169.0,0.0,0.0,0.0,768.6098588968298,0.0,0.0,1.0,0.0,255,1
