sport,dur,pkts_fwd,pkts_bwd,bytes_fwd,bytes_bwd,pktlen_fwd_mean,pktlen_fwd_std,pktlen_bwd_mean,pktlen_bwd_std,iat_fwd_mean,iat_fwd_std,pps,payload_entropy_fwd,iat_cv_fwd,small_pkt_ratio_fwd,small_pkt_ratio_bwd,ttl_fwd_first,label
31718,0.04544997215270996,1,1,72,136,72.0,0.0,136.0,0.0,0.0,0.0,44.00442740162933,0.0,0.0,1.0,0.0,255,1
8324,0.0017611980438232422,1,1,101,229,101.0,0.0,229.0,0.0,0.0,0.0,1135.5906321916882,0.0,0.0,0.0,0.0,255,1
32304,0.0016338825225830078,1,1,73,169,73.0,0.0,169.0,0.0,0.0,0.0,1224.0782139209105,0.0,0.0,1.0,0.0,255,1
