sport,dur,pkts_fwd,pkts_bwd,bytes_fwd,bytes_bwd,pktlen_fwd_mean,pktlen_fwd_std,pktlen_bwd_mean,pktlen_bwd_std,iat_fwd_mean,iat_fwd_std,pps,payload_entropy_fwd,iat_cv_fwd,small_pkt_ratio_fwd,small_pkt_ratio_bwd,ttl_fwd_first,label
14592,0.002557039260864258,1,1,101,229,101.0,0.0,229.0,0.0,0.0,0.0,782.1545920745921,0.0,0.0,0.0,0.0,255,1
46026,0.0018818378448486328,1,1,72,136,72.0,0.0,136.0,0.0,0.0,0.0,1062.7908273153428,0.0,0.0,1.0,0.0,255,1
60712,0.0014209747314453125,1,1,73,169,73.0,0.0,169.0,0.0,0.0,0.0,1407.4845637583892,0.0,0.0,1.0,0.0,255,1
