sport,dur,pkts_fwd,pkts_bwd,bytes_fwd,bytes_bwd,pktlen_fwd_mean,pktlen_fwd_std,pktlen_bwd_mean,pktlen_bwd_std,iat_fwd_mean,iat_fwd_std,pps,payload_entropy_fwd,iat_cv_fwd,small_pkt_ratio_fwd,small_pkt_ratio_bwd,ttl_fwd_first,label
42257,0.0024709701538085938,1,1,72,136,72.0,0.0,136.0,0.0,0.0,0.0,809.3986877653416,0.0,0.0,1.0,0.0,255,1
10939,0.0031518936157226562,1,1,101,229,101.0,0.0,229.0,0.0,0.0,0.0,634.5391830559757,0.0,0.0,0.0,0.0,255,1
43958,0.014019966125488281,1,1,73,169,73.0,0.0,169.0,0.0,0.0,0.0,142.6536970274131,0.0,0.0,1.0,0.0,255,1
