sport,dur,pkts_fwd,pkts_bwd,bytes_fwd,bytes_bwd,pktlen_fwd_mean,pktlen_fwd_std,pktlen_bwd_mean,pktlen_bwd_std,iat_fwd_mean,iat_fwd_std,pps,payload_entropy_fwd,iat_cv_fwd,small_pkt_ratio_fwd,small_pkt_ratio_bwd,ttl_fwd_first,label
37987,0.021949052810668945,1,1,72,136,72.0,0.0,136.0,0.0,0.0,0.0,91.12010514767383,0.0,0.0,1.0,0.0,255,1
29914,0.0022089481353759766,1,1,101,229,101.0,0.0,229.0,0.0,0.0,0.0,905.4083108472747,0.0,0.0,0.0,0.0,255,1
45710,0.0026259422302246094,1,1,73,169,73.0,0.0,169.0,0.0,0.0,0.0,761.6313782458689,0.0,0.0,1.0,0.0,255,1
