sport,dur,pkts_fwd,pkts_bwd,bytes_fwd,bytes_bwd,pktlen_fwd_mean,pktlen_fwd_std,pktlen_bwd_mean,pktlen_bwd_std,iat_fwd_mean,iat_fwd_std,pps,payload_entropy_fwd,iat_cv_fwd,small_pkt_ratio_fwd,small_pkt_ratio_bwd,ttl_fwd_first,label
39461,0.0027811527252197266,1,1,101,229,101.0,0.0,229.0,0.0,0.0,0.0,719.1262751821689,0.0,0.0,0.0,0.0,255,1
40365,0.005338907241821289,1,1,72,136,72.0,0.0,136.0,0.0,0.0,0.0,374.60849372571784,0.0,0.0,1.0,0.0,255,1
62001,0.0025069713592529297,1,1,73,169,73.0,0.0,169.0,0.0,0.0,0.0,797.7753685211602,0.0,0.0,1.0,0.0,255,1
