sport,dur,pkts_fwd,pkts_bwd,bytes_fwd,bytes_bwd,pktlen_fwd_mean,pktlen_fwd_std,pktlen_bwd_mean,pktlen_bwd_std,iat_fwd_mean,iat_fwd_std,pps,payload_entropy_fwd,iat_cv_fwd,small_pkt_ratio_fwd,small_pkt_ratio_bwd,ttl_fwd_first,label
59457,0.0024220943450927734,1,1,72,136,72.0,0.0,136.0,0.0,0.0,0.0,825.7316665026085,0.0,0.0,1.0,0.0,255,1
43633,0.002788066864013672,1,1,101,229,101.0,0.0,229.0,0.0,0.0,0.0,717.3429108944758,0.0,0.0,0.0,0.0,255,1
63399,0.0025191307067871094,1,1,73,169,73.0,0.0,169.0,0.0,0.0,0.0,793.9246640166572,0.0,0.0,1.0,0.0,255,1
