sport,dur,pkts_fwd,pkts_bwd,bytes_fwd,bytes_bwd,pktlen_fwd_mean,pktlen_fwd_std,pktlen_bwd_mean,pktlen_bwd_std,iat_fwd_mean,iat_fwd_std,pps,payload_entropy_fwd,iat_cv_fwd,small_pkt_ratio_fwd,small_pkt_ratio_bwd,ttl_fwd_first,label
40051,0.005303859710693359,1,1,72,136,72.0,0.0,136.0,0.0,0.0,0.0,377.0838802481345,0.0,0.0,1.0,0.0,255,1
41887,0.0022029876708984375,1,1,101,229,101.0,0.0,229.0,0.0,0.0,0.0,907.8580086580087,0.0,0.0,0.0,0.0,255,1
8719,0.0025742053985595703,1,1,73,169,73.0,0.0,169.0,0.0,0.0,0.0,776.9387792905437,0.0,0.0,1.0,0.0,255,1
