sport,dur,pkts_fwd,pkts_bwd,bytes_fwd,bytes_bwd,pktlen_fwd_mean,pktlen_fwd_std,pktlen_bwd_mean,pktlen_bwd_std,iat_fwd_mean,iat_fwd_std,pps,payload_entropy_fwd,iat_cv_fwd,small_pkt_ratio_fwd,small_pkt_ratio_bwd,ttl_fwd_first,label
62672,0.0024421215057373047,1,1,101,229,101.0,0.0,229.0,0.0,0.0,0.0,818.9600702919066,0.0,0.0,0.0,0.0,255,1
48263,0.021802902221679688,1,1,72,136,72.0,0.0,136.0,0.0,0.0,0.0,91.73090718222377,0.0,0.0,1.0,0.0,255,1
40663,0.0033669471740722656,1,1,73,169,73.0,0.0,169.0,0.0,0.0,0.0,594.0099136099702,0.0,0.0,1.0,0.0,255,1
