sport,dur,pkts_fwd,pkts_bwd,bytes_fwd,bytes_bwd,pktlen_fwd_mean,pktlen_fwd_std,pktlen_bwd_mean,pktlen_bwd_std,iat_fwd_mean,iat_fwd_std,pps,payload_entropy_fwd,iat_cv_fwd,small_pkt_ratio_fwd,small_pkt_ratio_bwd,ttl_fwd_first,label
41907,0.0023839473724365234,1,1,72,136,72.0,0.0,136.0,0.0,0.0,0.0,838.944694469447,0.0,0.0,1.0,0.0,255,1
49521,0.0021209716796875,1,1,101,229,101.0,0.0,229.0,0.0,0.0,0.0,942.9640287769785,0.0,0.0,0.0,0.0,255,1
56309,0.001706838607788086,1,1,73,169,73.0,0.0,169.0,0.0,0.0,0.0,1171.7569492945943,0.0,0.0,1.0,0.0,255,1
