sport,dur,pkts_fwd,pkts_bwd,bytes_fwd,bytes_bwd,pktlen_fwd_mean,pktlen_fwd_std,pktlen_bwd_mean,pktlen_bwd_std,iat_fwd_mean,iat_fwd_std,pps,payload_entropy_fwd,iat_cv_fwd,small_pkt_ratio_fwd,small_pkt_ratio_bwd,ttl_fwd_first,label
61288,0.0025930404663085938,1,1,101,229,101.0,0.0,229.0,0.0,0.0,0.0,771.2953291651343,0.0,0.0,0.0,0.0,255,1
41924,0.021728038787841797,1,1,72,136,72.0,0.0,136.0,0.0,0.0,0.0,92.04696381153028,0.0,0.0,1.0,0.0,255,1
8488,0.003116130828857422,1,1,73,169,73.0,0.0,169.0,0.0,0.0,0.0,641.8215761285386,0.0,0.0,1.0,0.0,255,1
