sport,dur,pkts_fwd,pkts_bwd,bytes_fwd,bytes_bwd,pktlen_fwd_mean,pktlen_fwd_std,pktlen_bwd_mean,pktlen_bwd_std,iat_fwd_mean,iat_fwd_std,pps,payload_entropy_fwd,iat_cv_fwd,small_pkt_ratio_fwd,small_pkt_ratio_bwd,ttl_fwd_first,label
31550,0.0024280548095703125,1,1,72,136,72.0,0.0,136.0,0.0,0.0,0.0,823.7046347211312,0.0,0.0,1.0,0.0,255,1
17282,0.002541065216064453,1,1,101,229,101.0,0.0,229.0,0.0,0.0,0.0,787.071495590167,0.0,0.0,0.0,0.0,255,1
10190,0.002671957015991211,1,1,73,169,73.0,0.0,169.0,0.0,0.0,0.0,748.5150352458285,0.0,0.0,1.0,0.0,255,1
