sport,dur,pkts_fwd,pkts_bwd,bytes_fwd,bytes_bwd,pktlen_fwd_mean,pktlen_fwd_std,pktlen_bwd_mean,pktlen_bwd_std,iat_fwd_mean,iat_fwd_std,pps,payload_entropy_fwd,iat_cv_fwd,small_pkt_ratio_fwd,small_pkt_ratio_bwd,ttl_fwd_first,label
19595,0.0024499893188476562,1,1,72,136,72.0,0.0,136.0,0.0,0.0,0.0,816.3300895289996,0.0,0.0,1.0,0.0,255,1
58594,0.00661015510559082,1,1,101,229,101.0,0.0,229.0,0.0,0.0,0.0,302.5647610459874,0.0,0.0,0.0,0.0,255,1
14447,0.002521991729736328,1,1,73,169,73.0,0.0,169.0,0.0,0.0,0.0,793.0240121005861,0.0,0.0,1.0,0.0,255,1
