sport,dur,pkts_fwd,pkts_bwd,bytes_fwd,bytes_bwd,pktlen_fwd_mean,pktlen_fwd_std,pktlen_bwd_mean,pktlen_bwd_std,iat_fwd_mean,iat_fwd_std,pps,payload_entropy_fwd,iat_cv_fwd,small_pkt_ratio_fwd,small_pkt_ratio_bwd,ttl_fwd_first,label
64762,0.006393909454345703,1,1,72,136,72.0,0.0,136.0,0.0,0.0,0.0,312.7976732045641,0.0,0.0,1.0,0.0,255,1
57856,0.0036139488220214844,1,1,101,229,101.0,0.0,229.0,0.0,0.0,0.0,553.4112679773057,0.0,0.0,0.0,0.0,255,1
17410,0.003306865692138672,1,1,73,169,73.0,0.0,169.0,0.0,0.0,0.0,604.8023071377073,0.0,0.0,1.0,0.0,255,1
