sport,dur,pkts_fwd,pkts_bwd,bytes_fwd,bytes_bwd,pktlen_fwd_mean,pktlen_fwd_std,pktlen_bwd_mean,pktlen_bwd_std,iat_fwd_mean,iat_fwd_std,pps,payload_entropy_fwd,iat_cv_fwd,small_pkt_ratio_fwd,small_pkt_ratio_bwd,ttl_fwd_first,label
47354,0.0019588470458984375,1,1,72,136,72.0,0.0,136.0,0.0,0.0,0.0,1021.0087633885103,0.0,0.0,1.0,0.0,255,1
38335,0.002045869827270508,1,1,101,229,101.0,0.0,229.0,0.0,0.0,0.0,977.5793031115255,0.0,0.0,0.0,0.0,255,1
43759,0.002057790756225586,1,1,73,169,73.0,0.0,169.0,0.0,0.0,0.0,971.9161163248755,0.0,0.0,1.0,0.0,255,1
