sport,dur,pkts_fwd,pkts_bwd,bytes_fwd,bytes_bwd,pktlen_fwd_mean,pktlen_fwd_std,pktlen_bwd_mean,pktlen_bwd_std,iat_fwd_mean,iat_fwd_std,pps,payload_entropy_fwd,iat_cv_fwd,small_pkt_ratio_fwd,small_pkt_ratio_bwd,ttl_fwd_first,label
59212,0.0024979114532470703,1,1,72,136,72.0,0.0,136.0,0.0,0.0,0.0,800.6688937672998,0.0,0.0,1.0,0.0,255,1
51391,0.0018939971923828125,1,1,101,229,101.0,0.0,229.0,0.0,0.0,0.0,1055.9677744209466,0.0,0.0,0.0,0.0,255,1
4590,0.003142833709716797,1,1,73,169,73.0,0.0,169.0,0.0,0.0,0.0,636.3683811257775,0.0,0.0,1.0,0.0,255,1
