sport,dur,pkts_fwd,pkts_bwd,bytes_fwd,bytes_bwd,pktlen_fwd_mean,pktlen_fwd_std,pktlen_bwd_mean,pktlen_bwd_std,iat_fwd_mean,iat_fwd_std,pps,payload_entropy_fwd,iat_cv_fwd,small_pkt_ratio_fwd,small_pkt_ratio_bwd,ttl_fwd_first,label
19161,0.0023441314697265625,1,1,101,229,101.0,0.0,229.0,0.0,0.0,0.0,853.1944670463791,0.0,0.0,0.0,0.0,255,1
23812,0.012582063674926758,1,1,72,136,72.0,0.0,136.0,0.0,0.0,0.0,158.95643605631668,0.0,0.0,1.0,0.0,255,1
44777,0.00548100471496582,1,1,73,169,73.0,0.0,169.0,0.0,0.0,0.0,364.89660272304144,0.0,0.0,1.0,0.0,255,1
