sport,dur,pkts_fwd,pkts_bwd,bytes_fwd,bytes_bwd,pktlen_fwd_mean,pktlen_fwd_std,pktlen_bwd_mean,pktlen_bwd_std,iat_fwd_mean,iat_fwd_std,pps,payload_entropy_fwd,iat_cv_fwd,small_pkt_ratio_fwd,small_pkt_ratio_bwd,ttl_fwd_first,label
34362,0.004109859466552734,1,1,72,136,72.0,0.0,136.0,0.0,0.0,0.0,486.6346443903005,0.0,0.0,1.0,0.0,255,1
31131,0.002029895782470703,1,1,101,229,101.0,0.0,229.0,0.0,0.0,0.0,985.272257458304,0.0,0.0,0.0,0.0,255,1
20872,0.0026559829711914062,1,1,73,169,73.0,0.0,169.0,0.0,0.0,0.0,753.0168761220826,0.0,0.0,1.0,0.0,255,1
