sport,dur,pkts_fwd,pkts_bwd,bytes_fwd,bytes_bwd,pktlen_fwd_mean,pktlen_fwd_std,pktlen_bwd_mean,pktlen_bwd_std,iat_fwd_mean,iat_fwd_std,pps,payload_entropy_fwd,iat_cv_fwd,small_pkt_ratio_fwd,small_pkt_ratio_bwd,ttl_fwd_first,label
54312,0.0024671554565429688,1,1,101,229,101.0,0.0,229.0,0.0,0.0,0.0,810.6501739466563,0.0,0.0,0.0,0.0,255,1
20389,0.011722087860107422,1,1,72,136,72.0,0.0,136.0,0.0,0.0,0.0,170.61806939755115,0.0,0.0,1.0,0.0,255,1
32333,0.002775907516479492,1,1,73,169,73.0,0.0,169.0,0.0,0.0,0.0,720.4850983423516,0.0,0.0,1.0,0.0,255,1
