sport,dur,pkts_fwd,pkts_bwd,bytes_fwd,bytes_bwd,pktlen_fwd_mean,pktlen_fwd_std,pktlen_bwd_mean,pktlen_bwd_std,iat_fwd_mean,iat_fwd_std,pps,payload_entropy_fwd,iat_cv_fwd,small_pkt_ratio_fwd,small_pkt_ratio_bwd,ttl_fwd_first,label
12976,0.002351045608520508,1,1,101,229,101.0,0.0,229.0,0.0,0.0,0.0,850.6853260318426,0.0,0.0,0.0,0.0,255,1
8011,0.0016679763793945312,1,1,72,136,72.0,0.0,136.0,0.0,0.0,0.0,1199.0577472841624,0.0,0.0,1.0,0.0,255,1
27695,0.001964092254638672,1,1,73,169,73.0,0.0,169.0,0.0,0.0,0.0,1018.282107307599,0.0,0.0,1.0,0.0,255,1
