sport,dur,pkts_fwd,pkts_bwd,bytes_fwd,bytes_bwd,pktlen_fwd_mean,pktlen_fwd_std,pktlen_bwd_mean,pktlen_bwd_std,iat_fwd_mean,iat_fwd_std,pps,payload_entropy_fwd,iat_cv_fwd,small_pkt_ratio_fwd,small_pkt_ratio_bwd,ttl_fwd_first,label
25700,0.002913951873779297,1,1,72,136,72.0,0.0,136.0,0.0,0.0,0.0,686.3531336933398,0.0,0.0,1.0,0.0,255,1
38227,0.003451108932495117,1,1,101,229,101.0,0.0,229.0,0.0,0.0,0.0,579.5238687392056,0.0,0.0,0.0,0.0,255,1
13765,0.0018069744110107422,1,1,73,169,73.0,0.0,169.0,0.0,0.0,0.0,1106.8225359546113,0.0,0.0,1.0,0.0,255,1
