sport,dur,pkts_fwd,pkts_bwd,bytes_fwd,bytes_bwd,pktlen_fwd_mean,pktlen_fwd_std,pktlen_bwd_mean,pktlen_bwd_std,iat_fwd_mean,iat_fwd_std,pps,payload_entropy_fwd,iat_cv_fwd,small_pkt_ratio_fwd,small_pkt_ratio_bwd,ttl_fwd_first,label
45922,0.020380020141601562,1,1,72,136,72.0,0.0,136.0,0.0,0.0,0.0,98.1353299017314,0.0,0.0,1.0,0.0,255,1
54455,0.0024819374084472656,1,1,101,229,101.0,0.0,229.0,0.0,0.0,0.0,805.8220941402498,0.0,0.0,0.0,0.0,255,1
60809,0.0031948089599609375,1,1,73,169,73.0,0.0,169.0,0.0,0.0,0.0,626.0155223880597,0.0,0.0,1.0,0.0,255,1
