sport,dur,pkts_fwd,pkts_bwd,bytes_fwd,bytes_bwd,pktlen_fwd_mean,pktlen_fwd_std,pktlen_bwd_mean,pktlen_bwd_std,iat_fwd_mean,iat_fwd_std,pps,payload_entropy_fwd,iat_cv_fwd,small_pkt_ratio_fwd,small_pkt_ratio_bwd,ttl_fwd_first,label
14267,0.003201007843017578,1,1,101,229,101.0,0.0,229.0,0.0,0.0,0.0,624.80321763742,0.0,0.0,0.0,0.0,255,1
20266,0.003233194351196289,1,1,72,136,72.0,0.0,136.0,0.0,0.0,0.0,618.5832903178232,0.0,0.0,1.0,0.0,255,1
4722,0.0020020008087158203,1,1,73,169,73.0,0.0,169.0,0.0,0.0,0.0,999.0005954507562,0.0,0.0,1.0,0.0,255,1
