sport,dur,pkts_fwd,pkts_bwd,bytes_fwd,bytes_bwd,pktlen_fwd_mean,pktlen_fwd_std,pktlen_bwd_mean,pktlen_bwd_std,iat_fwd_mean,iat_fwd_std,pps,payload_entropy_fwd,iat_cv_fwd,small_pkt_ratio_fwd,small_pkt_ratio_bwd,ttl_fwd_first,label
49679,0.0198819637298584,1,1,72,136,72.0,0.0,136.0,0.0,0.0,0.0,100.59368516986245,0.0,0.0,1.0,0.0,255,1
14074,0.002569913864135742,1,1,101,229,101.0,0.0,229.0,0.0,0.0,0.0,778.2362000185545,0.0,0.0,0.0,0.0,255,1
56397,0.005053997039794922,1,1,73,169,73.0,0.0,169.0,0.0,0.0,0.0,395.72638928200774,0.0,0.0,1.0,0.0,255,1
