sport,dur,pkts_fwd,pkts_bwd,bytes_fwd,bytes_bwd,pktlen_fwd_mean,pktlen_fwd_std,pktlen_bwd_mean,pktlen_bwd_std,iat_fwd_mean,iat_fwd_std,pps,payload_entropy_fwd,iat_cv_fwd,small_pkt_ratio_fwd,small_pkt_ratio_bwd,ttl_fwd_first,label
5646,0.006880044937133789,1,1,72,136,72.0,0.0,136.0,0.0,0.0,0.0,290.695775721662,0.0,0.0,1.0,0.0,255,1
32742,0.002599000930786133,1,1,101,229,101.0,0.0,229.0,0.0,0.0,0.0,769.5264654618842,0.0,0.0,0.0,0.0,255,1
23594,0.0025708675384521484,1,1,73,169,73.0,0.0,169.0,0.0,0.0,0.0,777.9475099693963,0.0,0.0,1.0,0.0,255,1
