sport,dur,pkts_fwd,pkts_bwd,bytes_fwd,bytes_bwd,pktlen_fwd_mean,pktlen_fwd_std,pktlen_bwd_mean,pktlen_bwd_std,iat_fwd_mean,iat_fwd_std,pps,payload_entropy_fwd,iat_cv_fwd,small_pkt_ratio_fwd,small_pkt_ratio_bwd,ttl_fwd_first,label
6986,0.002001047134399414,1,1,72,136,72.0,0.0,136.0,0.0,0.0,0.0,999.476706779459,0.0,0.0,1.0,0.0,255,1
60223,0.0026328563690185547,1,1,101,229,101.0,0.0,229.0,0.0,0.0,0.0,759.6312596214797,0.0,0.0,0.0,0.0,255,1
1285,0.0025491714477539062,1,1,73,169,73.0,0.0,169.0,0.0,0.0,0.0,784.5686494575383,0.0,0.0,1.0,0.0,255,1
