sport,dur,pkts_fwd,pkts_bwd,bytes_fwd,bytes_bwd,pktlen_fwd_mean,pktlen_fwd_std,pktlen_bwd_mean,pktlen_bwd_std,iat_fwd_mean,iat_fwd_std,pps,payload_entropy_fwd,iat_cv_fwd,small_pkt_ratio_fwd,small_pkt_ratio_bwd,ttl_fwd_first,label
32253,0.003290891647338867,1,1,72,136,72.0,0.0,136.0,0.0,0.0,0.0,607.7380279649352,0.0,0.0,1.0,0.0,255,1
44477,0.0025870800018310547,1,1,101,229,101.0,0.0,229.0,0.0,0.0,0.0,773.0723435628053,0.0,0.0,0.0,0.0,255,1
51527,0.0024149417877197266,1,1,73,169,73.0,0.0,169.0,0.0,0.0,0.0,828.1773126666009,0.0,0.0,1.0,0.0,255,1
