sport,dur,pkts_fwd,pkts_bwd,bytes_fwd,bytes_bwd,pktlen_fwd_mean,pktlen_fwd_std,pktlen_bwd_mean,pktlen_bwd_std,iat_fwd_mean,iat_fwd_std,pps,payload_entropy_fwd,iat_cv_fwd,small_pkt_ratio_fwd,small_pkt_ratio_bwd,ttl_fwd_first,label
54291,0.005388975143432617,1,1,72,136,72.0,0.0,136.0,0.0,0.0,0.0,371.12808034331727,0.0,0.0,1.0,0.0,255,1
17203,0.002875089645385742,1,1,101,229,101.0,0.0,229.0,0.0,0.0,0.0,695.6304834563397,0.0,0.0,0.0,0.0,255,1
44790,0.003367900848388672,1,1,73,169,73.0,0.0,169.0,0.0,0.0,0.0,593.8417103213932,0.0,0.0,1.0,0.0,255,1
