sport,dur,pkts_fwd,pkts_bwd,bytes_fwd,bytes_bwd,pktlen_fwd_mean,pktlen_fwd_std,pktlen_bwd_mean,pktlen_bwd_std,iat_fwd_mean,iat_fwd_std,pps,payload_entropy_fwd,iat_cv_fwd,small_pkt_ratio_fwd,small_pkt_ratio_bwd,ttl_fwd_first,label
21459,0.023450136184692383,1,1,72,136,72.0,0.0,136.0,0.0,0.0,0.0,85.28735117988552,0.0,0.0,1.0,0.0,255,1
17886,0.0022101402282714844,1,1,101,229,101.0,0.0,229.0,0.0,0.0,0.0,904.919956850054,0.0,0.0,0.0,0.0,255,1
47018,0.0020248889923095703,1,1,73,169,73.0,0.0,169.0,0.0,0.0,0.0,987.7084657953609,0.0,0.0,1.0,0.0,255,1
