sport,dur,pkts_fwd,pkts_bwd,bytes_fwd,bytes_bwd,pktlen_fwd_mean,pktlen_fwd_std,pktlen_bwd_mean,pktlen_bwd_std,iat_fwd_mean,iat_fwd_std,pps,payload_entropy_fwd,iat_cv_fwd,small_pkt_ratio_fwd,small_pkt_ratio_bwd,ttl_fwd_first,label
59476,0.0032041072845458984,1,1,101,229,101.0,0.0,229.0,0.0,0.0,0.0,624.1988243172855,0.0,0.0,0.0,0.0,255,1
32695,0.0027458667755126953,1,1,72,136,72.0,0.0,136.0,0.0,0.0,0.0,728.3674568029869,0.0,0.0,1.0,0.0,255,1
34562,0.0024139881134033203,1,1,73,169,73.0,0.0,169.0,0.0,0.0,0.0,828.5044938271604,0.0,0.0,1.0,0.0,255,1
