sport,dur,pkts_fwd,pkts_bwd,bytes_fwd,bytes_bwd,pktlen_fwd_mean,pktlen_fwd_std,pktlen_bwd_mean,pktlen_bwd_std,iat_fwd_mean,iat_fwd_std,pps,payload_entropy_fwd,iat_cv_fwd,small_pkt_ratio_fwd,small_pkt_ratio_bwd,ttl_fwd_first,label
13188,0.018357038497924805,1,1,72,136,72.0,0.0,136.0,0.0,0.0,0.0,108.95003571660497,0.0,0.0,1.0,0.0,255,1
10516,0.000982046127319336,1,1,101,229,101.0,0.0,229.0,0.0,0.0,0.0,2000.0,0.0,0.0,0.0,0.0,255,1
43985,0.0020110607147216797,1,1,73,169,73.0,0.0,169.0,0.0,0.0,0.0,994.5000592768228,0.0,0.0,1.0,0.0,255,1
