sport,dur,pkts_fwd,pkts_bwd,bytes_fwd,bytes_bwd,pktlen_fwd_mean,pktlen_fwd_std,pktlen_bwd_mean,pktlen_bwd_std,iat_fwd_mean,iat_fwd_std,pps,payload_entropy_fwd,iat_cv_fwd,small_pkt_ratio_fwd,small_pkt_ratio_bwd,ttl_fwd_first,label
31465,0.0066068172454833984,1,1,72,136,72.0,0.0,136.0,0.0,0.0,0.0,302.7176211612717,0.0,0.0,1.0,0.0,255,1
18581,0.0033750534057617188,1,1,101,229,101.0,0.0,229.0,0.0,0.0,0.0,592.5832155976265,0.0,0.0,0.0,0.0,255,1
32147,0.014322996139526367,2,2,146,338,73.0,0.0,169.0,0.0,0.012678146362304688,0.0,279.2711776945485,0.0,0.0,1.0,0.0,255,1
