sport,dur,pkts_fwd,pkts_bwd,bytes_fwd,bytes_bwd,pktlen_fwd_mean,pktlen_fwd_std,pktlen_bwd_mean,pktlen_bwd_std,iat_fwd_mean,iat_fwd_std,pps,payload_entropy_fwd,iat_cv_fwd,small_pkt_ratio_fwd,small_pkt_ratio_bwd,ttl_fwd_first,label
28622,0.003309965133666992,1,1,72,136,72.0,0.0,136.0,0.0,0.0,0.0,604.2359720521501,0.0,0.0,1.0,0.0,255,1
32340,0.002034902572631836,1,1,101,229,101.0,0.0,229.0,0.0,0.0,0.0,982.8480374926772,0.0,0.0,0.0,0.0,255,1
23925,0.0033659934997558594,1,1,73,169,73.0,0.0,169.0,0.0,0.0,0.0,594.1782122113614,0.0,0.0,1.0,0.0,255,1
