sport,dur,pkts_fwd,pkts_bwd,bytes_fwd,bytes_bwd,pktlen_fwd_mean,pktlen_fwd_std,pktlen_bwd_mean,pktlen_bwd_std,iat_fwd_mean,iat_fwd_std,pps,payload_entropy_fwd,iat_cv_fwd,small_pkt_ratio_fwd,small_pkt_ratio_bwd,ttl_fwd_first,label
2054,0.011011123657226562,1,1,72,136,72.0,0.0,136.0,0.0,0.0,0.0,181.63450545643514,0.0,0.0,1.0,0.0,255,1
1994,0.002537965774536133,1,1,101,229,101.0,0.0,229.0,0.0,0.0,0.0,788.0326914044152,0.0,0.0,0.0,0.0,255,1
19354,0.002463817596435547,1,1,73,169,73.0,0.0,169.0,0.0,0.0,0.0,811.7484033288175,0.0,0.0,1.0,0.0,255,1
