sport,dur,pkts_fwd,pkts_bwd,bytes_fwd,bytes_bwd,pktlen_fwd_mean,pktlen_fwd_std,pktlen_bwd_mean,pktlen_bwd_std,iat_fwd_mean,iat_fwd_std,pps,payload_entropy_fwd,iat_cv_fwd,small_pkt_ratio_fwd,small_pkt_ratio_bwd,ttl_fwd_first,label
35043,0.0019788742065429688,1,1,72,136,72.0,0.0,136.0,0.0,0.0,0.0,1010.6756626506024,0.0,0.0,1.0,0.0,255,1
7799,0.0024890899658203125,1,1,101,229,101.0,0.0,229.0,0.0,0.0,0.0,803.5065134099617,0.0,0.0,0.0,0.0,255,1
27000,0.0027861595153808594,1,1,73,169,73.0,0.0,169.0,0.0,0.0,0.0,717.8339893890125,0.0,0.0,1.0,0.0,255,1
