sport,dur,pkts_fwd,pkts_bwd,bytes_fwd,bytes_bwd,pktlen_fwd_mean,pktlen_fwd_std,pktlen_bwd_mean,pktlen_bwd_std,iat_fwd_mean,iat_fwd_std,pps,payload_entropy_fwd,iat_cv_fwd,small_pkt_ratio_fwd,small_pkt_ratio_bwd,ttl_fwd_first,label
27924,0.0024869441986083984,1,1,72,136,72.0,0.0,136.0,0.0,0.0,0.0,804.1997890902119,0.0,0.0,1.0,0.0,255,1
30170,0.0020258426666259766,1,1,101,229,101.0,0.0,229.0,0.0,0.0,0.0,987.2434977050724,0.0,0.0,0.0,0.0,255,1
45223,0.002285003662109375,1,1,73,169,73.0,0.0,169.0,0.0,0.0,0.0,875.2721202003339,0.0,0.0,1.0,0.0,255,1
