sport,dur,pkts_fwd,pkts_bwd,bytes_fwd,bytes_bwd,pktlen_fwd_mean,pktlen_fwd_std,pktlen_bwd_mean,pktlen_bwd_std,iat_fwd_mean,iat_fwd_std,pps,payload_entropy_fwd,iat_cv_fwd,small_pkt_ratio_fwd,small_pkt_ratio_bwd,ttl_fwd_first,label
32253,0.0033059120178222656,1,1,72,136,72.0,0.0,136.0,0.0,0.0,0.0,604.9767777296986,0.0,0.0,1.0,0.0,255,1
44477,0.002574920654296875,1,1,101,229,101.0,0.0,229.0,0.0,0.0,0.0,776.7229629629629,0.0,0.0,0.0,0.0,255,1
51527,0.0028510093688964844,1,1,73,169,73.0,0.0,169.0,0.0,0.0,0.0,701.5059374477337,0.0,0.0,1.0,0.0,255,1
