sport,dur,pkts_fwd,pkts_bwd,bytes_fwd,bytes_bwd,pktlen_fwd_mean,pktlen_fwd_std,pktlen_bwd_mean,pktlen_bwd_std,iat_fwd_mean,iat_fwd_std,pps,payload_entropy_fwd,iat_cv_fwd,small_pkt_ratio_fwd,small_pkt_ratio_bwd,ttl_fwd_first,label
19493,0.0031838417053222656,1,1,101,229,101.0,0.0,229.0,0.0,0.0,0.0,628.1719335030702,0.0,0.0,0.0,0.0,255,1
1945,0.00533294677734375,1,1,72,136,72.0,0.0,136.0,0.0,0.0,0.0,375.0271816881259,0.0,0.0,1.0,0.0,255,1
26264,0.0026450157165527344,1,1,73,169,73.0,0.0,169.0,0.0,0.0,0.0,756.1391743284659,0.0,0.0,1.0,0.0,255,1
