sport,dur,pkts_fwd,pkts_bwd,bytes_fwd,bytes_bwd,pktlen_fwd_mean,pktlen_fwd_std,pktlen_bwd_mean,pktlen_bwd_std,iat_fwd_mean,iat_fwd_std,pps,payload_entropy_fwd,iat_cv_fwd,small_pkt_ratio_fwd,small_pkt_ratio_bwd,ttl_fwd_first,label
33871,0.004845142364501953,1,1,72,136,72.0,0.0,136.0,0.0,0.0,0.0,412.7845684479874,0.0,0.0,1.0,0.0,255,1
47882,0.0024728775024414062,1,1,101,229,101.0,0.0,229.0,0.0,0.0,0.0,808.7743925954493,0.0,0.0,0.0,0.0,255,1
55570,0.002238035202026367,2,2,146,338,73.0,0.0,169.0,0.0,0.00012993812561035156,0.0,1787.2819857249387,0.0,0.0,1.0,0.0,255,1
