sport,dur,pkts_fwd,pkts_bwd,bytes_fwd,bytes_bwd,pktlen_fwd_mean,pktlen_fwd_std,pktlen_bwd_mean,pktlen_bwd_std,iat_fwd_mean,iat_fwd_std,pps,payload_entropy_fwd,iat_cv_fwd,small_pkt_ratio_fwd,small_pkt_ratio_bwd,ttl_fwd_first,label
63201,0.018226146697998047,1,1,72,136,72.0,0.0,136.0,0.0,0.0,0.0,109.73246474635691,0.0,0.0,1.0,0.0,255,1
40924,0.0020220279693603516,1,1,101,229,101.0,0.0,229.0,0.0,0.0,0.0,989.1060016507487,0.0,0.0,0.0,0.0,255,1
65468,0.003201007843017578,1,1,73,169,73.0,0.0,169.0,0.0,0.0,0.0,624.80321763742,0.0,0.0,1.0,0.0,255,1
