sport,dur,pkts_fwd,pkts_bwd,bytes_fwd,bytes_bwd,pktlen_fwd_mean,pktlen_fwd_std,pktlen_bwd_mean,pktlen_bwd_std,iat_fwd_mean,iat_fwd_std,pps,payload_entropy_fwd,iat_cv_fwd,small_pkt_ratio_fwd,small_pkt_ratio_bwd,ttl_fwd_first,label
15907,0.002563953399658203,1,1,101,229,101.0,0.0,229.0,0.0,0.0,0.0,780.0453784638274,0.0,0.0,0.0,0.0,255,1
19266,0.03951692581176758,1,1,72,136,72.0,0.0,136.0,0.0,0.0,0.0,50.61122440360552,0.0,0.0,1.0,0.0,255,1
27552,0.0014560222625732422,1,1,73,169,73.0,0.0,169.0,0.0,0.0,0.0,1373.6053708858688,0.0,0.0,1.0,0.0,255,1
