sport,dur,pkts_fwd,pkts_bwd,bytes_fwd,bytes_bwd,pktlen_fwd_mean,pktlen_fwd_std,pktlen_bwd_mean,pktlen_bwd_std,iat_fwd_mean,iat_fwd_std,pps,payload_entropy_fwd,iat_cv_fwd,small_pkt_ratio_fwd,small_pkt_ratio_bwd,ttl_fwd_first,label
27591,0.017692089080810547,1,1,72,136,72.0,0.0,136.0,0.0,0.0,0.0,113.04487507748699,0.0,0.0,1.0,0.0,255,1
52812,0.00203704833984375,1,1,101,229,101.0,0.0,229.0,0.0,0.0,0.0,981.812734082397,0.0,0.0,0.0,0.0,255,1
19397,0.002758026123046875,1,1,73,169,73.0,0.0,169.0,0.0,0.0,0.0,725.1562932226833,0.0,0.0,1.0,0.0,255,1
