sport,dur,pkts_fwd,pkts_bwd,bytes_fwd,bytes_bwd,pktlen_fwd_mean,pktlen_fwd_std,pktlen_bwd_mean,pktlen_bwd_std,iat_fwd_mean,iat_fwd_std,pps,payload_entropy_fwd,iat_cv_fwd,small_pkt_ratio_fwd,small_pkt_ratio_bwd,ttl_fwd_first,label
63835,0.004857063293457031,1,1,72,136,72.0,0.0,136.0,0.0,0.0,0.0,411.77145101119186,0.0,0.0,1.0,0.0,255,1
48213,0.0024728775024414062,1,1,101,229,101.0,0.0,229.0,0.0,0.0,0.0,808.7743925954493,0.0,0.0,0.0,0.0,255,1
2383,0.002565145492553711,1,1,73,169,73.0,0.0,169.0,0.0,0.0,0.0,779.6828701552189,0.0,0.0,1.0,0.0,255,1
