sport,dur,pkts_fwd,pkts_bwd,bytes_fwd,bytes_bwd,pktlen_fwd_mean,pktlen_fwd_std,pktlen_bwd_mean,pktlen_bwd_std,iat_fwd_mean,iat_fwd_std,pps,payload_entropy_fwd,iat_cv_fwd,small_pkt_ratio_fwd,small_pkt_ratio_bwd,ttl_fwd_first,label
23673,0.0024480819702148438,1,1,72,136,72.0,0.0,136.0,0.0,0.0,0.0,816.9661082976237,0.0,0.0,1.0,0.0,255,1
50670,0.0051419734954833984,1,1,101,229,101.0,0.0,229.0,0.0,0.0,0.0,388.95571938609913,0.0,0.0,0.0,0.0,255,1
45332,0.002760171890258789,1,1,73,169,73.0,0.0,169.0,0.0,0.0,0.0,724.5925542022976,0.0,0.0,1.0,0.0,255,1
