sport,dur,pkts_fwd,pkts_bwd,bytes_fwd,bytes_bwd,pktlen_fwd_mean,pktlen_fwd_std,pktlen_bwd_mean,pktlen_bwd_std,iat_fwd_mean,iat_fwd_std,pps,payload_entropy_fwd,iat_cv_fwd,small_pkt_ratio_fwd,small_pkt_ratio_bwd,ttl_fwd_first,label
22803,0.07465195655822754,1,1,72,136,72.0,0.0,136.0,0.0,0.0,0.0,26.79099238932909,0.0,0.0,1.0,0.0,255,1
21302,0.006534099578857422,1,1,101,229,101.0,0.0,229.0,0.0,0.0,0.0,306.08655039042543,0.0,0.0,0.0,0.0,255,1
38104,0.003186941146850586,1,1,73,169,73.0,0.0,169.0,0.0,0.0,0.0,627.5610084536545,0.0,0.0,1.0,0.0,255,1
