sport,dur,pkts_fwd,pkts_bwd,bytes_fwd,bytes_bwd,pktlen_fwd_mean,pktlen_fwd_std,pktlen_bwd_mean,pktlen_bwd_std,iat_fwd_mean,iat_fwd_std,pps,payload_entropy_fwd,iat_cv_fwd,small_pkt_ratio_fwd,small_pkt_ratio_bwd,ttl_fwd_first,label
46798,0.002537965774536133,1,1,101,229,101.0,0.0,229.0,0.0,0.0,0.0,788.0326914044152,0.0,0.0,0.0,0.0,255,1
2293,0.013975858688354492,1,1,72,136,72.0,0.0,136.0,0.0,0.0,0.0,143.10390828912128,0.0,0.0,1.0,0.0,255,1
59803,0.002727985382080078,1,1,73,169,73.0,0.0,169.0,0.0,0.0,0.0,733.1417584338402,0.0,0.0,1.0,0.0,255,1
