sport,dur,pkts_fwd,pkts_bwd,bytes_fwd,bytes_bwd,pktlen_fwd_mean,pktlen_fwd_std,pktlen_bwd_mean,pktlen_bwd_std,iat_fwd_mean,iat_fwd_std,pps,payload_entropy_fwd,iat_cv_fwd,small_pkt_ratio_fwd,small_pkt_ratio_bwd,ttl_fwd_first,label
63689,0.003598928451538086,1,1,72,136,72.0,0.0,136.0,0.0,0.0,0.0,555.7209672076847,0.0,0.0,1.0,0.0,255,1
50479,0.003370046615600586,1,1,101,229,101.0,0.0,229.0,0.0,0.0,0.0,593.4636009904492,0.0,0.0,0.0,0.0,255,1
20498,0.003446817398071289,1,1,73,169,73.0,0.0,169.0,0.0,0.0,0.0,580.2454174448364,0.0,0.0,1.0,0.0,255,1
