sport,dur,pkts_fwd,pkts_bwd,bytes_fwd,bytes_bwd,pktlen_fwd_mean,pktlen_fwd_std,pktlen_bwd_mean,pktlen_bwd_std,iat_fwd_mean,iat_fwd_std,pps,payload_entropy_fwd,iat_cv_fwd,small_pkt_ratio_fwd,small_pkt_ratio_bwd,ttl_fwd_first,label
29011,0.07508206367492676,1,1,72,136,72.0,0.0,136.0,0.0,0.0,0.0,26.637520362508216,0.0,0.0,1.0,0.0,255,1
34002,0.0032379627227783203,1,1,101,229,101.0,0.0,229.0,0.0,0.0,0.0,617.6723363522568,0.0,0.0,0.0,0.0,255,1
55621,0.0026061534881591797,1,1,73,169,73.0,0.0,169.0,0.0,0.0,0.0,767.4145091940353,0.0,0.0,1.0,0.0,255,1
