sport,dur,pkts_fwd,pkts_bwd,bytes_fwd,bytes_bwd,pktlen_fwd_mean,pktlen_fwd_std,pktlen_bwd_mean,pktlen_bwd_std,iat_fwd_mean,iat_fwd_std,pps,payload_entropy_fwd,iat_cv_fwd,small_pkt_ratio_fwd,small_pkt_ratio_bwd,ttl_fwd_first,label
33871,0.001981019973754883,1,1,72,136,72.0,0.0,136.0,0.0,0.0,0.0,1009.5809363340956,0.0,0.0,1.0,0.0,255,1
47882,0.0023889541625976562,1,1,101,229,101.0,0.0,229.0,0.0,0.0,0.0,837.1864271457085,0.0,0.0,0.0,0.0,255,1
55570,0.0029180049896240234,1,1,73,169,73.0,0.0,169.0,0.0,0.0,0.0,685.3997875643435,0.0,0.0,1.0,0.0,255,1
