sport,dur,pkts_fwd,pkts_bwd,bytes_fwd,bytes_bwd,pktlen_fwd_mean,pktlen_fwd_std,pktlen_bwd_mean,pktlen_bwd_std,iat_fwd_mean,iat_fwd_std,pps,payload_entropy_fwd,iat_cv_fwd,small_pkt_ratio_fwd,small_pkt_ratio_bwd,ttl_fwd_first,label
24478,0.07373785972595215,1,1,72,136,72.0,0.0,136.0,0.0,0.0,0.0,27.123108908137958,0.0,0.0,1.0,0.0,255,1
51680,0.0009531974792480469,1,1,101,229,101.0,0.0,229.0,0.0,0.0,0.0,2000.0,0.0,0.0,0.0,0.0,255,1
42242,0.007976055145263672,1,1,73,169,73.0,0.0,169.0,0.0,0.0,0.0,250.750523106355,0.0,0.0,1.0,0.0,255,1
