sport,dur,pkts_fwd,pkts_bwd,bytes_fwd,bytes_bwd,pktlen_fwd_mean,pktlen_fwd_std,pktlen_bwd_mean,pktlen_bwd_std,iat_fwd_mean,iat_fwd_std,pps,payload_entropy_fwd,iat_cv_fwd,small_pkt_ratio_fwd,small_pkt_ratio_bwd,ttl_fwd_first,label
49792,0.011173009872436523,1,1,72,136,72.0,0.0,136.0,0.0,0.0,0.0,179.00279538228452,0.0,0.0,1.0,0.0,255,1
38936,0.006194114685058594,1,1,101,229,101.0,0.0,229.0,0.0,0.0,0.0,322.88714395688993,0.0,0.0,0.0,0.0,255,1
23133,0.002696990966796875,1,1,73,169,73.0,0.0,169.0,0.0,0.0,0.0,741.5671852899576,0.0,0.0,1.0,0.0,255,1
