sport,dur,pkts_fwd,pkts_bwd,bytes_fwd,bytes_bwd,pktlen_fwd_mean,pktlen_fwd_std,pktlen_bwd_mean,pktlen_bwd_std,iat_fwd_mean,iat_fwd_std,pps,payload_entropy_fwd,iat_cv_fwd,small_pkt_ratio_fwd,small_pkt_ratio_bwd,ttl_fwd_first,label
6919,0.002377033233642578,1,1,72,136,72.0,0.0,136.0,0.0,0.0,0.0,841.3849548645937,0.0,0.0,1.0,0.0,255,1
63102,0.0027570724487304688,1,1,101,229,101.0,0.0,229.0,0.0,0.0,0.0,725.4071255620893,0.0,0.0,0.0,0.0,255,1
2898,0.0021500587463378906,1,1,73,169,73.0,0.0,169.0,0.0,0.0,0.0,930.2071412730095,0.0,0.0,1.0,0.0,255,1
