sport,dur,pkts_fwd,pkts_bwd,bytes_fwd,bytes_bwd,pktlen_fwd_mean,pktlen_fwd_std,pktlen_bwd_mean,pktlen_bwd_std,iat_fwd_mean,iat_fwd_std,pps,payload_entropy_fwd,iat_cv_fwd,small_pkt_ratio_fwd,small_pkt_ratio_bwd,ttl_fwd_first,label
37832,0.14338898658752441,1,1,72,136,72.0,0.0,136.0,0.0,0.0,0.0,13.948072635126708,0.0,0.0,1.0,0.0,255,1
7866,0.002434968948364258,1,1,101,229,101.0,0.0,229.0,0.0,0.0,0.0,821.3657103691373,0.0,0.0,0.0,0.0,255,1
6014,0.002474069595336914,1,1,73,169,73.0,0.0,169.0,0.0,0.0,0.0,808.3846969258938,0.0,0.0,1.0,0.0,255,1
