sport,dur,pkts_fwd,pkts_bwd,bytes_fwd,bytes_bwd,pktlen_fwd_mean,pktlen_fwd_std,pktlen_bwd_mean,pktlen_bwd_std,iat_fwd_mean,iat_fwd_std,pps,payload_entropy_fwd,iat_cv_fwd,small_pkt_ratio_fwd,small_pkt_ratio_bwd,ttl_fwd_first,label
23441,0.002490997314453125,1,1,72,136,72.0,0.0,136.0,0.0,0.0,0.0,802.8912710566616,0.0,0.0,1.0,0.0,255,1
30711,0.003164052963256836,1,1,101,229,101.0,0.0,229.0,0.0,0.0,0.0,632.1006706352197,0.0,0.0,0.0,0.0,255,1
24395,0.0032160282135009766,1,1,73,169,73.0,0.0,169.0,0.0,0.0,0.0,621.8850915560828,0.0,0.0,1.0,0.0,255,1
