sport,dur,pkts_fwd,pkts_bwd,bytes_fwd,bytes_bwd,pktlen_fwd_mean,pktlen_fwd_std,pktlen_bwd_mean,pktlen_bwd_std,iat_fwd_mean,iat_fwd_std,pps,payload_entropy_fwd,iat_cv_fwd,small_pkt_ratio_fwd,small_pkt_ratio_bwd,ttl_fwd_first,label
10939,0.0022590160369873047,1,1,101,229,101.0,0.0,229.0,0.0,0.0,0.0,885.3412137203167,0.0,0.0,0.0,0.0,255,1
42257,0.04542112350463867,1,1,72,136,72.0,0.0,136.0,0.0,0.0,0.0,44.032376253215055,0.0,0.0,1.0,0.0,255,1
43958,0.002451181411743164,1,1,73,169,73.0,0.0,169.0,0.0,0.0,0.0,815.933080439646,0.0,0.0,1.0,0.0,255,1
