sport,dur,pkts_fwd,pkts_bwd,bytes_fwd,bytes_bwd,pktlen_fwd_mean,pktlen_fwd_std,pktlen_bwd_mean,pktlen_bwd_std,iat_fwd_mean,iat_fwd_std,pps,payload_entropy_fwd,iat_cv_fwd,small_pkt_ratio_fwd,small_pkt_ratio_bwd,ttl_fwd_first,label
23656,0.0030999183654785156,1,1,72,136,72.0,0.0,136.0,0.0,0.0,0.0,645.1782802645747,0.0,0.0,1.0,0.0,255,1
30177,0.002129077911376953,1,1,101,229,101.0,0.0,229.0,0.0,0.0,0.0,939.3737961926092,0.0,0.0,0.0,0.0,255,1
3292,0.014175891876220703,1,1,73,169,73.0,0.0,169.0,0.0,0.0,0.0,141.0845975310303,0.0,0.0,1.0,0.0,255,1
