sport,dur,pkts_fwd,pkts_bwd,bytes_fwd,bytes_bwd,pktlen_fwd_mean,pktlen_fwd_std,pktlen_bwd_mean,pktlen_bwd_std,iat_fwd_mean,iat_fwd_std,pps,payload_entropy_fwd,iat_cv_fwd,small_pkt_ratio_fwd,small_pkt_ratio_bwd,ttl_fwd_first,label
44825,0.0036962032318115234,1,1,101,229,101.0,0.0,229.0,0.0,0.0,0.0,541.095787912017,0.0,0.0,0.0,0.0,255,1
26146,0.0031180381774902344,1,1,72,136,72.0,0.0,136.0,0.0,0.0,0.0,641.4289646734975,0.0,0.0,1.0,0.0,255,1
64598,0.0028939247131347656,1,1,73,169,73.0,0.0,169.0,0.0,0.0,0.0,691.1029823694183,0.0,0.0,1.0,0.0,255,1
