sport,dur,pkts_fwd,pkts_bwd,bytes_fwd,bytes_bwd,pktlen_fwd_mean,pktlen_fwd_std,pktlen_bwd_mean,pktlen_bwd_std,iat_fwd_mean,iat_fwd_std,pps,payload_entropy_fwd,iat_cv_fwd,small_pkt_ratio_fwd,small_pkt_ratio_bwd,ttl_fwd_first,label
49679,0.002249002456665039,1,1,72,136,72.0,0.0,136.0,0.0,0.0,0.0,889.2831548817979,0.0,0.0,1.0,0.0,255,1
14074,0.0024700164794921875,1,1,101,229,101.0,0.0,229.0,0.0,0.0,0.0,809.7111969111969,0.0,0.0,0.0,0.0,255,1
56397,0.002826213836669922,1,1,73,169,73.0,0.0,169.0,0.0,0.0,0.0,707.6605365277543,0.0,0.0,1.0,0.0,255,1
