sport,dur,pkts_fwd,pkts_bwd,bytes_fwd,bytes_bwd,pktlen_fwd_mean,pktlen_fwd_std,pktlen_bwd_mean,pktlen_bwd_std,iat_fwd_mean,iat_fwd_std,pps,payload_entropy_fwd,iat_cv_fwd,small_pkt_ratio_fwd,small_pkt_ratio_bwd,ttl_fwd_first,label
15430,0.0033330917358398438,1,1,101,229,101.0,0.0,229.0,0.0,0.0,0.0,600.0434907010015,0.0,0.0,0.0,0.0,255,1
5071,0.003278970718383789,1,1,72,136,72.0,0.0,136.0,0.0,0.0,0.0,609.9475023631207,0.0,0.0,1.0,0.0,255,1
19226,0.002012968063354492,1,1,73,169,73.0,0.0,169.0,0.0,0.0,0.0,993.5577401397608,0.0,0.0,1.0,0.0,255,1
