sport,dur,pkts_fwd,pkts_bwd,bytes_fwd,bytes_bwd,pktlen_fwd_mean,pktlen_fwd_std,pktlen_bwd_mean,pktlen_bwd_std,iat_fwd_mean,iat_fwd_std,pps,payload_entropy_fwd,iat_cv_fwd,small_pkt_ratio_fwd,small_pkt_ratio_bwd,ttl_fwd_first,label
53212,0.0021240711212158203,1,1,72,136,72.0,0.0,136.0,0.0,0.0,0.0,941.58805702099,0.0,0.0,1.0,0.0,255,1
44207,0.0015110969543457031,1,1,101,229,101.0,0.0,229.0,0.0,0.0,0.0,1323.5418112969392,0.0,0.0,0.0,0.0,255,1
10635,0.0025038719177246094,1,1,73,169,73.0,0.0,169.0,0.0,0.0,0.0,798.762902304323,0.0,0.0,1.0,0.0,255,1
