sport,dur,pkts_fwd,pkts_bwd,bytes_fwd,bytes_bwd,pktlen_fwd_mean,pktlen_fwd_std,pktlen_bwd_mean,pktlen_bwd_std,iat_fwd_mean,iat_fwd_std,pps,payload_entropy_fwd,iat_cv_fwd,small_pkt_ratio_fwd,small_pkt_ratio_bwd,ttl_fwd_first,label
47066,0.0052111148834228516,1,1,72,136,72.0,0.0,136.0,0.0,0.0,0.0,383.7950313400741,0.0,0.0,1.0,0.0,255,1
25134,0.0016450881958007812,1,1,101,229,101.0,0.0,229.0,0.0,0.0,0.0,1215.7402898550724,0.0,0.0,0.0,0.0,255,1
62481,0.002788066864013672,1,1,73,169,73.0,0.0,169.0,0.0,0.0,0.0,717.3429108944758,0.0,0.0,1.0,0.0,255,1
