sport,dur,pkts_fwd,pkts_bwd,bytes_fwd,bytes_bwd,pktlen_fwd_mean,pktlen_fwd_std,pktlen_bwd_mean,pktlen_bwd_std,iat_fwd_mean,iat_fwd_std,pps,payload_entropy_fwd,iat_cv_fwd,small_pkt_ratio_fwd,small_pkt_ratio_bwd,ttl_fwd_first,label
39955,0.022643089294433594,1,1,72,136,72.0,0.0,136.0,0.0,0.0,0.0,88.32717011329655,0.0,0.0,1.0,0.0,255,1
57363,0.030720949172973633,1,1,101,229,101.0,0.0,229.0,0.0,0.0,0.0,65.10215516906862,0.0,0.0,0.0,0.0,255,1
58030,0.002747058868408203,1,1,73,169,73.0,0.0,169.0,0.0,0.0,0.0,728.0513799687554,0.0,0.0,1.0,0.0,255,1
