sport,dur,pkts_fwd,pkts_bwd,bytes_fwd,bytes_bwd,pktlen_fwd_mean,pktlen_fwd_std,pktlen_bwd_mean,pktlen_bwd_std,iat_fwd_mean,iat_fwd_std,pps,payload_entropy_fwd,iat_cv_fwd,small_pkt_ratio_fwd,small_pkt_ratio_bwd,ttl_fwd_first,label
54637,0.0025179386138916016,1,1,72,136,72.0,0.0,136.0,0.0,0.0,0.0,794.3005397216173,0.0,0.0,1.0,0.0,255,1
49465,0.0014660358428955078,1,1,101,229,101.0,0.0,229.0,0.0,0.0,0.0,1364.223125711498,0.0,0.0,0.0,0.0,255,1
13267,0.0033130645751953125,1,1,73,169,73.0,0.0,169.0,0.0,0.0,0.0,603.6706966033391,0.0,0.0,1.0,0.0,255,1
