sport,dur,pkts_fwd,pkts_bwd,bytes_fwd,bytes_bwd,pktlen_fwd_mean,pktlen_fwd_std,pktlen_bwd_mean,pktlen_bwd_std,iat_fwd_mean,iat_fwd_std,pps,payload_entropy_fwd,iat_cv_fwd,small_pkt_ratio_fwd,small_pkt_ratio_bwd,ttl_fwd_first,label
20175,0.009846925735473633,1,1,72,136,72.0,0.0,136.0,0.0,0.0,0.0,203.10907726205176,0.0,0.0,1.0,0.0,255,1
63975,0.0018889904022216797,1,1,101,229,101.0,0.0,229.0,0.0,0.0,0.0,1058.7666288022215,0.0,0.0,0.0,0.0,255,1
37701,0.0020360946655273438,1,1,73,169,73.0,0.0,169.0,0.0,0.0,0.0,982.2725995316159,0.0,0.0,1.0,0.0,255,1
