sport,dur,pkts_fwd,pkts_bwd,bytes_fwd,bytes_bwd,pktlen_fwd_mean,pktlen_fwd_std,pktlen_bwd_mean,pktlen_bwd_std,iat_fwd_mean,iat_fwd_std,pps,payload_entropy_fwd,iat_cv_fwd,small_pkt_ratio_fwd,small_pkt_ratio_bwd,ttl_fwd_first,label
53932,0.0020911693572998047,1,1,101,229,101.0,0.0,229.0,0.0,0.0,0.0,956.4026906852126,0.0,0.0,0.0,0.0,255,1
10347,0.0032439231872558594,1,1,72,136,72.0,0.0,136.0,0.0,0.0,0.0,616.5374099661914,0.0,0.0,1.0,0.0,255,1
28331,0.0020639896392822266,1,1,73,169,73.0,0.0,169.0,0.0,0.0,0.0,968.9971121635671,0.0,0.0,1.0,0.0,255,1
