sport,dur,pkts_fwd,pkts_bwd,bytes_fwd,bytes_bwd,pktlen_fwd_mean,pktlen_fwd_std,pktlen_bwd_mean,pktlen_bwd_std,iat_fwd_mean,iat_fwd_std,pps,payload_entropy_fwd,iat_cv_fwd,small_pkt_ratio_fwd,small_pkt_ratio_bwd,ttl_fwd_first,label
20887,0.0019521713256835938,1,1,72,136,72.0,0.0,136.0,0.0,0.0,0.0,1024.5002442598925,0.0,0.0,1.0,0.0,255,1
60278,0.0024330615997314453,1,1,101,229,101.0,0.0,229.0,0.0,0.0,0.0,822.0096031357178,0.0,0.0,0.0,0.0,255,1
42035,0.0018908977508544922,1,1,73,169,73.0,0.0,169.0,0.0,0.0,0.0,1057.6986508636994,0.0,0.0,1.0,0.0,255,1
