sport,dur,pkts_fwd,pkts_bwd,bytes_fwd,bytes_bwd,pktlen_fwd_mean,pktlen_fwd_std,pktlen_bwd_mean,pktlen_bwd_std,iat_fwd_mean,iat_fwd_std,pps,payload_entropy_fwd,iat_cv_fwd,small_pkt_ratio_fwd,small_pkt_ratio_bwd,ttl_fwd_first,label
51642,0.0014698505401611328,1,1,101,229,101.0,0.0,229.0,0.0,0.0,0.0,1360.6825628548256,0.0,0.0,0.0,0.0,255,1
34635,0.002499818801879883,1,1,72,136,72.0,0.0,136.0,0.0,0.0,0.0,800.0579876013352,0.0,0.0,1.0,0.0,255,1
33437,0.0021009445190429688,1,1,73,169,73.0,0.0,169.0,0.0,0.0,0.0,951.9527916477531,0.0,0.0,1.0,0.0,255,1
