sport,dur,pkts_fwd,pkts_bwd,bytes_fwd,bytes_bwd,pktlen_fwd_mean,pktlen_fwd_std,pktlen_bwd_mean,pktlen_bwd_std,iat_fwd_mean,iat_fwd_std,pps,payload_entropy_fwd,iat_cv_fwd,small_pkt_ratio_fwd,small_pkt_ratio_bwd,ttl_fwd_first,label
10347,0.0024340152740478516,1,1,72,136,72.0,0.0,136.0,0.0,0.0,0.0,821.6875306102459,0.0,0.0,1.0,0.0,255,1
53932,0.00209808349609375,1,1,101,229,101.0,0.0,229.0,0.0,0.0,0.0,953.2509090909091,0.0,0.0,0.0,0.0,255,1
28331,0.002686023712158203,1,1,73,169,73.0,0.0,169.0,0.0,0.0,0.0,744.5950647967335,0.0,0.0,1.0,0.0,255,1
