sport,dur,pkts_fwd,pkts_bwd,bytes_fwd,bytes_bwd,pktlen_fwd_mean,pktlen_fwd_std,pktlen_bwd_mean,pktlen_bwd_std,iat_fwd_mean,iat_fwd_std,pps,payload_entropy_fwd,iat_cv_fwd,small_pkt_ratio_fwd,small_pkt_ratio_bwd,ttl_fwd_first,label
24214,0.0023360252380371094,1,1,72,136,72.0,0.0,136.0,0.0,0.0,0.0,856.1551337007553,0.0,0.0,1.0,0.0,255,1
27045,0.001950979232788086,1,1,101,229,101.0,0.0,229.0,0.0,0.0,0.0,1025.1262373212758,0.0,0.0,0.0,0.0,255,1
15488,0.003200054168701172,1,1,73,169,73.0,0.0,169.0,0.0,0.0,0.0,624.9894203546417,0.0,0.0,1.0,0.0,255,1
