sport,dur,pkts_fwd,pkts_bwd,bytes_fwd,bytes_bwd,pktlen_fwd_mean,pktlen_fwd_std,pktlen_bwd_mean,pktlen_bwd_std,iat_fwd_mean,iat_fwd_std,pps,payload_entropy_fwd,iat_cv_fwd,small_pkt_ratio_fwd,small_pkt_ratio_bwd,ttl_fwd_first,label
40531,0.0860600471496582,2,2,220,432,110.0,0.0,216.0,14.142135623730951,8.511543273925781e-05,0.0,46.47917509322311,0.0,0.0,0.0,0.0,64,1
40321,0.08669900894165039,2,2,144,266,72.0,0.0,133.0,4.242640687119285,0.0007340908050537109,0.0,46.136628882252325,0.0,0.0,1.0,0.0,64,1
40263,0.08817696571350098,2,2,144,266,72.0,0.0,133.0,4.242640687119285,0.00012111663818359375,0.0,45.36332099469772,0.0,0.0,1.0,0.0,64,1
34055,0.09230804443359375,2,2,220,432,110.0,0.0,216.0,14.142135623730951,0.004327058792114258,0.0,43.333168030415735,0.0,0.0,0.0,0.0,64,1
57560,0.08845400810241699,2,2,220,432,110.0,0.0,216.0,14.142135623730951,0.0001270771026611328,0.0,45.22124079859193,0.0,0.0,0.0,0.0,64,1
46964,0.08814501762390137,2,2,144,266,72.0,0.0,133.0,4.242640687119285,4.1961669921875e-05,0.0,45.37976289331822,0.0,0.0,1.0,0.0,64,1
58168,0.08609890937805176,2,2,144,266,72.0,0.0,133.0,4.242640687119285,0.00014591217041015625,0.0,46.45819591554171,0.0,0.0,1.0,0.0,64,1
33931,0.08803296089172363,2,2,220,432,110.0,0.0,216.0,14.142135623730951,9.202957153320312e-05,0.0,45.437526575072376,0.0,0.0,0.0,0.0,64,1
