sport,dur,pkts_fwd,pkts_bwd,bytes_fwd,bytes_bwd,pktlen_fwd_mean,pktlen_fwd_std,pktlen_bwd_mean,pktlen_bwd_std,iat_fwd_mean,iat_fwd_std,pps,payload_entropy_fwd,iat_cv_fwd,small_pkt_ratio_fwd,small_pkt_ratio_bwd,ttl_fwd_first,label
39647,0.006793022155761719,2,2,150,269,75.0,0.0,134.5,6.363961030678928,0.0011620521545410156,0.0,588.8395339042538,0.0,0.0,1.0,0.0,128,1
54475,0.0022101402282714844,2,2,170,476,85.0,0.0,238.0,35.35533905932738,0.00011014938354492188,0.0,1809.839913700108,0.0,0.0,1.0,0.0,128,1
52257,0.00943303108215332,1,1,97,229,97.0,0.0,229.0,0.0,0.0,0.0,212.02092758751422,0.0,0.0,1.0,0.0,128,1
55608,0.002844095230102539,1,1,93,192,93.0,0.0,192.0,0.0,0.0,0.0,703.2113337245369,0.0,0.0,1.0,0.0,128,1
