sport,dur,pkts_fwd,pkts_bwd,bytes_fwd,bytes_bwd,pktlen_fwd_mean,pktlen_fwd_std,pktlen_bwd_mean,pktlen_bwd_std,iat_fwd_mean,iat_fwd_std,pps,payload_entropy_fwd,iat_cv_fwd,small_pkt_ratio_fwd,small_pkt_ratio_bwd,ttl_fwd_first,label
53323,0.042403221130371094,2,2,150,269,75.0,0.0,134.5,6.363961030678928,0.00010919570922851562,0.0,94.3324561995367,0.0,0.0,1.0,0.0,128,1
40035,0.0010929107666015625,2,2,170,476,85.0,0.0,238.0,35.35533905932738,0.00011301040649414062,0.0,3659.951134380454,0.0,0.0,1.0,0.0,128,1
60671,0.01695704460144043,2,2,144,263,72.0,0.0,131.5,6.363961030678928,0.00010895729064941406,0.0,235.89016211352165,0.0,0.0,1.0,0.0,128,1
56381,0.005887031555175781,1,1,97,229,97.0,0.0,229.0,0.0,0.0,0.0,339.7297910254333,0.0,0.0,1.0,0.0,128,1
60719,0.0032629966735839844,1,1,93,192,93.0,0.0,192.0,0.0,0.0,0.0,612.9335086950168,0.0,0.0,1.0,0.0,128,1
