sport,dur,pkts_fwd,pkts_bwd,bytes_fwd,bytes_bwd,pktlen_fwd_mean,pktlen_fwd_std,pktlen_bwd_mean,pktlen_bwd_std,iat_fwd_mean,iat_fwd_std,pps,payload_entropy_fwd,iat_cv_fwd,small_pkt_ratio_fwd,small_pkt_ratio_bwd,ttl_fwd_first,label
57914,0.007102012634277344,2,2,144,263,72.0,0.0,131.5,6.363961030678928,0.000102996826171875,0.0,563.2206257553377,0.0,0.0,1.0,0.0,128,1
43457,0.001889944076538086,2,2,170,476,85.0,0.0,238.0,35.35533905932738,0.000579833984375,0.0,2116.46474075943,0.0,0.0,1.0,0.0,128,1
38723,0.006637096405029297,2,2,152,298,76.0,0.0,149.0,29.698484809834994,0.0001361370086669922,0.0,602.6731805445794,0.0,0.0,1.0,0.0,128,1
36475,0.0077838897705078125,1,1,97,229,97.0,0.0,229.0,0.0,0.0,0.0,256.9409458466062,0.0,0.0,1.0,0.0,128,1
52279,0.005045890808105469,1,1,93,192,93.0,0.0,192.0,0.0,0.0,0.0,396.36212436212435,0.0,0.0,1.0,0.0,128,1
