sport,dur,pkts_fwd,pkts_bwd,bytes_fwd,bytes_bwd,pktlen_fwd_mean,pktlen_fwd_std,pktlen_bwd_mean,pktlen_bwd_std,iat_fwd_mean,iat_fwd_std,pps,payload_entropy_fwd,iat_cv_fwd,small_pkt_ratio_fwd,small_pkt_ratio_bwd,ttl_fwd_first,label
34026,0.00731205940246582,2,2,152,298,76.0,0.0,149.0,29.698484809834994,0.0016810894012451172,0.0,547.0415077113698,0.0,0.0,1.0,0.0,128,1
43019,0.0015110969543457031,2,2,170,476,85.0,0.0,238.0,35.35533905932738,0.00010704994201660156,0.0,2647.0836225938783,0.0,0.0,1.0,0.0,128,1
48960,0.006925821304321289,1,1,97,229,97.0,0.0,229.0,0.0,0.0,0.0,288.774415642535,0.0,0.0,1.0,0.0,128,1
35864,0.006257057189941406,1,1,93,192,93.0,0.0,192.0,0.0,0.0,0.0,319.63907940862674,0.0,0.0,1.0,0.0,128,1
