sport,dur,pkts_fwd,pkts_bwd,bytes_fwd,bytes_bwd,pktlen_fwd_mean,pktlen_fwd_std,pktlen_bwd_mean,pktlen_bwd_std,iat_fwd_mean,iat_fwd_std,pps,payload_entropy_fwd,iat_cv_fwd,small_pkt_ratio_fwd,small_pkt_ratio_bwd,ttl_fwd_first,label
50406,0.006116151809692383,2,2,152,298,76.0,0.0,149.0,29.698484809834994,0.00011301040649414062,0.0,654.0060031965072,0.0,0.0,1.0,0.0,128,1
60092,0.0009889602661132812,2,2,170,476,85.0,0.0,238.0,35.35533905932738,0.00012993812561035156,0.0,4000.0,0.0,0.0,1.0,0.0,128,1
37256,0.005970001220703125,1,1,97,229,97.0,0.0,229.0,0.0,0.0,0.0,335.0083067092652,0.0,0.0,1.0,0.0,128,1
38541,0.007578849792480469,1,1,93,192,93.0,0.0,192.0,0.0,0.0,0.0,263.89228639738263,0.0,0.0,1.0,0.0,128,1
