sport,dur,pkts_fwd,pkts_bwd,bytes_fwd,bytes_bwd,pktlen_fwd_mean,pktlen_fwd_std,pktlen_bwd_mean,pktlen_bwd_std,iat_fwd_mean,iat_fwd_std,pps,payload_entropy_fwd,iat_cv_fwd,small_pkt_ratio_fwd,small_pkt_ratio_bwd,ttl_fwd_first,label
34436,0.006929159164428711,2,2,152,298,76.0,0.0,149.0,29.698484809834994,0.00010609626770019531,0.0,577.2706190001032,0.0,0.0,1.0,0.0,128,1
39568,0.0023539066314697266,2,2,170,476,85.0,0.0,238.0,35.35533905932738,0.0003108978271484375,0.0,1699.3027448597184,0.0,0.0,1.0,0.0,128,1
45165,0.006897926330566406,1,1,97,229,97.0,0.0,229.0,0.0,0.0,0.0,289.94220931840175,0.0,0.0,1.0,0.0,128,1
47953,0.0054931640625,1,1,93,192,93.0,0.0,192.0,0.0,0.0,0.0,364.0888888888889,0.0,0.0,1.0,0.0,128,1
