sport,dur,pkts_fwd,pkts_bwd,bytes_fwd,bytes_bwd,pktlen_fwd_mean,pktlen_fwd_std,pktlen_bwd_mean,pktlen_bwd_std,iat_fwd_mean,iat_fwd_std,pps,payload_entropy_fwd,iat_cv_fwd,small_pkt_ratio_fwd,small_pkt_ratio_bwd,ttl_fwd_first,label
47984,0.016727924346923828,2,2,150,269,75.0,0.0,134.5,6.363961030678928,8.893013000488281e-05,0.0,239.12111969442148,0.0,0.0,1.0,0.0,128,1
47891,0.010264158248901367,2,2,170,476,85.0,0.0,238.0,35.35533905932738,0.00879812240600586,0.0,389.7056049801398,0.0,0.0,1.0,0.0,128,1
36401,0.006551980972290039,1,1,97,229,97.0,0.0,229.0,0.0,0.0,0.0,305.2511917324697,0.0,0.0,1.0,0.0,128,1
57764,0.006030082702636719,1,1,93,192,93.0,0.0,192.0,0.0,0.0,0.0,331.67040961568875,0.0,0.0,1.0,0.0,128,1
