sport,dur,pkts_fwd,pkts_bwd,bytes_fwd,bytes_bwd,pktlen_fwd_mean,pktlen_fwd_std,pktlen_bwd_mean,pktlen_bwd_std,iat_fwd_mean,iat_fwd_std,pps,payload_entropy_fwd,iat_cv_fwd,small_pkt_ratio_fwd,small_pkt_ratio_bwd,ttl_fwd_first,label
40282,0.005873918533325195,2,2,152,298,76.0,0.0,149.0,29.698484809834994,0.00011706352233886719,0.0,680.9764175833096,0.0,0.0,1.0,0.0,128,1
40180,0.002521038055419922,2,2,170,476,85.0,0.0,238.0,35.35533905932738,0.00011706352233886719,0.0,1586.6480045394364,0.0,0.0,1.0,0.0,128,1
52492,0.018401145935058594,2,2,150,269,75.0,0.0,134.5,6.363961030678928,0.00011396408081054688,0.0,217.3777662606893,0.0,0.0,1.0,0.0,128,1
55375,0.00669097900390625,1,1,97,229,97.0,0.0,229.0,0.0,0.0,0.0,298.90992018244015,0.0,0.0,1.0,0.0,128,1
42702,0.0055999755859375,1,1,93,192,93.0,0.0,192.0,0.0,0.0,0.0,357.1444141689373,0.0,0.0,1.0,0.0,128,1
