sport,dur,pkts_fwd,pkts_bwd,bytes_fwd,bytes_bwd,pktlen_fwd_mean,pktlen_fwd_std,pktlen_bwd_mean,pktlen_bwd_std,iat_fwd_mean,iat_fwd_std,pps,payload_entropy_fwd,iat_cv_fwd,small_pkt_ratio_fwd,small_pkt_ratio_bwd,ttl_fwd_first,label
41895,0.013809919357299805,2,2,150,269,75.0,0.0,134.5,6.363961030678928,0.00011110305786132812,0.0,289.64687602506774,0.0,0.0,1.0,0.0,128,1
50139,0.0012390613555908203,2,2,170,476,85.0,0.0,238.0,35.35533905932738,0.0004019737243652344,0.0,3228.2501443140272,0.0,0.0,1.0,0.0,128,1
60094,0.006176948547363281,1,1,97,229,97.0,0.0,229.0,0.0,0.0,0.0,323.78446811795584,0.0,0.0,1.0,0.0,128,1
43165,0.0032241344451904297,1,1,93,192,93.0,0.0,192.0,0.0,0.0,0.0,620.3215262885454,0.0,0.0,1.0,0.0,128,1
