sport,dur,pkts_fwd,pkts_bwd,bytes_fwd,bytes_bwd,pktlen_fwd_mean,pktlen_fwd_std,pktlen_bwd_mean,pktlen_bwd_std,iat_fwd_mean,iat_fwd_std,pps,payload_entropy_fwd,iat_cv_fwd,small_pkt_ratio_fwd,small_pkt_ratio_bwd,ttl_fwd_first,label
45439,0.016029834747314453,2,2,150,269,75.0,0.0,134.5,6.363961030678928,0.00011897087097167969,0.0,249.53469970550614,0.0,0.0,1.0,0.0,128,1
47630,0.002234935760498047,2,2,170,476,85.0,0.0,238.0,35.35533905932738,0.00010704994201660156,0.0,1789.760614465543,0.0,0.0,1.0,0.0,128,1
50990,0.006532907485961914,1,1,97,229,97.0,0.0,229.0,0.0,0.0,0.0,306.1424035619138,0.0,0.0,1.0,0.0,128,1
60752,0.003244161605834961,1,1,93,192,93.0,0.0,192.0,0.0,0.0,0.0,616.4920996545895,0.0,0.0,1.0,0.0,128,1
