sport,dur,pkts_fwd,pkts_bwd,bytes_fwd,bytes_bwd,pktlen_fwd_mean,pktlen_fwd_std,pktlen_bwd_mean,pktlen_bwd_std,iat_fwd_mean,iat_fwd_std,pps,payload_entropy_fwd,iat_cv_fwd,small_pkt_ratio_fwd,small_pkt_ratio_bwd,ttl_fwd_first,label
53353,0.005632162094116211,2,2,152,298,76.0,0.0,149.0,29.698484809834994,0.0001289844512939453,0.0,710.2068323244296,0.0,0.0,1.0,0.0,128,1
36212,0.0015451908111572266,2,2,170,476,85.0,0.0,238.0,35.35533905932738,0.0001289844512939453,0.0,2588.677056009875,0.0,0.0,1.0,0.0,128,1
47223,0.00564885139465332,1,1,97,229,97.0,0.0,229.0,0.0,0.0,0.0,354.05427763474444,0.0,0.0,1.0,0.0,128,1
47453,0.010951995849609375,1,1,93,192,93.0,0.0,192.0,0.0,0.0,0.0,182.6151166840822,0.0,0.0,1.0,0.0,128,1
