sport,dur,pkts_fwd,pkts_bwd,bytes_fwd,bytes_bwd,pktlen_fwd_mean,pktlen_fwd_std,pktlen_bwd_mean,pktlen_bwd_std,iat_fwd_mean,iat_fwd_std,pps,payload_entropy_fwd,iat_cv_fwd,small_pkt_ratio_fwd,small_pkt_ratio_bwd,ttl_fwd_first,label
62372,10.9150550365448,3,3,276,596,92.0,17.320508075688775,198.66666666666666,54.270925303824825,5.450470566749573,4.943860902268013,0.5496994728758896,0.0,0.9070521236144057,0.3333333333333333,0.0,255,1
