sport,dur,pkts_fwd,pkts_bwd,bytes_fwd,bytes_bwd,pktlen_fwd_mean,pktlen_fwd_std,pktlen_bwd_mean,pktlen_bwd_std,iat_fwd_mean,iat_fwd_std,pps,payload_entropy_fwd,iat_cv_fwd,small_pkt_ratio_fwd,small_pkt_ratio_bwd,ttl_fwd_first,label
62372,10.389009952545166,3,3,269,548,89.66666666666667,15.695009822658074,182.66666666666666,47.003545965526186,5.193300485610962,5.892785226785815,0.5775333768479143,0.0,1.134689826462557,0.6666666666666666,0.0,255,1
