sport,dur,pkts_fwd,pkts_bwd,bytes_fwd,bytes_bwd,pktlen_fwd_mean,pktlen_fwd_std,pktlen_bwd_mean,pktlen_bwd_std,iat_fwd_mean,iat_fwd_std,pps,payload_entropy_fwd,iat_cv_fwd,small_pkt_ratio_fwd,small_pkt_ratio_bwd,ttl_fwd_first,label
62372,0.006821870803833008,1,1,102,230,102.0,0.0,230.0,0.0,0.0,0.0,293.1747107957921,0.0,0.0,0.0,0.0,255,1
62372,10.034344911575317,2,2,167,318,83.5,16.263455967290593,159.0,32.526911934581186,10.031996965408325,0.0,0.39863090567932546,0.0,0.0,1.0,0.0,255,1
