sport,dur,pkts_fwd,pkts_bwd,bytes_fwd,bytes_bwd,pktlen_fwd_mean,pktlen_fwd_std,pktlen_bwd_mean,pktlen_bwd_std,iat_fwd_mean,iat_fwd_std,pps,payload_entropy_fwd,iat_cv_fwd,small_pkt_ratio_fwd,small_pkt_ratio_bwd,ttl_fwd_first,label
62372,1.0205888748168945,3,3,246,502,82.0,17.320508075688775,167.33333333333334,54.27092530382482,0.5072574615478516,0.7172149441586123,5.878958852139624,0.0,1.413907134988402,0.6666666666666666,0.0,255,1
