sport,dur,pkts_fwd,pkts_bwd,bytes_fwd,bytes_bwd,pktlen_fwd_mean,pktlen_fwd_std,pktlen_bwd_mean,pktlen_bwd_std,iat_fwd_mean,iat_fwd_std,pps,payload_entropy_fwd,iat_cv_fwd,small_pkt_ratio_fwd,small_pkt_ratio_bwd,ttl_fwd_first,label
62372,2.0637781620025635,3,3,216,408,72.0,0.0,136.0,0.0,1.030595064163208,1.3758599302281815,2.9072892186134816,0.0,1.3350150588440004,1.0,0.0,255,1
62372,0.004767894744873047,1,1,102,230,102.0,0.0,230.0,0.0,0.0,0.0,419.4723472347235,0.0,0.0,0.0,0.0,255,1
