sport,dur,pkts_fwd,pkts_bwd,bytes_fwd,bytes_bwd,pktlen_fwd_mean,pktlen_fwd_std,pktlen_bwd_mean,pktlen_bwd_std,iat_fwd_mean,iat_fwd_std,pps,payload_entropy_fwd,iat_cv_fwd,small_pkt_ratio_fwd,small_pkt_ratio_bwd,ttl_fwd_first,label
62372,0.02230095863342285,3,3,246,502,82.0,17.320508075688775,167.33333333333334,54.27092530382482,0.008034467697143555,0.011228257618090258,269.0467301709484,0.0,1.3975110786844251,0.6666666666666666,0.0,255,1
