sport,dur,pkts_fwd,pkts_bwd,bytes_fwd,bytes_bwd,pktlen_fwd_mean,pktlen_fwd_std,pktlen_bwd_mean,pktlen_bwd_std,iat_fwd_mean,iat_fwd_std,pps,payload_entropy_fwd,iat_cv_fwd,small_pkt_ratio_fwd,small_pkt_ratio_bwd,ttl_fwd_first,label
52635,1.0430858135223389,3,3,246,502,82.0,17.320508075688775,167.33333333333334,54.27092530382482,0.518796443939209,0.7194507501784182,5.752163362033399,0.0,1.3867688543037147,0.6666666666666666,0.0,255,1
