sport,dur,pkts_fwd,pkts_bwd,bytes_fwd,bytes_bwd,pktlen_fwd_mean,pktlen_fwd_std,pktlen_bwd_mean,pktlen_bwd_std,iat_fwd_mean,iat_fwd_std,pps,payload_entropy_fwd,iat_cv_fwd,small_pkt_ratio_fwd,small_pkt_ratio_bwd,ttl_fwd_first,label
52635,1.0397160053253174,3,3,246,502,82.0,17.320508075688775,167.33333333333334,54.27092530382482,0.5166264772415161,0.7165741434738526,5.770806613795136,0.0,1.3870255881966027,0.6666666666666666,0.0,255,1
