sport,dur,pkts_fwd,pkts_bwd,bytes_fwd,bytes_bwd,pktlen_fwd_mean,pktlen_fwd_std,pktlen_bwd_mean,pktlen_bwd_std,iat_fwd_mean,iat_fwd_std,pps,payload_entropy_fwd,iat_cv_fwd,small_pkt_ratio_fwd,small_pkt_ratio_bwd,ttl_fwd_first,label
62372,2.094933032989502,3,3,216,408,72.0,0.0,136.0,0.0,1.0464880466461182,1.4006115942468713,2.864053363766911,0.0,1.3383923483270364,1.0,0.0,255,1
62372,0.006103992462158203,1,1,102,230,102.0,0.0,230.0,0.0,0.0,0.0,327.65440199984374,0.0,0.0,0.0,0.0,255,1
