sport,dur,pkts_fwd,pkts_bwd,bytes_fwd,bytes_bwd,pktlen_fwd_mean,pktlen_fwd_std,pktlen_bwd_mean,pktlen_bwd_std,iat_fwd_mean,iat_fwd_std,pps,payload_entropy_fwd,iat_cv_fwd,small_pkt_ratio_fwd,small_pkt_ratio_bwd,ttl_fwd_first,label
62372,0.006925106048583984,1,1,102,230,102.0,0.0,230.0,0.0,0.0,0.0,288.80424154788955,0.0,0.0,0.0,0.0,255,1
62372,9.992442846298218,2,2,167,318,83.5,16.263455967290593,159.0,32.526911934581186,9.990071773529053,0.0,0.4003025147631275,0.0,0.0,1.0,0.0,255,1
