sport,dur,pkts_fwd,pkts_bwd,bytes_fwd,bytes_bwd,pktlen_fwd_mean,pktlen_fwd_std,pktlen_bwd_mean,pktlen_bwd_std,iat_fwd_mean,iat_fwd_std,pps,payload_entropy_fwd,iat_cv_fwd,small_pkt_ratio_fwd,small_pkt_ratio_bwd,ttl_fwd_first,label
27279,0.0021181106567382812,1,1,74,90,74.0,0.0,90.0,0.0,0.0,0.0,944.2377307519135,0.0,0.0,1.0,1.0,255,1
65073,0.0014050006866455078,1,1,78,158,78.0,0.0,158.0,0.0,0.0,0.0,1423.4868488036655,0.0,0.0,1.0,0.0,255,1
20256,0.006601095199584961,1,1,105,233,105.0,0.0,233.0,0.0,0.0,0.0,302.980026727345,0.0,0.0,0.0,0.0,255,1
62032,0.0022389888763427734,1,1,74,90,74.0,0.0,90.0,0.0,0.0,0.0,893.2603556596741,0.0,0.0,1.0,1.0,255,1
55394,0.0026891231536865234,1,1,86,124,86.0,0.0,124.0,0.0,0.0,0.0,743.7368561042646,0.0,0.0,1.0,0.0,255,1
35045,0.0032639503479003906,1,1,78,158,78.0,0.0,158.0,0.0,0.0,0.0,612.754419284149,0.0,0.0,1.0,0.0,255,1
