sport,dur,pkts_fwd,pkts_bwd,bytes_fwd,bytes_bwd,pktlen_fwd_mean,pktlen_fwd_std,pktlen_bwd_mean,pktlen_bwd_std,iat_fwd_mean,iat_fwd_std,pps,payload_entropy_fwd,iat_cv_fwd,small_pkt_ratio_fwd,small_pkt_ratio_bwd,ttl_fwd_first,label
8325,0.002418994903564453,1,1,74,90,74.0,0.0,90.0,0.0,0.0,0.0,826.7896708062291,0.0,0.0,1.0,1.0,255,1
59091,0.0026581287384033203,1,1,78,158,78.0,0.0,158.0,0.0,0.0,0.0,752.4090052919545,0.0,0.0,1.0,0.0,255,1
2458,0.006579875946044922,1,1,105,233,105.0,0.0,233.0,0.0,0.0,0.0,303.9570983404595,0.0,0.0,0.0,0.0,255,1
46321,0.003256082534790039,1,1,86,124,86.0,0.0,124.0,0.0,0.0,0.0,614.2350442996266,0.0,0.0,1.0,0.0,255,1
29303,0.005335807800292969,1,1,78,158,78.0,0.0,158.0,0.0,0.0,0.0,374.8260947274352,0.0,0.0,1.0,0.0,255,1
