sport,dur,pkts_fwd,pkts_bwd,bytes_fwd,bytes_bwd,pktlen_fwd_mean,pktlen_fwd_std,pktlen_bwd_mean,pktlen_bwd_std,iat_fwd_mean,iat_fwd_std,pps,payload_entropy_fwd,iat_cv_fwd,small_pkt_ratio_fwd,small_pkt_ratio_bwd,ttl_fwd_first,label
52244,0.005015134811401367,1,1,74,90,74.0,0.0,90.0,0.0,0.0,0.0,398.7928690278108,0.0,0.0,1.0,1.0,255,1
27972,0.6956977844238281,2,2,156,316,78.0,0.0,158.0,0.0,0.6947569847106934,0.0,5.74962302533818,0.0,0.0,1.0,0.0,255,1
24598,0.006735086441040039,1,1,105,233,105.0,0.0,233.0,0.0,0.0,0.0,296.95238769513963,0.0,0.0,0.0,0.0,255,1
64657,0.0017001628875732422,1,1,86,124,86.0,0.0,124.0,0.0,0.0,0.0,1176.3578740709577,0.0,0.0,1.0,0.0,255,1
63500,0.0014529228210449219,1,1,78,158,78.0,0.0,158.0,0.0,0.0,0.0,1376.5356087955365,0.0,0.0,1.0,0.0,255,1
