sport,dur,pkts_fwd,pkts_bwd,bytes_fwd,bytes_bwd,pktlen_fwd_mean,pktlen_fwd_std,pktlen_bwd_mean,pktlen_bwd_std,iat_fwd_mean,iat_fwd_std,pps,payload_entropy_fwd,iat_cv_fwd,small_pkt_ratio_fwd,small_pkt_ratio_bwd,ttl_fwd_first,label
52091,0.004871845245361328,1,1,74,90,74.0,0.0,90.0,0.0,0.0,0.0,410.5220710580405,0.0,0.0,1.0,1.0,255,1
36723,0.004827976226806641,1,1,78,158,78.0,0.0,158.0,0.0,0.0,0.0,414.2522469135802,0.0,0.0,1.0,0.0,255,1
23553,0.006620168685913086,1,1,105,233,105.0,0.0,233.0,0.0,0.0,0.0,302.10710555695607,0.0,0.0,0.0,0.0,255,1
42232,0.00109100341796875,1,1,74,90,74.0,0.0,90.0,0.0,0.0,0.0,1833.1748251748252,0.0,0.0,1.0,1.0,255,1
64474,0.002259969711303711,1,1,86,124,86.0,0.0,124.0,0.0,0.0,0.0,884.9676126173647,0.0,0.0,1.0,0.0,255,1
19098,0.0012848377227783203,1,1,78,158,78.0,0.0,158.0,0.0,0.0,0.0,1556.6168120244943,0.0,0.0,1.0,0.0,255,1
