sport,dur,pkts_fwd,pkts_bwd,bytes_fwd,bytes_bwd,pktlen_fwd_mean,pktlen_fwd_std,pktlen_bwd_mean,pktlen_bwd_std,iat_fwd_mean,iat_fwd_std,pps,payload_entropy_fwd,iat_cv_fwd,small_pkt_ratio_fwd,small_pkt_ratio_bwd,ttl_fwd_first,label
20666,0.002260923385620117,1,1,74,90,74.0,0.0,90.0,0.0,0.0,0.0,884.5943266898661,0.0,0.0,1.0,1.0,255,1
14883,0.0014219284057617188,1,1,78,158,78.0,0.0,158.0,0.0,0.0,0.0,1406.540576794098,0.0,0.0,1.0,0.0,255,1
5094,0.027174949645996094,1,1,105,233,105.0,0.0,233.0,0.0,0.0,0.0,73.59719248991051,0.0,0.0,0.0,0.0,255,1
19628,0.001461029052734375,1,1,86,124,86.0,0.0,124.0,0.0,0.0,0.0,1368.8981723237598,0.0,0.0,1.0,0.0,255,1
2994,0.0020329952239990234,1,1,78,158,78.0,0.0,158.0,0.0,0.0,0.0,983.770141902193,0.0,0.0,1.0,0.0,255,1
