sport,dur,pkts_fwd,pkts_bwd,bytes_fwd,bytes_bwd,pktlen_fwd_mean,pktlen_fwd_std,pktlen_bwd_mean,pktlen_bwd_std,iat_fwd_mean,iat_fwd_std,pps,payload_entropy_fwd,iat_cv_fwd,small_pkt_ratio_fwd,small_pkt_ratio_bwd,ttl_fwd_first,label
64917,0.0009288787841796875,1,1,74,90,74.0,0.0,90.0,0.0,0.0,0.0,2000.0,0.0,0.0,1.0,1.0,255,1
12618,0.0014221668243408203,1,1,78,158,78.0,0.0,158.0,0.0,0.0,0.0,1406.3047778709138,0.0,0.0,1.0,0.0,255,1
34472,0.00630497932434082,1,1,105,233,105.0,0.0,233.0,0.0,0.0,0.0,317.2096048402345,0.0,0.0,0.0,0.0,255,1
63660,0.0028679370880126953,1,1,86,124,86.0,0.0,124.0,0.0,0.0,0.0,697.3653670296783,0.0,0.0,1.0,0.0,255,1
40643,0.005073070526123047,1,1,78,158,78.0,0.0,158.0,0.0,0.0,0.0,394.23855625528716,0.0,0.0,1.0,0.0,255,1
