sport,dur,pkts_fwd,pkts_bwd,bytes_fwd,bytes_bwd,pktlen_fwd_mean,pktlen_fwd_std,pktlen_bwd_mean,pktlen_bwd_std,iat_fwd_mean,iat_fwd_std,pps,payload_entropy_fwd,iat_cv_fwd,small_pkt_ratio_fwd,small_pkt_ratio_bwd,ttl_fwd_first,label
17747,0.001399993896484375,1,1,74,90,74.0,0.0,90.0,0.0,0.0,0.0,1428.5776566757493,0.0,0.0,1.0,1.0,255,1
52053,0.001981973648071289,1,1,78,158,78.0,0.0,158.0,0.0,0.0,0.0,1009.095152171298,0.0,0.0,1.0,0.0,255,1
32834,0.0058438777923583984,1,1,105,233,105.0,0.0,233.0,0.0,0.0,0.0,342.23850516094814,0.0,0.0,0.0,0.0,255,1
48792,0.0010311603546142578,1,1,86,124,86.0,0.0,124.0,0.0,0.0,0.0,1939.562543352601,0.0,0.0,1.0,0.0,255,1
56176,0.002404928207397461,1,1,78,158,78.0,0.0,158.0,0.0,0.0,0.0,831.6256567859622,0.0,0.0,1.0,0.0,255,1
