sport,dur,pkts_fwd,pkts_bwd,bytes_fwd,bytes_bwd,pktlen_fwd_mean,pktlen_fwd_std,pktlen_bwd_mean,pktlen_bwd_std,iat_fwd_mean,iat_fwd_std,pps,payload_entropy_fwd,iat_cv_fwd,small_pkt_ratio_fwd,small_pkt_ratio_bwd,ttl_fwd_first,label
45184,0.001435995101928711,1,1,74,90,74.0,0.0,90.0,0.0,0.0,0.0,1392.762410758758,0.0,0.0,1.0,1.0,255,1
38311,0.002177000045776367,1,1,78,158,78.0,0.0,158.0,0.0,0.0,0.0,918.6954331398532,0.0,0.0,1.0,0.0,255,1
43145,0.006300926208496094,1,1,105,233,105.0,0.0,233.0,0.0,0.0,0.0,317.4136521870743,0.0,0.0,0.0,0.0,255,1
36305,0.0022230148315429688,1,1,74,90,74.0,0.0,90.0,0.0,0.0,0.0,899.6791076791077,0.0,0.0,1.0,1.0,255,1
40159,0.002238035202026367,1,1,86,124,86.0,0.0,124.0,0.0,0.0,0.0,893.6409928624694,0.0,0.0,1.0,0.0,255,1
5969,0.002001047134399414,1,1,78,158,78.0,0.0,158.0,0.0,0.0,0.0,999.476706779459,0.0,0.0,1.0,0.0,255,1
