sport,dur,pkts_fwd,pkts_bwd,bytes_fwd,bytes_bwd,pktlen_fwd_mean,pktlen_fwd_std,pktlen_bwd_mean,pktlen_bwd_std,iat_fwd_mean,iat_fwd_std,pps,payload_entropy_fwd,iat_cv_fwd,small_pkt_ratio_fwd,small_pkt_ratio_bwd,ttl_fwd_first,label
49347,0.0020530223846435547,1,1,74,90,74.0,0.0,90.0,0.0,0.0,0.0,974.1734990128905,0.0,0.0,1.0,1.0,255,1
53660,0.0024518966674804688,1,1,78,158,78.0,0.0,158.0,0.0,0.0,0.0,815.6950602878258,0.0,0.0,1.0,0.0,255,1
22122,0.006971120834350586,1,1,105,233,105.0,0.0,233.0,0.0,0.0,0.0,286.8979103252505,0.0,0.0,0.0,0.0,255,1
10690,0.002110004425048828,1,1,86,124,86.0,0.0,124.0,0.0,0.0,0.0,947.8653107344633,0.0,0.0,1.0,0.0,255,1
61073,0.002177000045776367,1,1,78,158,78.0,0.0,158.0,0.0,0.0,0.0,918.6954331398532,0.0,0.0,1.0,0.0,255,1
