sport,dur,pkts_fwd,pkts_bwd,bytes_fwd,bytes_bwd,pktlen_fwd_mean,pktlen_fwd_std,pktlen_bwd_mean,pktlen_bwd_std,iat_fwd_mean,iat_fwd_std,pps,payload_entropy_fwd,iat_cv_fwd,small_pkt_ratio_fwd,small_pkt_ratio_bwd,ttl_fwd_first,label
58784,0.0009579658508300781,1,1,74,90,74.0,0.0,90.0,0.0,0.0,0.0,2000.0,0.0,0.0,1.0,1.0,255,1
2446,0.0021369457244873047,1,1,78,158,78.0,0.0,158.0,0.0,0.0,0.0,935.9152069619547,0.0,0.0,1.0,0.0,255,1
53945,0.005235910415649414,1,1,105,233,105.0,0.0,233.0,0.0,0.0,0.0,381.97750557807024,0.0,0.0,0.0,0.0,255,1
26937,0.0015110969543457031,1,1,86,124,86.0,0.0,124.0,0.0,0.0,0.0,1323.5418112969392,0.0,0.0,1.0,0.0,255,1
9828,0.0022339820861816406,1,1,78,158,78.0,0.0,158.0,0.0,0.0,0.0,895.2623265741729,0.0,0.0,1.0,0.0,255,1
