sport,dur,pkts_fwd,pkts_bwd,bytes_fwd,bytes_bwd,pktlen_fwd_mean,pktlen_fwd_std,pktlen_bwd_mean,pktlen_bwd_std,iat_fwd_mean,iat_fwd_std,pps,payload_entropy_fwd,iat_cv_fwd,small_pkt_ratio_fwd,small_pkt_ratio_bwd,ttl_fwd_first,label
43120,0.0021610260009765625,1,1,74,90,74.0,0.0,90.0,0.0,0.0,0.0,925.486319505737,0.0,0.0,1.0,1.0,255,1
52314,0.8640820980072021,2,2,156,316,78.0,0.0,158.0,0.0,0.8615469932556152,0.0,4.629189760122377,0.0,0.0,1.0,0.0,255,1
1422,0.005743980407714844,1,1,105,233,105.0,0.0,233.0,0.0,0.0,0.0,348.1906026896895,0.0,0.0,0.0,0.0,255,1
22091,0.0021278858184814453,1,1,74,90,74.0,0.0,90.0,0.0,0.0,0.0,939.900056022409,0.0,0.0,1.0,1.0,255,1
28801,0.002191781997680664,1,1,86,124,86.0,0.0,124.0,0.0,0.0,0.0,912.4995104971174,0.0,0.0,1.0,0.0,255,1
21458,0.003316164016723633,1,1,78,158,78.0,0.0,158.0,0.0,0.0,0.0,603.1064778201164,0.0,0.0,1.0,0.0,255,1
