sport,dur,pkts_fwd,pkts_bwd,bytes_fwd,bytes_bwd,pktlen_fwd_mean,pktlen_fwd_std,pktlen_bwd_mean,pktlen_bwd_std,iat_fwd_mean,iat_fwd_std,pps,payload_entropy_fwd,iat_cv_fwd,small_pkt_ratio_fwd,small_pkt_ratio_bwd,ttl_fwd_first,label
25323,0.0009300708770751953,1,1,74,90,74.0,0.0,90.0,0.0,0.0,0.0,2000.0,0.0,0.0,1.0,1.0,255,1
61201,0.0023660659790039062,1,1,78,158,78.0,0.0,158.0,0.0,0.0,0.0,845.2849657396212,0.0,0.0,1.0,0.0,255,1
27695,0.004909038543701172,1,1,105,233,105.0,0.0,233.0,0.0,0.0,0.0,407.4117532782904,0.0,0.0,0.0,0.0,255,1
51507,0.002505064010620117,1,1,86,124,86.0,0.0,124.0,0.0,0.0,0.0,798.3827924240982,0.0,0.0,1.0,0.0,255,1
25214,0.002655029296875,1,1,78,158,78.0,0.0,158.0,0.0,0.0,0.0,753.2873563218391,0.0,0.0,1.0,0.0,255,1
