sport,dur,pkts_fwd,pkts_bwd,bytes_fwd,bytes_bwd,pktlen_fwd_mean,pktlen_fwd_std,pktlen_bwd_mean,pktlen_bwd_std,iat_fwd_mean,iat_fwd_std,pps,payload_entropy_fwd,iat_cv_fwd,small_pkt_ratio_fwd,small_pkt_ratio_bwd,ttl_fwd_first,label
31610,0.0009250640869140625,1,1,74,90,74.0,0.0,90.0,0.0,0.0,0.0,2000.0,0.0,0.0,1.0,1.0,255,1
58138,0.0014529228210449219,1,1,78,158,78.0,0.0,158.0,0.0,0.0,0.0,1376.5356087955365,0.0,0.0,1.0,0.0,255,1
37909,0.005312919616699219,1,1,105,233,105.0,0.0,233.0,0.0,0.0,0.0,376.44085442469935,0.0,0.0,0.0,0.0,255,1
22934,0.0021181106567382812,1,1,86,124,86.0,0.0,124.0,0.0,0.0,0.0,944.2377307519135,0.0,0.0,1.0,0.0,255,1
44050,0.0020508766174316406,1,1,78,158,78.0,0.0,158.0,0.0,0.0,0.0,975.1927458730528,0.0,0.0,1.0,0.0,255,1
