sport,dur,pkts_fwd,pkts_bwd,bytes_fwd,bytes_bwd,pktlen_fwd_mean,pktlen_fwd_std,pktlen_bwd_mean,pktlen_bwd_std,iat_fwd_mean,iat_fwd_std,pps,payload_entropy_fwd,iat_cv_fwd,small_pkt_ratio_fwd,small_pkt_ratio_bwd,ttl_fwd_first,label
13342,0.003459930419921875,1,1,74,90,74.0,0.0,90.0,0.0,0.0,0.0,578.0463065049614,0.0,0.0,1.0,1.0,255,1
43069,0.002377033233642578,1,1,78,158,78.0,0.0,158.0,0.0,0.0,0.0,841.3849548645937,0.0,0.0,1.0,0.0,255,1
56477,0.0025429725646972656,1,1,105,233,105.0,0.0,233.0,0.0,0.0,0.0,786.481155072192,0.0,0.0,0.0,0.0,255,1
52858,0.0021321773529052734,1,1,86,124,86.0,0.0,124.0,0.0,0.0,0.0,938.0082746282009,0.0,0.0,1.0,0.0,255,1
18138,0.002413034439086914,1,1,78,158,78.0,0.0,158.0,0.0,0.0,0.0,828.8319336033989,0.0,0.0,1.0,0.0,255,1
