sport,dur,pkts_fwd,pkts_bwd,bytes_fwd,bytes_bwd,pktlen_fwd_mean,pktlen_fwd_std,pktlen_bwd_mean,pktlen_bwd_std,iat_fwd_mean,iat_fwd_std,pps,payload_entropy_fwd,iat_cv_fwd,small_pkt_ratio_fwd,small_pkt_ratio_bwd,ttl_fwd_first,label
36065,0.0014410018920898438,1,1,74,90,74.0,0.0,90.0,0.0,0.0,0.0,1387.923229649239,0.0,0.0,1.0,1.0,255,1
57449,0.002582073211669922,1,1,78,158,78.0,0.0,158.0,0.0,0.0,0.0,774.5713758079409,0.0,0.0,1.0,0.0,255,1
58698,0.005491018295288086,1,1,105,233,105.0,0.0,233.0,0.0,0.0,0.0,364.23116668837656,0.0,0.0,0.0,0.0,255,1
12635,0.002079010009765625,1,1,74,90,74.0,0.0,90.0,0.0,0.0,0.0,961.9963302752294,0.0,0.0,1.0,1.0,255,1
53804,0.001466989517211914,1,1,86,124,86.0,0.0,124.0,0.0,0.0,0.0,1363.3362587355762,0.0,0.0,1.0,0.0,255,1
10129,0.0009930133819580078,1,1,78,158,78.0,0.0,158.0,0.0,0.0,0.0,2000.0,0.0,0.0,1.0,0.0,255,1
