sport,dur,pkts_fwd,pkts_bwd,bytes_fwd,bytes_bwd,pktlen_fwd_mean,pktlen_fwd_std,pktlen_bwd_mean,pktlen_bwd_std,iat_fwd_mean,iat_fwd_std,pps,payload_entropy_fwd,iat_cv_fwd,small_pkt_ratio_fwd,small_pkt_ratio_bwd,ttl_fwd_first,label
35260,0.0021500587463378906,1,1,74,90,74.0,0.0,90.0,0.0,0.0,0.0,930.2071412730095,0.0,0.0,1.0,1.0,255,1
52906,0.0021200180053710938,1,1,78,158,78.0,0.0,158.0,0.0,0.0,0.0,943.3882141250563,0.0,0.0,1.0,0.0,255,1
39350,0.005366086959838867,1,1,105,233,105.0,0.0,233.0,0.0,0.0,0.0,372.7110676678367,0.0,0.0,0.0,0.0,255,1
29223,0.0033500194549560547,1,1,74,90,74.0,0.0,90.0,0.0,0.0,0.0,597.0114582591987,0.0,0.0,1.0,1.0,255,1
30550,0.006214141845703125,1,1,86,124,86.0,0.0,124.0,0.0,0.0,0.0,321.8465316144874,0.0,0.0,1.0,0.0,255,1
49184,0.0021970272064208984,1,1,78,158,78.0,0.0,158.0,0.0,0.0,0.0,910.3209983722193,0.0,0.0,1.0,0.0,255,1
