sport,dur,pkts_fwd,pkts_bwd,bytes_fwd,bytes_bwd,pktlen_fwd_mean,pktlen_fwd_std,pktlen_bwd_mean,pktlen_bwd_std,iat_fwd_mean,iat_fwd_std,pps,payload_entropy_fwd,iat_cv_fwd,small_pkt_ratio_fwd,small_pkt_ratio_bwd,ttl_fwd_first,label
63920,0.0009441375732421875,1,1,74,90,74.0,0.0,90.0,0.0,0.0,0.0,2000.0,0.0,0.0,1.0,1.0,255,1
26846,0.0015838146209716797,1,1,78,158,78.0,0.0,158.0,0.0,0.0,0.0,1262.7740478699384,0.0,0.0,1.0,0.0,255,1
62343,0.006326913833618164,1,1,105,233,105.0,0.0,233.0,0.0,0.0,0.0,316.1098843124694,0.0,0.0,0.0,0.0,255,1
32762,0.0024788379669189453,1,1,86,124,86.0,0.0,124.0,0.0,0.0,0.0,806.8296624026161,0.0,0.0,1.0,0.0,255,1
63631,0.003506898880004883,1,1,78,158,78.0,0.0,158.0,0.0,0.0,0.0,570.3044394588347,0.0,0.0,1.0,0.0,255,1
