sport,dur,pkts_fwd,pkts_bwd,bytes_fwd,bytes_bwd,pktlen_fwd_mean,pktlen_fwd_std,pktlen_bwd_mean,pktlen_bwd_std,iat_fwd_mean,iat_fwd_std,pps,payload_entropy_fwd,iat_cv_fwd,small_pkt_ratio_fwd,small_pkt_ratio_bwd,ttl_fwd_first,label
38808,0.0013360977172851562,1,1,74,90,74.0,0.0,90.0,0.0,0.0,0.0,1496.8965024982156,0.0,0.0,1.0,1.0,255,1
13433,0.002719879150390625,1,1,78,158,78.0,0.0,158.0,0.0,0.0,0.0,735.3267882187938,0.0,0.0,1.0,0.0,255,1
26379,0.013325929641723633,1,1,105,233,105.0,0.0,233.0,0.0,0.0,0.0,150.08333780616536,0.0,0.0,0.0,0.0,255,1
24888,0.0017139911651611328,1,1,86,124,86.0,0.0,124.0,0.0,0.0,0.0,1166.8671581582973,0.0,0.0,1.0,0.0,255,1
56427,0.0022170543670654297,1,1,78,158,78.0,0.0,158.0,0.0,0.0,0.0,902.0978599849446,0.0,0.0,1.0,0.0,255,1
