sport,dur,pkts_fwd,pkts_bwd,bytes_fwd,bytes_bwd,pktlen_fwd_mean,pktlen_fwd_std,pktlen_bwd_mean,pktlen_bwd_std,iat_fwd_mean,iat_fwd_std,pps,payload_entropy_fwd,iat_cv_fwd,small_pkt_ratio_fwd,small_pkt_ratio_bwd,ttl_fwd_first,label
8627,0.0009729862213134766,1,1,74,90,74.0,0.0,90.0,0.0,0.0,0.0,2000.0,0.0,0.0,1.0,1.0,255,1
23272,0.002574920654296875,1,1,78,158,78.0,0.0,158.0,0.0,0.0,0.0,776.7229629629629,0.0,0.0,1.0,0.0,255,1
40068,0.0062940120697021484,1,1,105,233,105.0,0.0,233.0,0.0,0.0,0.0,317.7623394825562,0.0,0.0,0.0,0.0,255,1
62256,0.0021719932556152344,1,1,86,124,86.0,0.0,124.0,0.0,0.0,0.0,920.81317233809,0.0,0.0,1.0,0.0,255,1
2123,0.002485036849975586,1,1,78,158,78.0,0.0,158.0,0.0,0.0,0.0,804.817039240142,0.0,0.0,1.0,0.0,255,1
