sport,dur,pkts_fwd,pkts_bwd,bytes_fwd,bytes_bwd,pktlen_fwd_mean,pktlen_fwd_std,pktlen_bwd_mean,pktlen_bwd_std,iat_fwd_mean,iat_fwd_std,pps,payload_entropy_fwd,iat_cv_fwd,small_pkt_ratio_fwd,small_pkt_ratio_bwd,ttl_fwd_first,label
35549,0.0014200210571289062,1,1,74,90,74.0,0.0,90.0,0.0,0.0,0.0,1408.4298186702486,0.0,0.0,1.0,1.0,255,1
44877,0.0014319419860839844,1,1,78,158,78.0,0.0,158.0,0.0,0.0,0.0,1396.7046287046287,0.0,0.0,1.0,0.0,255,1
58990,0.006153106689453125,1,1,105,233,105.0,0.0,233.0,0.0,0.0,0.0,325.0390576565406,0.0,0.0,0.0,0.0,255,1
47213,0.002206087112426758,1,1,74,90,74.0,0.0,90.0,0.0,0.0,0.0,906.5825137793148,0.0,0.0,1.0,1.0,255,1
37730,0.002441883087158203,1,1,86,124,86.0,0.0,124.0,0.0,0.0,0.0,819.0400312438977,0.0,0.0,1.0,0.0,255,1
51472,0.0021638870239257812,1,1,78,158,78.0,0.0,158.0,0.0,0.0,0.0,924.2626707800794,0.0,0.0,1.0,0.0,255,1
