sport,dur,pkts_fwd,pkts_bwd,bytes_fwd,bytes_bwd,pktlen_fwd_mean,pktlen_fwd_std,pktlen_bwd_mean,pktlen_bwd_std,iat_fwd_mean,iat_fwd_std,pps,payload_entropy_fwd,iat_cv_fwd,small_pkt_ratio_fwd,small_pkt_ratio_bwd,ttl_fwd_first,label
19501,0.002125978469848633,1,1,74,90,74.0,0.0,90.0,0.0,0.0,0.0,940.7432993159134,0.0,0.0,1.0,1.0,255,1
14707,0.004979133605957031,1,1,78,158,78.0,0.0,158.0,0.0,0.0,0.0,401.6763072208389,0.0,0.0,1.0,0.0,255,1
13149,0.0049860477447509766,1,1,105,233,105.0,0.0,233.0,0.0,0.0,0.0,401.1193037823364,0.0,0.0,0.0,0.0,255,1
13346,0.003821134567260742,1,1,86,124,86.0,0.0,124.0,0.0,0.0,0.0,523.4047544768204,0.0,0.0,1.0,0.0,255,1
60094,0.0016469955444335938,1,1,78,158,78.0,0.0,158.0,0.0,0.0,0.0,1214.332368268674,0.0,0.0,1.0,0.0,255,1
