sport,dur,pkts_fwd,pkts_bwd,bytes_fwd,bytes_bwd,pktlen_fwd_mean,pktlen_fwd_std,pktlen_bwd_mean,pktlen_bwd_std,iat_fwd_mean,iat_fwd_std,pps,payload_entropy_fwd,iat_cv_fwd,small_pkt_ratio_fwd,small_pkt_ratio_bwd,ttl_fwd_first,label
59193,0.0014140605926513672,1,1,74,90,74.0,0.0,90.0,0.0,0.0,0.0,1414.3665486427246,0.0,0.0,1.0,1.0,255,1
45991,0.003287076950073242,1,1,78,158,78.0,0.0,158.0,0.0,0.0,0.0,608.4433161674041,0.0,0.0,1.0,0.0,255,1
46026,0.006120204925537109,1,1,105,233,105.0,0.0,233.0,0.0,0.0,0.0,326.78644331904945,0.0,0.0,0.0,0.0,255,1
30153,0.001399993896484375,1,1,86,124,86.0,0.0,124.0,0.0,0.0,0.0,1428.5776566757493,0.0,0.0,1.0,0.0,255,1
36968,0.0014140605926513672,1,1,78,158,78.0,0.0,158.0,0.0,0.0,0.0,1414.3665486427246,0.0,0.0,1.0,0.0,255,1
