sport,dur,pkts_fwd,pkts_bwd,bytes_fwd,bytes_bwd,pktlen_fwd_mean,pktlen_fwd_std,pktlen_bwd_mean,pktlen_bwd_std,iat_fwd_mean,iat_fwd_std,pps,payload_entropy_fwd,iat_cv_fwd,small_pkt_ratio_fwd,small_pkt_ratio_bwd,ttl_fwd_first,label
63397,0.0008730888366699219,1,1,74,90,74.0,0.0,90.0,0.0,0.0,0.0,2000.0,0.0,0.0,1.0,1.0,255,1
40276,0.0021409988403320312,1,1,78,158,78.0,0.0,158.0,0.0,0.0,0.0,934.143429844098,0.0,0.0,1.0,0.0,255,1
46325,0.005345821380615234,1,1,105,233,105.0,0.0,233.0,0.0,0.0,0.0,374.1239853715101,0.0,0.0,0.0,0.0,255,1
19602,0.0009310245513916016,1,1,74,90,74.0,0.0,90.0,0.0,0.0,0.0,2000.0,0.0,0.0,1.0,1.0,255,1
19047,0.0031659603118896484,1,1,86,124,86.0,0.0,124.0,0.0,0.0,0.0,631.719858423074,0.0,0.0,1.0,0.0,255,1
17196,0.0031440258026123047,1,1,78,158,78.0,0.0,158.0,0.0,0.0,0.0,636.1270948661561,0.0,0.0,1.0,0.0,255,1
