sport,dur,pkts_fwd,pkts_bwd,bytes_fwd,bytes_bwd,pktlen_fwd_mean,pktlen_fwd_std,pktlen_bwd_mean,pktlen_bwd_std,iat_fwd_mean,iat_fwd_std,pps,payload_entropy_fwd,iat_cv_fwd,small_pkt_ratio_fwd,small_pkt_ratio_bwd,ttl_fwd_first,label
59556,0.002312898635864258,1,1,74,90,74.0,0.0,90.0,0.0,0.0,0.0,864.7158024945882,0.0,0.0,1.0,1.0,255,1
32660,0.0030930042266845703,1,1,78,158,78.0,0.0,158.0,0.0,0.0,0.0,646.6205195405843,0.0,0.0,1.0,0.0,255,1
7280,0.007244110107421875,1,1,105,233,105.0,0.0,233.0,0.0,0.0,0.0,276.0863612427593,0.0,0.0,0.0,0.0,255,1
4249,0.002991914749145508,1,1,74,90,74.0,0.0,90.0,0.0,0.0,0.0,668.468244481632,0.0,0.0,1.0,1.0,255,1
63060,0.0022211074829101562,1,1,86,124,86.0,0.0,124.0,0.0,0.0,0.0,900.45169600687,0.0,0.0,1.0,0.0,255,1
17151,0.0020160675048828125,1,1,78,158,78.0,0.0,158.0,0.0,0.0,0.0,992.0302743614002,0.0,0.0,1.0,0.0,255,1
