sport,dur,pkts_fwd,pkts_bwd,bytes_fwd,bytes_bwd,pktlen_fwd_mean,pktlen_fwd_std,pktlen_bwd_mean,pktlen_bwd_std,iat_fwd_mean,iat_fwd_std,pps,payload_entropy_fwd,iat_cv_fwd,small_pkt_ratio_fwd,small_pkt_ratio_bwd,ttl_fwd_first,label
60931,0.0014719963073730469,1,1,74,90,74.0,0.0,90.0,0.0,0.0,0.0,1358.6990605766116,0.0,0.0,1.0,1.0,255,1
17435,0.0028018951416015625,1,1,78,158,78.0,0.0,158.0,0.0,0.0,0.0,713.8025867937372,0.0,0.0,1.0,0.0,255,1
30085,0.006695985794067383,1,1,105,233,105.0,0.0,233.0,0.0,0.0,0.0,298.68641623642515,0.0,0.0,0.0,0.0,255,1
19145,0.0014231204986572266,1,1,74,90,74.0,0.0,90.0,0.0,0.0,0.0,1405.3623722566595,0.0,0.0,1.0,1.0,255,1
65150,0.001683950424194336,1,1,86,124,86.0,0.0,124.0,0.0,0.0,0.0,1187.6834206427864,0.0,0.0,1.0,0.0,255,1
46379,0.0032868385314941406,1,1,78,158,78.0,0.0,158.0,0.0,0.0,0.0,608.4874510372842,0.0,0.0,1.0,0.0,255,1
