sport,dur,pkts_fwd,pkts_bwd,bytes_fwd,bytes_bwd,pktlen_fwd_mean,pktlen_fwd_std,pktlen_bwd_mean,pktlen_bwd_std,iat_fwd_mean,iat_fwd_std,pps,payload_entropy_fwd,iat_cv_fwd,small_pkt_ratio_fwd,small_pkt_ratio_bwd,ttl_fwd_first,label
8124,0.0021860599517822266,1,1,74,90,74.0,0.0,90.0,0.0,0.0,0.0,914.8879921474534,0.0,0.0,1.0,1.0,255,1
40777,0.002151966094970703,1,1,78,158,78.0,0.0,158.0,0.0,0.0,0.0,929.3826722800798,0.0,0.0,1.0,0.0,255,1
7006,0.0051708221435546875,1,1,105,233,105.0,0.0,233.0,0.0,0.0,0.0,386.78568793803026,0.0,0.0,0.0,0.0,255,1
64113,0.001806020736694336,1,1,86,124,86.0,0.0,124.0,0.0,0.0,0.0,1107.40699669967,0.0,0.0,1.0,0.0,255,1
5486,0.002073049545288086,1,1,78,158,78.0,0.0,158.0,0.0,0.0,0.0,964.7622771707878,0.0,0.0,1.0,0.0,255,1
