sport,dur,pkts_fwd,pkts_bwd,bytes_fwd,bytes_bwd,pktlen_fwd_mean,pktlen_fwd_std,pktlen_bwd_mean,pktlen_bwd_std,iat_fwd_mean,iat_fwd_std,pps,payload_entropy_fwd,iat_cv_fwd,small_pkt_ratio_fwd,small_pkt_ratio_bwd,ttl_fwd_first,label
44702,0.0009849071502685547,1,1,74,90,74.0,0.0,90.0,0.0,0.0,0.0,2000.0,0.0,0.0,1.0,1.0,255,1
51958,0.0014998912811279297,1,1,78,158,78.0,0.0,158.0,0.0,0.0,0.0,1333.4299793355588,0.0,0.0,1.0,0.0,255,1
49446,0.005867958068847656,1,1,105,233,105.0,0.0,233.0,0.0,0.0,0.0,340.83406468389404,0.0,0.0,0.0,0.0,255,1
55957,0.001795053482055664,1,1,74,90,74.0,0.0,90.0,0.0,0.0,0.0,1114.1729313321823,0.0,0.0,1.0,1.0,255,1
46733,0.002070903778076172,1,1,86,124,86.0,0.0,124.0,0.0,0.0,0.0,965.7619157264563,0.0,0.0,1.0,0.0,255,1
41551,0.002546072006225586,1,1,78,158,78.0,0.0,158.0,0.0,0.0,0.0,785.523738177732,0.0,0.0,1.0,0.0,255,1
