sport,dur,pkts_fwd,pkts_bwd,bytes_fwd,bytes_bwd,pktlen_fwd_mean,pktlen_fwd_std,pktlen_bwd_mean,pktlen_bwd_std,iat_fwd_mean,iat_fwd_std,pps,payload_entropy_fwd,iat_cv_fwd,small_pkt_ratio_fwd,small_pkt_ratio_bwd,ttl_fwd_first,label
23356,0.0008618831634521484,1,1,74,90,74.0,0.0,90.0,0.0,0.0,0.0,2000.0,0.0,0.0,1.0,1.0,255,1
11153,0.0025849342346191406,1,1,78,158,78.0,0.0,158.0,0.0,0.0,0.0,773.714074893931,0.0,0.0,1.0,0.0,255,1
12323,0.00475311279296875,1,1,105,233,105.0,0.0,233.0,0.0,0.0,0.0,420.776886035313,0.0,0.0,0.0,0.0,255,1
39060,0.0023000240325927734,1,1,86,124,86.0,0.0,124.0,0.0,0.0,0.0,869.5561314398259,0.0,0.0,1.0,0.0,255,1
40864,0.002210855484008789,1,1,78,158,78.0,0.0,158.0,0.0,0.0,0.0,904.6271972392968,0.0,0.0,1.0,0.0,255,1
