sport,dur,pkts_fwd,pkts_bwd,bytes_fwd,bytes_bwd,pktlen_fwd_mean,pktlen_fwd_std,pktlen_bwd_mean,pktlen_bwd_std,iat_fwd_mean,iat_fwd_std,pps,payload_entropy_fwd,iat_cv_fwd,small_pkt_ratio_fwd,small_pkt_ratio_bwd,ttl_fwd_first,label
36214,0.0013461112976074219,1,1,74,90,74.0,0.0,90.0,0.0,0.0,0.0,1485.7612469004605,0.0,0.0,1.0,1.0,255,1
61257,0.0009388923645019531,1,1,78,158,78.0,0.0,158.0,0.0,0.0,0.0,2000.0,0.0,0.0,1.0,0.0,255,1
20468,0.002521038055419922,1,1,105,233,105.0,0.0,233.0,0.0,0.0,0.0,793.3240022697182,0.0,0.0,0.0,0.0,255,1
14336,0.002125978469848633,1,1,86,124,86.0,0.0,124.0,0.0,0.0,0.0,940.7432993159134,0.0,0.0,1.0,0.0,255,1
14112,0.002023935317993164,1,1,78,158,78.0,0.0,158.0,0.0,0.0,0.0,988.1738720697373,0.0,0.0,1.0,0.0,255,1
