sport,dur,pkts_fwd,pkts_bwd,bytes_fwd,bytes_bwd,pktlen_fwd_mean,pktlen_fwd_std,pktlen_bwd_mean,pktlen_bwd_std,iat_fwd_mean,iat_fwd_std,pps,payload_entropy_fwd,iat_cv_fwd,small_pkt_ratio_fwd,small_pkt_ratio_bwd,ttl_fwd_first,label
42186,0.002053976058959961,1,1,74,90,74.0,0.0,90.0,0.0,0.0,0.0,973.7211839814278,0.0,0.0,1.0,1.0,255,1
36338,0.026211023330688477,1,1,78,158,78.0,0.0,158.0,0.0,0.0,0.0,76.30377397964288,0.0,0.0,1.0,0.0,255,1
11932,0.006759166717529297,1,1,105,233,105.0,0.0,233.0,0.0,0.0,0.0,295.8944620811287,0.0,0.0,0.0,0.0,255,1
60590,0.0024220943450927734,1,1,86,124,86.0,0.0,124.0,0.0,0.0,0.0,825.7316665026085,0.0,0.0,1.0,0.0,255,1
33764,0.0029230117797851562,1,1,78,158,78.0,0.0,158.0,0.0,0.0,0.0,684.2257748776509,0.0,0.0,1.0,0.0,255,1
