sport,dur,pkts_fwd,pkts_bwd,bytes_fwd,bytes_bwd,pktlen_fwd_mean,pktlen_fwd_std,pktlen_bwd_mean,pktlen_bwd_std,iat_fwd_mean,iat_fwd_std,pps,payload_entropy_fwd,iat_cv_fwd,small_pkt_ratio_fwd,small_pkt_ratio_bwd,ttl_fwd_first,label
57560,0.0017430782318115234,1,1,74,90,74.0,0.0,90.0,0.0,0.0,0.0,1147.3954315415128,0.0,0.0,1.0,1.0,255,1
26955,0.0022139549255371094,1,1,78,158,78.0,0.0,158.0,0.0,0.0,0.0,903.3607581305191,0.0,0.0,1.0,0.0,255,1
37357,0.003329038619995117,1,1,105,233,105.0,0.0,233.0,0.0,0.0,0.0,600.7740456921865,0.0,0.0,0.0,0.0,255,1
57913,0.0023241043090820312,1,1,86,124,86.0,0.0,124.0,0.0,0.0,0.0,860.5465736561346,0.0,0.0,1.0,0.0,255,1
47258,0.0016589164733886719,1,1,78,158,78.0,0.0,158.0,0.0,0.0,0.0,1205.6062086806553,0.0,0.0,1.0,0.0,255,1
