sport,dur,pkts_fwd,pkts_bwd,bytes_fwd,bytes_bwd,pktlen_fwd_mean,pktlen_fwd_std,pktlen_bwd_mean,pktlen_bwd_std,iat_fwd_mean,iat_fwd_std,pps,payload_entropy_fwd,iat_cv_fwd,small_pkt_ratio_fwd,small_pkt_ratio_bwd,ttl_fwd_first,label
43136,0.0008559226989746094,1,1,74,90,74.0,0.0,90.0,0.0,0.0,0.0,2000.0,0.0,0.0,1.0,1.0,255,1
8587,0.002213001251220703,1,1,78,158,78.0,0.0,158.0,0.0,0.0,0.0,903.7500538677009,0.0,0.0,1.0,0.0,255,1
18810,0.004913806915283203,1,1,105,233,105.0,0.0,233.0,0.0,0.0,0.0,407.01639980591943,0.0,0.0,0.0,0.0,255,1
63903,0.0016999244689941406,1,1,74,90,74.0,0.0,90.0,0.0,0.0,0.0,1176.5228611500702,0.0,0.0,1.0,1.0,255,1
48123,0.0021588802337646484,1,1,86,124,86.0,0.0,124.0,0.0,0.0,0.0,926.4061844284926,0.0,0.0,1.0,0.0,255,1
35641,0.002109050750732422,1,1,78,158,78.0,0.0,158.0,0.0,0.0,0.0,948.2939181550984,0.0,0.0,1.0,0.0,255,1
