sport,dur,pkts_fwd,pkts_bwd,bytes_fwd,bytes_bwd,pktlen_fwd_mean,pktlen_fwd_std,pktlen_bwd_mean,pktlen_bwd_std,iat_fwd_mean,iat_fwd_std,pps,payload_entropy_fwd,iat_cv_fwd,small_pkt_ratio_fwd,small_pkt_ratio_bwd,ttl_fwd_first,label
40919,0.0021209716796875,1,1,74,90,74.0,0.0,90.0,0.0,0.0,0.0,942.9640287769785,0.0,0.0,1.0,1.0,255,1
12743,0.003599882125854492,1,1,78,158,78.0,0.0,158.0,0.0,0.0,0.0,555.5737466057354,0.0,0.0,1.0,0.0,255,1
64677,0.015432119369506836,1,1,105,233,105.0,0.0,233.0,0.0,0.0,0.0,129.59982696556307,0.0,0.0,0.0,0.0,255,1
22330,0.0014019012451171875,1,1,74,90,74.0,0.0,90.0,0.0,0.0,0.0,1426.634013605442,0.0,0.0,1.0,1.0,255,1
42330,0.001912832260131836,1,1,86,124,86.0,0.0,124.0,0.0,0.0,0.0,1045.569986289418,0.0,0.0,1.0,0.0,255,1
13446,0.00416111946105957,1,1,78,158,78.0,0.0,158.0,0.0,0.0,0.0,480.6398899902596,0.0,0.0,1.0,0.0,255,1
