sport,dur,pkts_fwd,pkts_bwd,bytes_fwd,bytes_bwd,pktlen_fwd_mean,pktlen_fwd_std,pktlen_bwd_mean,pktlen_bwd_std,iat_fwd_mean,iat_fwd_std,pps,payload_entropy_fwd,iat_cv_fwd,small_pkt_ratio_fwd,small_pkt_ratio_bwd,ttl_fwd_first,label
21464,0.001341104507446289,1,1,74,90,74.0,0.0,90.0,0.0,0.0,0.0,1491.308088888889,0.0,0.0,1.0,1.0,255,1
62216,0.001911163330078125,1,1,78,158,78.0,0.0,158.0,0.0,0.0,0.0,1046.4830339321356,0.0,0.0,1.0,0.0,255,1
29998,0.00656890869140625,1,1,105,233,105.0,0.0,233.0,0.0,0.0,0.0,304.4645760743322,0.0,0.0,0.0,0.0,255,1
17030,0.002173900604248047,1,1,74,90,74.0,0.0,90.0,0.0,0.0,0.0,920.0052643123493,0.0,0.0,1.0,1.0,255,1
47923,0.001013040542602539,1,1,86,124,86.0,0.0,124.0,0.0,0.0,0.0,1974.2546481525064,0.0,0.0,1.0,0.0,255,1
22873,0.003301858901977539,1,1,78,158,78.0,0.0,158.0,0.0,0.0,0.0,605.719402122897,0.0,0.0,1.0,0.0,255,1
