sport,dur,pkts_fwd,pkts_bwd,bytes_fwd,bytes_bwd,pktlen_fwd_mean,pktlen_fwd_std,pktlen_bwd_mean,pktlen_bwd_std,iat_fwd_mean,iat_fwd_std,pps,payload_entropy_fwd,iat_cv_fwd,small_pkt_ratio_fwd,small_pkt_ratio_bwd,ttl_fwd_first,label
31822,0.00214385986328125,1,1,74,90,74.0,0.0,90.0,0.0,0.0,0.0,932.8967971530249,0.0,0.0,1.0,1.0,255,1
46835,0.0038220882415771484,1,1,78,158,78.0,0.0,158.0,0.0,0.0,0.0,523.2741563221259,0.0,0.0,1.0,0.0,255,1
14356,0.012686014175415039,1,1,105,233,105.0,0.0,233.0,0.0,0.0,0.0,157.653930726005,0.0,0.0,0.0,0.0,255,1
56567,0.0021059513092041016,1,1,74,90,74.0,0.0,90.0,0.0,0.0,0.0,949.6895731914412,0.0,0.0,1.0,1.0,255,1
55779,0.002249002456665039,1,1,86,124,86.0,0.0,124.0,0.0,0.0,0.0,889.2831548817979,0.0,0.0,1.0,0.0,255,1
48695,0.002544879913330078,1,1,78,158,78.0,0.0,158.0,0.0,0.0,0.0,785.8916994566235,0.0,0.0,1.0,0.0,255,1
