sport,dur,pkts_fwd,pkts_bwd,bytes_fwd,bytes_bwd,pktlen_fwd_mean,pktlen_fwd_std,pktlen_bwd_mean,pktlen_bwd_std,iat_fwd_mean,iat_fwd_std,pps,payload_entropy_fwd,iat_cv_fwd,small_pkt_ratio_fwd,small_pkt_ratio_bwd,ttl_fwd_first,label
41332,0.0010170936584472656,1,1,74,90,74.0,0.0,90.0,0.0,0.0,0.0,1966.3872480075013,0.0,0.0,1.0,1.0,255,1
2103,0.0033299922943115234,1,1,78,158,78.0,0.0,158.0,0.0,0.0,0.0,600.6019904059569,0.0,0.0,1.0,0.0,255,1
49537,0.00532984733581543,1,1,105,233,105.0,0.0,233.0,0.0,0.0,0.0,375.24526951465,0.0,0.0,0.0,0.0,255,1
41655,0.0019741058349609375,1,1,86,124,86.0,0.0,124.0,0.0,0.0,0.0,1013.1169082125604,0.0,0.0,1.0,0.0,255,1
40276,0.0021970272064208984,1,1,78,158,78.0,0.0,158.0,0.0,0.0,0.0,910.3209983722193,0.0,0.0,1.0,0.0,255,1
