sport,dur,pkts_fwd,pkts_bwd,bytes_fwd,bytes_bwd,pktlen_fwd_mean,pktlen_fwd_std,pktlen_bwd_mean,pktlen_bwd_std,iat_fwd_mean,iat_fwd_std,pps,payload_entropy_fwd,iat_cv_fwd,small_pkt_ratio_fwd,small_pkt_ratio_bwd,ttl_fwd_first,label
47726,0.0016880035400390625,1,1,74,90,74.0,0.0,90.0,0.0,0.0,0.0,1184.8316384180791,0.0,0.0,1.0,1.0,255,1
25331,0.002090930938720703,1,1,78,158,78.0,0.0,158.0,0.0,0.0,0.0,956.5117445838084,0.0,0.0,1.0,0.0,255,1
62285,0.030400991439819336,1,1,105,233,105.0,0.0,233.0,0.0,0.0,0.0,65.787328152081,0.0,0.0,0.0,0.0,255,1
59193,0.0015239715576171875,1,1,74,90,74.0,0.0,90.0,0.0,0.0,0.0,1312.360450563204,0.0,0.0,1.0,1.0,255,1
58078,0.0024759769439697266,1,1,86,124,86.0,0.0,124.0,0.0,0.0,0.0,807.7619643716899,0.0,0.0,1.0,0.0,255,1
28417,0.0053958892822265625,1,1,78,158,78.0,0.0,158.0,0.0,0.0,0.0,370.6525273948392,0.0,0.0,1.0,0.0,255,1
