sport,dur,pkts_fwd,pkts_bwd,bytes_fwd,bytes_bwd,pktlen_fwd_mean,pktlen_fwd_std,pktlen_bwd_mean,pktlen_bwd_std,iat_fwd_mean,iat_fwd_std,pps,payload_entropy_fwd,iat_cv_fwd,small_pkt_ratio_fwd,small_pkt_ratio_bwd,ttl_fwd_first,label
64064,0.002146005630493164,1,1,74,90,74.0,0.0,90.0,0.0,0.0,0.0,931.9640039995556,0.0,0.0,1.0,1.0,255,1
27889,0.001953125,1,1,78,158,78.0,0.0,158.0,0.0,0.0,0.0,1024.0,0.0,0.0,1.0,0.0,255,1
52066,0.002435922622680664,1,1,105,233,105.0,0.0,233.0,0.0,0.0,0.0,821.044142116081,0.0,0.0,0.0,0.0,255,1
50235,0.0020971298217773438,1,1,74,90,74.0,0.0,90.0,0.0,0.0,0.0,953.6844020009095,0.0,0.0,1.0,1.0,255,1
54651,0.0017278194427490234,1,1,86,124,86.0,0.0,124.0,0.0,0.0,0.0,1157.5283565613356,0.0,0.0,1.0,0.0,255,1
7630,0.004588127136230469,1,1,78,158,78.0,0.0,158.0,0.0,0.0,0.0,435.90771149449176,0.0,0.0,1.0,0.0,255,1
