sport,dur,pkts_fwd,pkts_bwd,bytes_fwd,bytes_bwd,pktlen_fwd_mean,pktlen_fwd_std,pktlen_bwd_mean,pktlen_bwd_std,iat_fwd_mean,iat_fwd_std,pps,payload_entropy_fwd,iat_cv_fwd,small_pkt_ratio_fwd,small_pkt_ratio_bwd,ttl_fwd_first,label
44538,0.0017189979553222656,1,1,74,90,74.0,0.0,90.0,0.0,0.0,0.0,1163.4685159500693,0.0,0.0,1.0,1.0,255,1
32462,0.0034270286560058594,1,1,78,158,78.0,0.0,158.0,0.0,0.0,0.0,583.5959371086684,0.0,0.0,1.0,0.0,255,1
47932,0.028427839279174805,1,1,105,233,105.0,0.0,233.0,0.0,0.0,0.0,70.35357067975008,0.0,0.0,0.0,0.0,255,1
50636,0.004349946975708008,1,1,86,124,86.0,0.0,124.0,0.0,0.0,0.0,459.77571937517126,0.0,0.0,1.0,0.0,255,1
8882,0.0066950321197509766,1,1,78,158,78.0,0.0,158.0,0.0,0.0,0.0,298.7289626437805,0.0,0.0,1.0,0.0,255,1
