sport,dur,pkts_fwd,pkts_bwd,bytes_fwd,bytes_bwd,pktlen_fwd_mean,pktlen_fwd_std,pktlen_bwd_mean,pktlen_bwd_std,iat_fwd_mean,iat_fwd_std,pps,payload_entropy_fwd,iat_cv_fwd,small_pkt_ratio_fwd,small_pkt_ratio_bwd,ttl_fwd_first,label
19032,0.0021238327026367188,1,1,74,90,74.0,0.0,90.0,0.0,0.0,0.0,941.6937584193983,0.0,0.0,1.0,1.0,255,1
55605,0.0032927989959716797,1,1,78,158,78.0,0.0,158.0,0.0,0.0,0.0,607.3859966693216,0.0,0.0,1.0,0.0,255,1
61309,0.006995201110839844,1,1,105,233,105.0,0.0,233.0,0.0,0.0,0.0,285.9102931152011,0.0,0.0,0.0,0.0,255,1
20887,0.0010111331939697266,1,1,74,90,74.0,0.0,90.0,0.0,0.0,0.0,1977.9787785899553,0.0,0.0,1.0,1.0,255,1
51904,0.0014979839324951172,1,1,86,124,86.0,0.0,124.0,0.0,0.0,0.0,1335.1278051886043,0.0,0.0,1.0,0.0,255,1
51838,0.005267143249511719,1,1,78,158,78.0,0.0,158.0,0.0,0.0,0.0,379.71247510411007,0.0,0.0,1.0,0.0,255,1
