sport,dur,pkts_fwd,pkts_bwd,bytes_fwd,bytes_bwd,pktlen_fwd_mean,pktlen_fwd_std,pktlen_bwd_mean,pktlen_bwd_std,iat_fwd_mean,iat_fwd_std,pps,payload_entropy_fwd,iat_cv_fwd,small_pkt_ratio_fwd,small_pkt_ratio_bwd,ttl_fwd_first,label
13851,0.001422882080078125,1,1,74,90,74.0,0.0,90.0,0.0,0.0,0.0,1405.597855227882,0.0,0.0,1.0,1.0,255,1
18350,0.0021920204162597656,1,1,78,158,78.0,0.0,158.0,0.0,0.0,0.0,912.4002610398086,0.0,0.0,1.0,0.0,255,1
34168,0.006178140640258789,1,1,105,233,105.0,0.0,233.0,0.0,0.0,0.0,323.72199282213563,0.0,0.0,0.0,0.0,255,1
4307,0.0021409988403320312,1,1,74,90,74.0,0.0,90.0,0.0,0.0,0.0,934.143429844098,0.0,0.0,1.0,1.0,255,1
21766,0.013922929763793945,1,1,86,124,86.0,0.0,124.0,0.0,0.0,0.0,143.64792711954382,0.0,0.0,1.0,0.0,255,1
60936,0.002810955047607422,1,1,78,158,78.0,0.0,158.0,0.0,0.0,0.0,711.5019508057676,0.0,0.0,1.0,0.0,255,1
