sport,dur,pkts_fwd,pkts_bwd,bytes_fwd,bytes_bwd,pktlen_fwd_mean,pktlen_fwd_std,pktlen_bwd_mean,pktlen_bwd_std,iat_fwd_mean,iat_fwd_std,pps,payload_entropy_fwd,iat_cv_fwd,small_pkt_ratio_fwd,small_pkt_ratio_bwd,ttl_fwd_first,label
23988,0.0015501976013183594,1,1,74,90,74.0,0.0,90.0,0.0,0.0,0.0,1290.1581051984006,0.0,0.0,1.0,1.0,255,1
25751,0.0031189918518066406,1,1,78,158,78.0,0.0,158.0,0.0,0.0,0.0,641.2328390154411,0.0,0.0,1.0,0.0,255,1
53189,0.03016209602355957,1,1,105,233,105.0,0.0,233.0,0.0,0.0,0.0,66.30838912646531,0.0,0.0,0.0,0.0,255,1
25777,0.0016989707946777344,1,1,74,90,74.0,0.0,90.0,0.0,0.0,0.0,1177.1832725231548,0.0,0.0,1.0,1.0,255,1
34044,0.0025949478149414062,1,1,86,124,86.0,0.0,124.0,0.0,0.0,0.0,770.7284086732819,0.0,0.0,1.0,0.0,255,1
39221,0.0010540485382080078,1,1,78,158,78.0,0.0,158.0,0.0,0.0,0.0,1897.4458267360326,0.0,0.0,1.0,0.0,255,1
