sport,dur,pkts_fwd,pkts_bwd,bytes_fwd,bytes_bwd,pktlen_fwd_mean,pktlen_fwd_std,pktlen_bwd_mean,pktlen_bwd_std,iat_fwd_mean,iat_fwd_std,pps,payload_entropy_fwd,iat_cv_fwd,small_pkt_ratio_fwd,small_pkt_ratio_bwd,ttl_fwd_first,label
36034,0.001987934112548828,1,1,74,90,74.0,0.0,90.0,0.0,0.0,0.0,1006.0695610458143,0.0,0.0,1.0,1.0,255,1
53108,0.0023260116577148438,1,1,78,158,78.0,0.0,158.0,0.0,0.0,0.0,859.840918409184,0.0,0.0,1.0,0.0,255,1
11431,0.005930900573730469,1,1,105,233,105.0,0.0,233.0,0.0,0.0,0.0,337.21691590287827,0.0,0.0,0.0,0.0,255,1
37589,0.0016880035400390625,1,1,74,90,74.0,0.0,90.0,0.0,0.0,0.0,1184.8316384180791,0.0,0.0,1.0,1.0,255,1
22430,0.0019609928131103516,1,1,86,124,86.0,0.0,124.0,0.0,0.0,0.0,1019.8915501519757,0.0,0.0,1.0,0.0,255,1
44884,0.0027828216552734375,1,1,78,158,78.0,0.0,158.0,0.0,0.0,0.0,718.6949965729953,0.0,0.0,1.0,0.0,255,1
