sport,dur,pkts_fwd,pkts_bwd,bytes_fwd,bytes_bwd,pktlen_fwd_mean,pktlen_fwd_std,pktlen_bwd_mean,pktlen_bwd_std,iat_fwd_mean,iat_fwd_std,pps,payload_entropy_fwd,iat_cv_fwd,small_pkt_ratio_fwd,small_pkt_ratio_bwd,ttl_fwd_first,label
1209,0.001592874526977539,1,1,74,90,74.0,0.0,90.0,0.0,0.0,0.0,1255.5916778925312,0.0,0.0,1.0,1.0,255,1
39549,0.0024161338806152344,1,1,78,158,78.0,0.0,158.0,0.0,0.0,0.0,827.7686994276693,0.0,0.0,1.0,0.0,255,1
25241,0.005246162414550781,1,1,105,233,105.0,0.0,233.0,0.0,0.0,0.0,381.23104890019994,0.0,0.0,0.0,0.0,255,1
46879,0.0020999908447265625,1,1,74,90,74.0,0.0,90.0,0.0,0.0,0.0,952.3851044504995,0.0,0.0,1.0,1.0,255,1
4094,0.0017390251159667969,1,1,86,124,86.0,0.0,124.0,0.0,0.0,0.0,1150.0696462846174,0.0,0.0,1.0,0.0,255,1
22393,0.0019309520721435547,1,1,78,158,78.0,0.0,158.0,0.0,0.0,0.0,1035.758488702309,0.0,0.0,1.0,0.0,255,1
