sport,dur,pkts_fwd,pkts_bwd,bytes_fwd,bytes_bwd,pktlen_fwd_mean,pktlen_fwd_std,pktlen_bwd_mean,pktlen_bwd_std,iat_fwd_mean,iat_fwd_std,pps,payload_entropy_fwd,iat_cv_fwd,small_pkt_ratio_fwd,small_pkt_ratio_bwd,ttl_fwd_first,label
38356,0.001840829849243164,1,1,74,90,74.0,0.0,90.0,0.0,0.0,0.0,1086.4665198808445,0.0,0.0,1.0,1.0,255,1
40069,0.0020051002502441406,1,1,78,158,78.0,0.0,158.0,0.0,0.0,0.0,997.4563614744352,0.0,0.0,1.0,0.0,255,1
30851,0.004927158355712891,1,1,105,233,105.0,0.0,233.0,0.0,0.0,0.0,405.91348108003484,0.0,0.0,0.0,0.0,255,1
53827,0.0026090145111083984,1,1,86,124,86.0,0.0,124.0,0.0,0.0,0.0,766.5729690212921,0.0,0.0,1.0,0.0,255,1
18850,0.0021338462829589844,1,1,78,158,78.0,0.0,158.0,0.0,0.0,0.0,937.2746368715084,0.0,0.0,1.0,0.0,255,1
