sport,dur,pkts_fwd,pkts_bwd,bytes_fwd,bytes_bwd,pktlen_fwd_mean,pktlen_fwd_std,pktlen_bwd_mean,pktlen_bwd_std,iat_fwd_mean,iat_fwd_std,pps,payload_entropy_fwd,iat_cv_fwd,small_pkt_ratio_fwd,small_pkt_ratio_bwd,ttl_fwd_first,label
11831,0.0016181468963623047,1,1,74,90,74.0,0.0,90.0,0.0,0.0,0.0,1235.9817297775157,0.0,0.0,1.0,1.0,255,1
4484,0.0013480186462402344,1,1,78,158,78.0,0.0,158.0,0.0,0.0,0.0,1483.659002476123,0.0,0.0,1.0,0.0,255,1
27114,0.00800180435180664,1,1,105,233,105.0,0.0,233.0,0.0,0.0,0.0,249.94362672069602,0.0,0.0,0.0,0.0,255,1
60741,0.0014579296112060547,1,1,74,90,74.0,0.0,90.0,0.0,0.0,0.0,1371.808340147179,0.0,0.0,1.0,1.0,255,1
14302,0.002252817153930664,1,1,86,124,86.0,0.0,124.0,0.0,0.0,0.0,887.7773309344905,0.0,0.0,1.0,0.0,255,1
9924,0.0022399425506591797,1,1,78,158,78.0,0.0,158.0,0.0,0.0,0.0,892.8800425758382,0.0,0.0,1.0,0.0,255,1
