sport,dur,pkts_fwd,pkts_bwd,bytes_fwd,bytes_bwd,pktlen_fwd_mean,pktlen_fwd_std,pktlen_bwd_mean,pktlen_bwd_std,iat_fwd_mean,iat_fwd_std,pps,payload_entropy_fwd,iat_cv_fwd,small_pkt_ratio_fwd,small_pkt_ratio_bwd,ttl_fwd_first,label
16303,0.002051830291748047,1,1,74,90,74.0,0.0,90.0,0.0,0.0,0.0,974.7394840808738,0.0,0.0,1.0,1.0,255,1
23981,0.002147197723388672,1,1,78,158,78.0,0.0,158.0,0.0,0.0,0.0,931.4465911614479,0.0,0.0,1.0,0.0,255,1
36338,0.005413055419921875,1,1,105,233,105.0,0.0,233.0,0.0,0.0,0.0,369.477096546864,0.0,0.0,0.0,0.0,255,1
53216,0.00150299072265625,1,1,74,90,74.0,0.0,90.0,0.0,0.0,0.0,1330.6802030456852,0.0,0.0,1.0,1.0,255,1
3408,0.0020999908447265625,1,1,86,124,86.0,0.0,124.0,0.0,0.0,0.0,952.3851044504995,0.0,0.0,1.0,0.0,255,1
11987,0.001708984375,1,1,78,158,78.0,0.0,158.0,0.0,0.0,0.0,1170.2857142857142,0.0,0.0,1.0,0.0,255,1
