sport,dur,pkts_fwd,pkts_bwd,bytes_fwd,bytes_bwd,pktlen_fwd_mean,pktlen_fwd_std,pktlen_bwd_mean,pktlen_bwd_std,iat_fwd_mean,iat_fwd_std,pps,payload_entropy_fwd,iat_cv_fwd,small_pkt_ratio_fwd,small_pkt_ratio_bwd,ttl_fwd_first,label
38227,0.002112150192260742,1,1,74,90,74.0,0.0,90.0,0.0,0.0,0.0,946.902359182752,0.0,0.0,1.0,1.0,255,1
2123,0.002404928207397461,1,1,78,158,78.0,0.0,158.0,0.0,0.0,0.0,831.6256567859622,0.0,0.0,1.0,0.0,255,1
12079,0.005187034606933594,1,1,105,233,105.0,0.0,233.0,0.0,0.0,0.0,385.5767604339033,0.0,0.0,0.0,0.0,255,1
62924,0.0016529560089111328,1,1,86,124,86.0,0.0,124.0,0.0,0.0,0.0,1209.9535554593972,0.0,0.0,1.0,0.0,255,1
58521,0.0025908946990966797,1,1,78,158,78.0,0.0,158.0,0.0,0.0,0.0,771.9341124505384,0.0,0.0,1.0,0.0,255,1
