sport,dur,pkts_fwd,pkts_bwd,bytes_fwd,bytes_bwd,pktlen_fwd_mean,pktlen_fwd_std,pktlen_bwd_mean,pktlen_bwd_std,iat_fwd_mean,iat_fwd_std,pps,payload_entropy_fwd,iat_cv_fwd,small_pkt_ratio_fwd,small_pkt_ratio_bwd,ttl_fwd_first,label
7251,0.002138853073120117,1,1,74,90,74.0,0.0,90.0,0.0,0.0,0.0,935.0805930219597,0.0,0.0,1.0,1.0,255,1
31822,0.002454996109008789,1,1,78,158,78.0,0.0,158.0,0.0,0.0,0.0,814.6652423035836,0.0,0.0,1.0,0.0,255,1
48960,0.006027936935424805,1,1,105,233,105.0,0.0,233.0,0.0,0.0,0.0,331.7884744690108,0.0,0.0,0.0,0.0,255,1
18698,0.0009648799896240234,1,1,86,124,86.0,0.0,124.0,0.0,0.0,0.0,2000.0,0.0,0.0,1.0,0.0,255,1
52735,0.0025348663330078125,1,1,78,158,78.0,0.0,158.0,0.0,0.0,0.0,788.9962377727614,0.0,0.0,1.0,0.0,255,1
