sport,dur,pkts_fwd,pkts_bwd,bytes_fwd,bytes_bwd,pktlen_fwd_mean,pktlen_fwd_std,pktlen_bwd_mean,pktlen_bwd_std,iat_fwd_mean,iat_fwd_std,pps,payload_entropy_fwd,iat_cv_fwd,small_pkt_ratio_fwd,small_pkt_ratio_bwd,ttl_fwd_first,label
48701,0.0021049976348876953,1,1,74,90,74.0,0.0,90.0,0.0,0.0,0.0,950.1198323705969,0.0,0.0,1.0,1.0,255,1
50475,0.00267791748046875,1,1,78,158,78.0,0.0,158.0,0.0,0.0,0.0,746.8490028490029,0.0,0.0,1.0,0.0,255,1
59490,0.005680084228515625,1,1,105,233,105.0,0.0,233.0,0.0,0.0,0.0,352.10745466756214,0.0,0.0,0.0,0.0,255,1
17260,0.0016989707946777344,1,1,86,124,86.0,0.0,124.0,0.0,0.0,0.0,1177.1832725231548,0.0,0.0,1.0,0.0,255,1
12007,0.002477884292602539,1,1,78,158,78.0,0.0,158.0,0.0,0.0,0.0,807.1401905128452,0.0,0.0,1.0,0.0,255,1
