sport,dur,pkts_fwd,pkts_bwd,bytes_fwd,bytes_bwd,pktlen_fwd_mean,pktlen_fwd_std,pktlen_bwd_mean,pktlen_bwd_std,iat_fwd_mean,iat_fwd_std,pps,payload_entropy_fwd,iat_cv_fwd,small_pkt_ratio_fwd,small_pkt_ratio_bwd,ttl_fwd_first,label
56120,0.005906105041503906,1,1,88,189,88.0,0.0,189.0,0.0,0.0,0.0,338.6326497658647,0.0,0.0,1.0,0.0,64,0
56781,0.0208590030670166,2,2,168,287,84.0,0.0,143.5,6.363961030678928,0.00011491775512695312,0.0,191.76371886751477,0.0,0.0,1.0,0.0,64,0
54714,0.04574108123779297,2,2,168,287,84.0,0.0,143.5,6.363961030678928,9.918212890625e-05,0.0,87.44874173842337,0.0,0.0,1.0,0.0,64,0
33734,0.013325929641723633,2,2,168,344,84.0,0.0,172.0,33.94112549695428,6.580352783203125e-05,0.0,300.1666756123307,0.0,0.0,1.0,0.0,64,0
53003,0.03946805000305176,2,2,168,287,84.0,0.0,143.5,6.363961030678928,0.00010704994201660156,0.0,101.34779903468024,0.0,0.0,1.0,0.0,64,0
32918,0.005439043045043945,1,1,82,130,82.0,0.0,130.0,0.0,0.0,0.0,367.71174330425634,0.0,0.0,1.0,0.0,64,0
