sport,dur,pkts_fwd,pkts_bwd,bytes_fwd,bytes_bwd,pktlen_fwd_mean,pktlen_fwd_std,pktlen_bwd_mean,pktlen_bwd_std,iat_fwd_mean,iat_fwd_std,pps,payload_entropy_fwd,iat_cv_fwd,small_pkt_ratio_fwd,small_pkt_ratio_bwd,ttl_fwd_first,label
35649,0.001013040542602539,1,1,74,90,74.0,0.0,90.0,0.0,0.0,0.0,1974.2546481525064,0.0,0.0,1.0,1.0,255,1
35361,0.005212068557739258,1,1,78,158,78.0,0.0,158.0,0.0,0.0,0.0,383.7248067334523,0.0,0.0,1.0,0.0,255,1
22489,0.004706859588623047,1,1,105,233,105.0,0.0,233.0,0.0,0.0,0.0,424.9117617262689,0.0,0.0,0.0,0.0,255,1
42160,0.0018401145935058594,1,1,74,90,74.0,0.0,90.0,0.0,0.0,0.0,1086.8888313034465,0.0,0.0,1.0,1.0,255,1
44836,0.0016369819641113281,1,1,86,124,86.0,0.0,124.0,0.0,0.0,0.0,1221.7605592775997,0.0,0.0,1.0,0.0,255,1
49457,0.0022411346435546875,1,1,78,158,78.0,0.0,158.0,0.0,0.0,0.0,892.4051063829787,0.0,0.0,1.0,0.0,255,1
