sport,dur,pkts_fwd,pkts_bwd,bytes_fwd,bytes_bwd,pktlen_fwd_mean,pktlen_fwd_std,pktlen_bwd_mean,pktlen_bwd_std,iat_fwd_mean,iat_fwd_std,pps,payload_entropy_fwd,iat_cv_fwd,small_pkt_ratio_fwd,small_pkt_ratio_bwd,ttl_fwd_first,label
7678,0.002089977264404297,1,1,74,90,74.0,0.0,90.0,0.0,0.0,0.0,956.9482089892767,0.0,0.0,1.0,1.0,255,1
38414,0.0024721622467041016,1,1,78,158,78.0,0.0,158.0,0.0,0.0,0.0,809.008390394445,0.0,0.0,1.0,0.0,255,1
31901,0.0047910213470458984,1,1,105,233,105.0,0.0,233.0,0.0,0.0,0.0,417.4475242597661,0.0,0.0,0.0,0.0,255,1
65316,0.0015671253204345703,1,1,74,90,74.0,0.0,90.0,0.0,0.0,0.0,1276.2221207972007,0.0,0.0,1.0,1.0,255,1
4316,0.002477884292602539,1,1,86,124,86.0,0.0,124.0,0.0,0.0,0.0,807.1401905128452,0.0,0.0,1.0,0.0,255,1
21691,0.0024268627166748047,1,1,78,158,78.0,0.0,158.0,0.0,0.0,0.0,824.1092445230377,0.0,0.0,1.0,0.0,255,1
