sport,dur,pkts_fwd,pkts_bwd,bytes_fwd,bytes_bwd,pktlen_fwd_mean,pktlen_fwd_std,pktlen_bwd_mean,pktlen_bwd_std,iat_fwd_mean,iat_fwd_std,pps,payload_entropy_fwd,iat_cv_fwd,small_pkt_ratio_fwd,small_pkt_ratio_bwd,ttl_fwd_first,label
63515,0.0019381046295166016,1,1,74,90,74.0,0.0,90.0,0.0,0.0,0.0,1031.9360314921885,0.0,0.0,1.0,1.0,255,1
16694,0.0027310848236083984,1,1,78,158,78.0,0.0,158.0,0.0,0.0,0.0,732.3097337407246,0.0,0.0,1.0,0.0,255,1
18783,0.013515949249267578,1,1,105,233,105.0,0.0,233.0,0.0,0.0,0.0,147.9733286293879,0.0,0.0,0.0,0.0,255,1
40850,0.0014300346374511719,1,1,74,90,74.0,0.0,90.0,0.0,0.0,0.0,1398.5675225075024,0.0,0.0,1.0,1.0,255,1
28247,0.0020809173583984375,1,1,86,124,86.0,0.0,124.0,0.0,0.0,0.0,961.1145737855179,0.0,0.0,1.0,0.0,255,1
39253,0.0017399787902832031,1,1,78,158,78.0,0.0,158.0,0.0,0.0,0.0,1149.4392984379283,0.0,0.0,1.0,0.0,255,1
