sport,dur,pkts_fwd,pkts_bwd,bytes_fwd,bytes_bwd,pktlen_fwd_mean,pktlen_fwd_std,pktlen_bwd_mean,pktlen_bwd_std,iat_fwd_mean,iat_fwd_std,pps,payload_entropy_fwd,iat_cv_fwd,small_pkt_ratio_fwd,small_pkt_ratio_bwd,ttl_fwd_first,label
31984,0.002147197723388672,1,1,74,90,74.0,0.0,90.0,0.0,0.0,0.0,931.4465911614479,0.0,0.0,1.0,1.0,255,1
37450,0.002137899398803711,1,1,78,158,78.0,0.0,158.0,0.0,0.0,0.0,935.4977138396342,0.0,0.0,1.0,0.0,255,1
17350,0.006788969039916992,1,1,105,233,105.0,0.0,233.0,0.0,0.0,0.0,294.5955399473222,0.0,0.0,0.0,0.0,255,1
29949,0.0024178028106689453,1,1,86,124,86.0,0.0,124.0,0.0,0.0,0.0,827.1973178187556,0.0,0.0,1.0,0.0,255,1
39666,0.0020689964294433594,1,1,78,158,78.0,0.0,158.0,0.0,0.0,0.0,966.6522240147499,0.0,0.0,1.0,0.0,255,1
