sport,dur,pkts_fwd,pkts_bwd,bytes_fwd,bytes_bwd,pktlen_fwd_mean,pktlen_fwd_std,pktlen_bwd_mean,pktlen_bwd_std,iat_fwd_mean,iat_fwd_std,pps,payload_entropy_fwd,iat_cv_fwd,small_pkt_ratio_fwd,small_pkt_ratio_bwd,ttl_fwd_first,label
24851,0.0009701251983642578,1,1,74,90,74.0,0.0,90.0,0.0,0.0,0.0,2000.0,0.0,0.0,1.0,1.0,255,1
26340,0.0021820068359375,1,1,78,158,78.0,0.0,158.0,0.0,0.0,0.0,916.5874125874126,0.0,0.0,1.0,0.0,255,1
52686,0.013929128646850586,1,1,105,233,105.0,0.0,233.0,0.0,0.0,0.0,143.58399945227052,0.0,0.0,0.0,0.0,255,1
41362,0.003400087356567383,1,1,74,90,74.0,0.0,90.0,0.0,0.0,0.0,588.2201809129795,0.0,0.0,1.0,1.0,255,1
61645,0.0014450550079345703,1,1,86,124,86.0,0.0,124.0,0.0,0.0,0.0,1384.0303580267282,0.0,0.0,1.0,0.0,255,1
16003,0.003262042999267578,1,1,78,158,78.0,0.0,158.0,0.0,0.0,0.0,613.112702821225,0.0,0.0,1.0,0.0,255,1
