sport,dur,pkts_fwd,pkts_bwd,bytes_fwd,bytes_bwd,pktlen_fwd_mean,pktlen_fwd_std,pktlen_bwd_mean,pktlen_bwd_std,iat_fwd_mean,iat_fwd_std,pps,payload_entropy_fwd,iat_cv_fwd,small_pkt_ratio_fwd,small_pkt_ratio_bwd,ttl_fwd_first,label
6768,0.0008449554443359375,1,1,74,90,74.0,0.0,90.0,0.0,0.0,0.0,2000.0,0.0,0.0,1.0,1.0,255,1
23212,0.0015988349914550781,1,1,78,158,78.0,0.0,158.0,0.0,0.0,0.0,1250.9108261258575,0.0,0.0,1.0,0.0,255,1
24447,0.008099079132080078,1,1,105,233,105.0,0.0,233.0,0.0,0.0,0.0,246.941654400942,0.0,0.0,0.0,0.0,255,1
65182,0.0013599395751953125,1,1,86,124,86.0,0.0,124.0,0.0,0.0,0.0,1470.6535764375876,0.0,0.0,1.0,0.0,255,1
9595,0.001438140869140625,1,1,78,158,78.0,0.0,158.0,0.0,0.0,0.0,1390.684350132626,0.0,0.0,1.0,0.0,255,1
