sport,dur,pkts_fwd,pkts_bwd,bytes_fwd,bytes_bwd,pktlen_fwd_mean,pktlen_fwd_std,pktlen_bwd_mean,pktlen_bwd_std,iat_fwd_mean,iat_fwd_std,pps,payload_entropy_fwd,iat_cv_fwd,small_pkt_ratio_fwd,small_pkt_ratio_bwd,ttl_fwd_first,label
55087,0.0020999908447265625,1,1,74,90,74.0,0.0,90.0,0.0,0.0,0.0,952.3851044504995,0.0,0.0,1.0,1.0,255,1
27490,0.03501605987548828,2,2,156,316,78.0,0.0,158.0,0.0,0.03364896774291992,0.0,114.23329792739058,0.0,0.0,1.0,0.0,255,1
24582,0.2599611282348633,2,2,210,466,105.0,0.0,233.0,0.0,0.2578620910644531,0.0,15.386915832993994,0.0,0.0,0.0,0.0,255,1
36458,0.0021829605102539062,1,1,86,124,86.0,0.0,124.0,0.0,0.0,0.0,916.1869812145042,0.0,0.0,1.0,0.0,255,1
36988,0.0025179386138916016,1,1,78,158,78.0,0.0,158.0,0.0,0.0,0.0,794.3005397216173,0.0,0.0,1.0,0.0,255,1
