sport,dur,pkts_fwd,pkts_bwd,bytes_fwd,bytes_bwd,pktlen_fwd_mean,pktlen_fwd_std,pktlen_bwd_mean,pktlen_bwd_std,iat_fwd_mean,iat_fwd_std,pps,payload_entropy_fwd,iat_cv_fwd,small_pkt_ratio_fwd,small_pkt_ratio_bwd,ttl_fwd_first,label
28535,0.0014450550079345703,1,1,74,90,74.0,0.0,90.0,0.0,0.0,0.0,1384.0303580267282,0.0,0.0,1.0,1.0,255,1
12732,0.004967927932739258,1,1,78,158,78.0,0.0,158.0,0.0,0.0,0.0,402.5823295100062,0.0,0.0,1.0,0.0,255,1
60562,0.0026090145111083984,1,1,105,233,105.0,0.0,233.0,0.0,0.0,0.0,766.5729690212921,0.0,0.0,0.0,0.0,255,1
7658,0.0024170875549316406,1,1,86,124,86.0,0.0,124.0,0.0,0.0,0.0,827.4420990333399,0.0,0.0,1.0,0.0,255,1
5940,0.002151966094970703,1,1,78,158,78.0,0.0,158.0,0.0,0.0,0.0,929.3826722800798,0.0,0.0,1.0,0.0,255,1
