sport,dur,pkts_fwd,pkts_bwd,bytes_fwd,bytes_bwd,pktlen_fwd_mean,pktlen_fwd_std,pktlen_bwd_mean,pktlen_bwd_std,iat_fwd_mean,iat_fwd_std,pps,payload_entropy_fwd,iat_cv_fwd,small_pkt_ratio_fwd,small_pkt_ratio_bwd,ttl_fwd_first,label
31204,0.0009529590606689453,1,1,74,90,74.0,0.0,90.0,0.0,0.0,0.0,2000.0,0.0,0.0,1.0,1.0,255,1
43186,0.002162933349609375,1,1,78,158,78.0,0.0,158.0,0.0,0.0,0.0,924.6701940035273,0.0,0.0,1.0,0.0,255,1
44220,0.003339052200317383,1,1,105,233,105.0,0.0,233.0,0.0,0.0,0.0,598.9723670117816,0.0,0.0,0.0,0.0,255,1
16373,0.0017771720886230469,1,1,74,90,74.0,0.0,90.0,0.0,0.0,0.0,1125.3834182988999,0.0,0.0,1.0,1.0,255,1
13873,0.002157926559448242,1,1,86,124,86.0,0.0,124.0,0.0,0.0,0.0,926.8156004861341,0.0,0.0,1.0,0.0,255,1
60016,0.002201080322265625,1,1,78,158,78.0,0.0,158.0,0.0,0.0,0.0,908.6447140381282,0.0,0.0,1.0,0.0,255,1
