sport,dur,pkts_fwd,pkts_bwd,bytes_fwd,bytes_bwd,pktlen_fwd_mean,pktlen_fwd_std,pktlen_bwd_mean,pktlen_bwd_std,iat_fwd_mean,iat_fwd_std,pps,payload_entropy_fwd,iat_cv_fwd,small_pkt_ratio_fwd,small_pkt_ratio_bwd,ttl_fwd_first,label
35738,0.0008270740509033203,1,1,74,90,74.0,0.0,90.0,0.0,0.0,0.0,2000.0,0.0,0.0,1.0,1.0,255,1
30101,0.0020551681518554688,1,1,78,158,78.0,0.0,158.0,0.0,0.0,0.0,973.1563805104408,0.0,0.0,1.0,0.0,255,1
59931,0.007237911224365234,1,1,105,233,105.0,0.0,233.0,0.0,0.0,0.0,276.3228144146518,0.0,0.0,0.0,0.0,255,1
46149,0.001344919204711914,1,1,86,124,86.0,0.0,124.0,0.0,0.0,0.0,1487.07817762808,0.0,0.0,1.0,0.0,255,1
64567,0.0027740001678466797,1,1,78,158,78.0,0.0,158.0,0.0,0.0,0.0,720.9804899011602,0.0,0.0,1.0,0.0,255,1
