sport,dur,pkts_fwd,pkts_bwd,bytes_fwd,bytes_bwd,pktlen_fwd_mean,pktlen_fwd_std,pktlen_bwd_mean,pktlen_bwd_std,iat_fwd_mean,iat_fwd_std,pps,payload_entropy_fwd,iat_cv_fwd,small_pkt_ratio_fwd,small_pkt_ratio_bwd,ttl_fwd_first,label
13950,0.0018510818481445312,1,1,74,90,74.0,0.0,90.0,0.0,0.0,0.0,1080.4492529623906,0.0,0.0,1.0,1.0,255,1
27070,0.002794981002807617,1,1,78,158,78.0,0.0,158.0,0.0,0.0,0.0,715.5683698711933,0.0,0.0,1.0,0.0,255,1
20734,0.0074350833892822266,1,1,105,233,105.0,0.0,233.0,0.0,0.0,0.0,268.99496552829885,0.0,0.0,0.0,0.0,255,1
16194,0.0021681785583496094,1,1,74,90,74.0,0.0,90.0,0.0,0.0,0.0,922.433252694084,0.0,0.0,1.0,1.0,255,1
33778,0.0024662017822265625,1,1,86,124,86.0,0.0,124.0,0.0,0.0,0.0,810.9636504253674,0.0,0.0,1.0,0.0,255,1
42854,0.0025238990783691406,1,1,78,158,78.0,0.0,158.0,0.0,0.0,0.0,792.4247118836199,0.0,0.0,1.0,0.0,255,1
