sport,dur,pkts_fwd,pkts_bwd,bytes_fwd,bytes_bwd,pktlen_fwd_mean,pktlen_fwd_std,pktlen_bwd_mean,pktlen_bwd_std,iat_fwd_mean,iat_fwd_std,pps,payload_entropy_fwd,iat_cv_fwd,small_pkt_ratio_fwd,small_pkt_ratio_bwd,ttl_fwd_first,label
2648,0.0021550655364990234,1,1,74,90,74.0,0.0,90.0,0.0,0.0,0.0,928.0460227901317,0.0,0.0,1.0,1.0,255,1
7850,0.002071857452392578,1,1,78,158,78.0,0.0,158.0,0.0,0.0,0.0,965.3173762945914,0.0,0.0,1.0,0.0,255,1
53088,0.005230903625488281,1,1,105,233,105.0,0.0,233.0,0.0,0.0,0.0,382.34311759343666,0.0,0.0,0.0,0.0,255,1
57677,0.0017290115356445312,1,1,74,90,74.0,0.0,90.0,0.0,0.0,0.0,1156.73028130171,0.0,0.0,1.0,1.0,255,1
33346,0.0027980804443359375,1,1,86,124,86.0,0.0,124.0,0.0,0.0,0.0,714.7757327880028,0.0,0.0,1.0,0.0,255,1
34937,0.002309083938598633,1,1,78,158,78.0,0.0,158.0,0.0,0.0,0.0,866.1443469282395,0.0,0.0,1.0,0.0,255,1
