sport,dur,pkts_fwd,pkts_bwd,bytes_fwd,bytes_bwd,pktlen_fwd_mean,pktlen_fwd_std,pktlen_bwd_mean,pktlen_bwd_std,iat_fwd_mean,iat_fwd_std,pps,payload_entropy_fwd,iat_cv_fwd,small_pkt_ratio_fwd,small_pkt_ratio_bwd,ttl_fwd_first,label
44823,0.002404928207397461,1,1,74,90,74.0,0.0,90.0,0.0,0.0,0.0,831.6256567859622,0.0,0.0,1.0,1.0,255,1
37858,0.0028960704803466797,1,1,78,158,78.0,0.0,158.0,0.0,0.0,0.0,690.5909278011031,0.0,0.0,1.0,0.0,255,1
13061,0.007092952728271484,1,1,105,233,105.0,0.0,233.0,0.0,0.0,0.0,281.9700168067227,0.0,0.0,0.0,0.0,255,1
12252,0.0015599727630615234,1,1,74,90,74.0,0.0,90.0,0.0,0.0,0.0,1282.0736665138315,0.0,0.0,1.0,1.0,255,1
12617,0.001455068588256836,1,1,86,124,86.0,0.0,124.0,0.0,0.0,0.0,1374.5056529575618,0.0,0.0,1.0,0.0,255,1
16497,0.0018260478973388672,1,1,78,158,78.0,0.0,158.0,0.0,0.0,0.0,1095.2615223919572,0.0,0.0,1.0,0.0,255,1
