sport,dur,pkts_fwd,pkts_bwd,bytes_fwd,bytes_bwd,pktlen_fwd_mean,pktlen_fwd_std,pktlen_bwd_mean,pktlen_bwd_std,iat_fwd_mean,iat_fwd_std,pps,payload_entropy_fwd,iat_cv_fwd,small_pkt_ratio_fwd,small_pkt_ratio_bwd,ttl_fwd_first,label
37100,0.002012014389038086,1,1,74,90,74.0,0.0,90.0,0.0,0.0,0.0,994.0286763834578,0.0,0.0,1.0,1.0,255,1
27821,0.002354145050048828,1,1,78,158,78.0,0.0,158.0,0.0,0.0,0.0,849.5653230706907,0.0,0.0,1.0,0.0,255,1
27389,0.00643610954284668,1,1,105,233,105.0,0.0,233.0,0.0,0.0,0.0,310.7467308760882,0.0,0.0,0.0,0.0,255,1
13682,0.0013949871063232422,1,1,74,90,74.0,0.0,90.0,0.0,0.0,0.0,1433.705007690993,0.0,0.0,1.0,1.0,255,1
26911,0.002007007598876953,1,1,86,124,86.0,0.0,124.0,0.0,0.0,0.0,996.5084343074365,0.0,0.0,1.0,0.0,255,1
47116,0.002732992172241211,1,1,78,158,78.0,0.0,158.0,0.0,0.0,0.0,731.7986565471517,0.0,0.0,1.0,0.0,255,1
