sport,dur,pkts_fwd,pkts_bwd,bytes_fwd,bytes_bwd,pktlen_fwd_mean,pktlen_fwd_std,pktlen_bwd_mean,pktlen_bwd_std,iat_fwd_mean,iat_fwd_std,pps,payload_entropy_fwd,iat_cv_fwd,small_pkt_ratio_fwd,small_pkt_ratio_bwd,ttl_fwd_first,label
9016,0.001422882080078125,1,1,74,90,74.0,0.0,90.0,0.0,0.0,0.0,1405.597855227882,0.0,0.0,1.0,1.0,255,1
21906,0.002447843551635742,1,1,78,158,78.0,0.0,158.0,0.0,0.0,0.0,817.045680335054,0.0,0.0,1.0,0.0,255,1
34735,0.0056209564208984375,1,1,105,233,105.0,0.0,233.0,0.0,0.0,0.0,355.8113335595521,0.0,0.0,0.0,0.0,255,1
14196,0.0014681816101074219,1,1,74,90,74.0,0.0,90.0,0.0,0.0,0.0,1362.2292952257226,0.0,0.0,1.0,1.0,255,1
34689,0.0025169849395751953,1,1,86,124,86.0,0.0,124.0,0.0,0.0,0.0,794.6014966373023,0.0,0.0,1.0,0.0,255,1
38104,0.0015978813171386719,1,1,78,158,78.0,0.0,158.0,0.0,0.0,0.0,1251.657415696807,0.0,0.0,1.0,0.0,255,1
