sport,dur,pkts_fwd,pkts_bwd,bytes_fwd,bytes_bwd,pktlen_fwd_mean,pktlen_fwd_std,pktlen_bwd_mean,pktlen_bwd_std,iat_fwd_mean,iat_fwd_std,pps,payload_entropy_fwd,iat_cv_fwd,small_pkt_ratio_fwd,small_pkt_ratio_bwd,ttl_fwd_first,label
42591,0.0013670921325683594,1,1,74,90,74.0,0.0,90.0,0.0,0.0,0.0,1462.9591907917684,0.0,0.0,1.0,1.0,255,1
28674,0.005546092987060547,1,1,78,158,78.0,0.0,158.0,0.0,0.0,0.0,360.61422061731577,0.0,0.0,1.0,0.0,255,1
38981,0.006719827651977539,1,1,105,233,105.0,0.0,233.0,0.0,0.0,0.0,297.62668085861276,0.0,0.0,0.0,0.0,255,1
41181,0.0016570091247558594,1,1,86,124,86.0,0.0,124.0,0.0,0.0,0.0,1206.9939568345324,0.0,0.0,1.0,0.0,255,1
30997,0.0017189979553222656,1,1,78,158,78.0,0.0,158.0,0.0,0.0,0.0,1163.4685159500693,0.0,0.0,1.0,0.0,255,1
