sport,dur,pkts_fwd,pkts_bwd,bytes_fwd,bytes_bwd,pktlen_fwd_mean,pktlen_fwd_std,pktlen_bwd_mean,pktlen_bwd_std,iat_fwd_mean,iat_fwd_std,pps,payload_entropy_fwd,iat_cv_fwd,small_pkt_ratio_fwd,small_pkt_ratio_bwd,ttl_fwd_first,label
59005,0.0016520023345947266,1,1,74,90,74.0,0.0,90.0,0.0,0.0,0.0,1210.652042141723,0.0,0.0,1.0,1.0,255,1
57260,0.0019299983978271484,1,1,78,158,78.0,0.0,158.0,0.0,0.0,0.0,1036.270290302656,0.0,0.0,1.0,0.0,255,1
55273,0.013186931610107422,1,1,105,233,105.0,0.0,233.0,0.0,0.0,0.0,151.6653046465377,0.0,0.0,0.0,0.0,255,1
63098,0.004554033279418945,2,2,148,180,74.0,0.0,90.0,0.0,0.0032279491424560547,0.0,878.3422857442018,0.0,0.0,1.0,1.0,255,1
54722,0.001466989517211914,1,1,86,124,86.0,0.0,124.0,0.0,0.0,0.0,1363.3362587355762,0.0,0.0,1.0,0.0,255,1
33078,0.0025398731231689453,1,1,78,158,78.0,0.0,158.0,0.0,0.0,0.0,787.4409086642261,0.0,0.0,1.0,0.0,255,1
