sport,dur,pkts_fwd,pkts_bwd,bytes_fwd,bytes_bwd,pktlen_fwd_mean,pktlen_fwd_std,pktlen_bwd_mean,pktlen_bwd_std,iat_fwd_mean,iat_fwd_std,pps,payload_entropy_fwd,iat_cv_fwd,small_pkt_ratio_fwd,small_pkt_ratio_bwd,ttl_fwd_first,label
38366,0.0008769035339355469,1,1,74,90,74.0,0.0,90.0,0.0,0.0,0.0,2000.0,0.0,0.0,1.0,1.0,255,1
2124,0.0013689994812011719,1,1,78,158,78.0,0.0,158.0,0.0,0.0,0.0,1460.9209334726577,0.0,0.0,1.0,0.0,255,1
6636,0.014548063278198242,1,1,105,233,105.0,0.0,233.0,0.0,0.0,0.0,137.47534374539077,0.0,0.0,0.0,0.0,255,1
62928,0.0013699531555175781,1,1,74,90,74.0,0.0,90.0,0.0,0.0,0.0,1459.9039331709016,0.0,0.0,1.0,1.0,255,1
41935,0.0022110939025878906,1,1,86,124,86.0,0.0,124.0,0.0,0.0,0.0,904.529652792754,0.0,0.0,1.0,0.0,255,1
21669,0.002752065658569336,1,1,78,158,78.0,0.0,158.0,0.0,0.0,0.0,726.726847440007,0.0,0.0,1.0,0.0,255,1
