sport,dur,pkts_fwd,pkts_bwd,bytes_fwd,bytes_bwd,pktlen_fwd_mean,pktlen_fwd_std,pktlen_bwd_mean,pktlen_bwd_std,iat_fwd_mean,iat_fwd_std,pps,payload_entropy_fwd,iat_cv_fwd,small_pkt_ratio_fwd,small_pkt_ratio_bwd,ttl_fwd_first,label
41355,0.002145051956176758,1,1,74,90,74.0,0.0,90.0,0.0,0.0,0.0,932.378348338335,0.0,0.0,1.0,1.0,255,1
64424,0.0017490386962890625,1,1,78,158,78.0,0.0,158.0,0.0,0.0,0.0,1143.485278080698,0.0,0.0,1.0,0.0,255,1
46746,0.006009101867675781,1,1,105,233,105.0,0.0,233.0,0.0,0.0,0.0,332.8284399301698,0.0,0.0,0.0,0.0,255,1
11520,0.0021190643310546875,1,1,74,90,74.0,0.0,90.0,0.0,0.0,0.0,943.8127812781278,0.0,0.0,1.0,1.0,255,1
14845,0.002151012420654297,1,1,86,124,86.0,0.0,124.0,0.0,0.0,0.0,929.7947240079804,0.0,0.0,1.0,0.0,255,1
2420,0.0028569698333740234,1,1,78,158,78.0,0.0,158.0,0.0,0.0,0.0,700.0423933906368,0.0,0.0,1.0,0.0,255,1
52443,0.049978017807006836,1,1,72,136,72.0,0.0,136.0,0.0,0.0,0.0,40.01759348926406,0.0,0.0,1.0,0.0,255,1
