sport,dur,pkts_fwd,pkts_bwd,bytes_fwd,bytes_bwd,pktlen_fwd_mean,pktlen_fwd_std,pktlen_bwd_mean,pktlen_bwd_std,iat_fwd_mean,iat_fwd_std,pps,payload_entropy_fwd,iat_cv_fwd,small_pkt_ratio_fwd,small_pkt_ratio_bwd,ttl_fwd_first,label
58610,0.001024007797241211,1,1,74,90,74.0,0.0,90.0,0.0,0.0,0.0,1953.110128055879,0.0,0.0,1.0,1.0,255,1
33788,0.0033288002014160156,1,1,78,158,78.0,0.0,158.0,0.0,0.0,0.0,600.8170749176336,0.0,0.0,1.0,0.0,255,1
50022,0.007024049758911133,1,1,105,233,105.0,0.0,233.0,0.0,0.0,0.0,284.7360238959981,0.0,0.0,0.0,0.0,255,1
55396,0.002026081085205078,1,1,86,124,86.0,0.0,124.0,0.0,0.0,0.0,987.1273240762532,0.0,0.0,1.0,0.0,255,1
56622,0.0016489028930664062,1,1,78,158,78.0,0.0,158.0,0.0,0.0,0.0,1212.9277038750722,0.0,0.0,1.0,0.0,255,1
