sport,dur,pkts_fwd,pkts_bwd,bytes_fwd,bytes_bwd,pktlen_fwd_mean,pktlen_fwd_std,pktlen_bwd_mean,pktlen_bwd_std,iat_fwd_mean,iat_fwd_std,pps,payload_entropy_fwd,iat_cv_fwd,small_pkt_ratio_fwd,small_pkt_ratio_bwd,ttl_fwd_first,label
23778,0.0016741752624511719,1,1,74,90,74.0,0.0,90.0,0.0,0.0,0.0,1194.6180575334663,0.0,0.0,1.0,1.0,255,1
40227,0.001970052719116211,1,1,78,158,78.0,0.0,158.0,0.0,0.0,0.0,1015.2012586227762,0.0,0.0,1.0,0.0,255,1
40466,0.0156710147857666,1,1,105,233,105.0,0.0,233.0,0.0,0.0,0.0,127.62415372210135,0.0,0.0,0.0,0.0,255,1
16472,0.0009660720825195312,1,1,74,90,74.0,0.0,90.0,0.0,0.0,0.0,2000.0,0.0,0.0,1.0,1.0,255,1
44165,0.0015571117401123047,1,1,86,124,86.0,0.0,124.0,0.0,0.0,0.0,1284.4293370081152,0.0,0.0,1.0,0.0,255,1
2790,0.0021500587463378906,1,1,78,158,78.0,0.0,158.0,0.0,0.0,0.0,930.2071412730095,0.0,0.0,1.0,0.0,255,1
