sport,dur,pkts_fwd,pkts_bwd,bytes_fwd,bytes_bwd,pktlen_fwd_mean,pktlen_fwd_std,pktlen_bwd_mean,pktlen_bwd_std,iat_fwd_mean,iat_fwd_std,pps,payload_entropy_fwd,iat_cv_fwd,small_pkt_ratio_fwd,small_pkt_ratio_bwd,ttl_fwd_first,label
30546,0.0010149478912353516,1,1,74,90,74.0,0.0,90.0,0.0,0.0,0.0,1970.544514916608,0.0,0.0,1.0,1.0,255,1
48687,0.003143787384033203,1,1,78,158,78.0,0.0,158.0,0.0,0.0,0.0,636.1753374791446,0.0,0.0,1.0,0.0,255,1
55789,0.005288124084472656,1,1,105,233,105.0,0.0,233.0,0.0,0.0,0.0,378.2059513074842,0.0,0.0,0.0,0.0,255,1
41343,0.0008878707885742188,1,1,74,90,74.0,0.0,90.0,0.0,0.0,0.0,2000.0,0.0,0.0,1.0,1.0,255,1
33696,0.001650094985961914,1,1,86,124,86.0,0.0,124.0,0.0,0.0,0.0,1212.0514376535182,0.0,0.0,1.0,0.0,255,1
5622,0.002485036849975586,1,1,78,158,78.0,0.0,158.0,0.0,0.0,0.0,804.817039240142,0.0,0.0,1.0,0.0,255,1
