sport,dur,pkts_fwd,pkts_bwd,bytes_fwd,bytes_bwd,pktlen_fwd_mean,pktlen_fwd_std,pktlen_bwd_mean,pktlen_bwd_std,iat_fwd_mean,iat_fwd_std,pps,payload_entropy_fwd,iat_cv_fwd,small_pkt_ratio_fwd,small_pkt_ratio_bwd,ttl_fwd_first,label
53332,0.002125978469848633,1,1,74,90,74.0,0.0,90.0,0.0,0.0,0.0,940.7432993159134,0.0,0.0,1.0,1.0,255,1
50415,0.0021440982818603516,1,1,78,158,78.0,0.0,158.0,0.0,0.0,0.0,932.7930612698766,0.0,0.0,1.0,0.0,255,1
8764,0.0065860748291015625,1,1,105,233,105.0,0.0,233.0,0.0,0.0,0.0,303.67101071532,0.0,0.0,0.0,0.0,255,1
63644,0.0015408992767333984,1,1,86,124,86.0,0.0,124.0,0.0,0.0,0.0,1297.9433699520346,0.0,0.0,1.0,0.0,255,1
18428,0.0032300949096679688,1,1,78,158,78.0,0.0,158.0,0.0,0.0,0.0,619.1768526719811,0.0,0.0,1.0,0.0,255,1
