sport,dur,pkts_fwd,pkts_bwd,bytes_fwd,bytes_bwd,pktlen_fwd_mean,pktlen_fwd_std,pktlen_bwd_mean,pktlen_bwd_std,iat_fwd_mean,iat_fwd_std,pps,payload_entropy_fwd,iat_cv_fwd,small_pkt_ratio_fwd,small_pkt_ratio_bwd,ttl_fwd_first,label
9679,0.0016219615936279297,1,1,74,90,74.0,0.0,90.0,0.0,0.0,0.0,1233.0748199323828,0.0,0.0,1.0,1.0,255,1
31334,0.0009479522705078125,1,1,78,158,78.0,0.0,158.0,0.0,0.0,0.0,2000.0,0.0,0.0,1.0,0.0,255,1
34776,0.005624055862426758,1,1,105,233,105.0,0.0,233.0,0.0,0.0,0.0,355.6152443935733,0.0,0.0,0.0,0.0,255,1
36189,0.0022699832916259766,1,1,86,124,86.0,0.0,124.0,0.0,0.0,0.0,881.0637538073731,0.0,0.0,1.0,0.0,255,1
23769,0.0019500255584716797,1,1,78,158,78.0,0.0,158.0,0.0,0.0,0.0,1025.6275828340872,0.0,0.0,1.0,0.0,255,1
