sport,dur,pkts_fwd,pkts_bwd,bytes_fwd,bytes_bwd,pktlen_fwd_mean,pktlen_fwd_std,pktlen_bwd_mean,pktlen_bwd_std,iat_fwd_mean,iat_fwd_std,pps,payload_entropy_fwd,iat_cv_fwd,small_pkt_ratio_fwd,small_pkt_ratio_bwd,ttl_fwd_first,label
51063,0.0028498172760009766,1,1,74,90,74.0,0.0,90.0,0.0,0.0,0.0,701.7993809085585,0.0,0.0,1.0,1.0,255,1
4072,0.3626139163970947,2,2,156,316,78.0,0.0,158.0,0.0,0.3594329357147217,0.0,11.031016238272668,0.0,0.0,1.0,0.0,255,1
11844,0.007424116134643555,1,1,105,233,105.0,0.0,233.0,0.0,0.0,0.0,269.3923375830951,0.0,0.0,0.0,0.0,255,1
7863,0.003206968307495117,1,1,86,124,86.0,0.0,124.0,0.0,0.0,0.0,623.6419597055981,0.0,0.0,1.0,0.0,255,1
44421,0.0026330947875976562,1,1,78,158,78.0,0.0,158.0,0.0,0.0,0.0,759.5624773632742,0.0,0.0,1.0,0.0,255,1
