sport,dur,pkts_fwd,pkts_bwd,bytes_fwd,bytes_bwd,pktlen_fwd_mean,pktlen_fwd_std,pktlen_bwd_mean,pktlen_bwd_std,iat_fwd_mean,iat_fwd_std,pps,payload_entropy_fwd,iat_cv_fwd,small_pkt_ratio_fwd,small_pkt_ratio_bwd,ttl_fwd_first,label
27680,0.00220489501953125,1,1,74,90,74.0,0.0,90.0,0.0,0.0,0.0,907.0726643598616,0.0,0.0,1.0,1.0,255,1
46667,0.001428842544555664,1,1,78,158,78.0,0.0,158.0,0.0,0.0,0.0,1399.7343567495411,0.0,0.0,1.0,0.0,255,1
39230,0.002557992935180664,1,1,105,233,105.0,0.0,233.0,0.0,0.0,0.0,781.8629881629229,0.0,0.0,0.0,0.0,255,1
55792,0.006005048751831055,1,1,86,124,86.0,0.0,124.0,0.0,0.0,0.0,333.0530829396117,0.0,0.0,1.0,0.0,255,1
27174,0.0023889541625976562,1,1,78,158,78.0,0.0,158.0,0.0,0.0,0.0,837.1864271457085,0.0,0.0,1.0,0.0,255,1
