sport,dur,pkts_fwd,pkts_bwd,bytes_fwd,bytes_bwd,pktlen_fwd_mean,pktlen_fwd_std,pktlen_bwd_mean,pktlen_bwd_std,iat_fwd_mean,iat_fwd_std,pps,payload_entropy_fwd,iat_cv_fwd,small_pkt_ratio_fwd,small_pkt_ratio_bwd,ttl_fwd_first,label
55592,0.0014078617095947266,1,1,74,90,74.0,0.0,90.0,0.0,0.0,0.0,1420.5940728196445,0.0,0.0,1.0,1.0,255,1
7798,0.0016520023345947266,1,1,78,158,78.0,0.0,158.0,0.0,0.0,0.0,1210.652042141723,0.0,0.0,1.0,0.0,255,1
4141,0.006651878356933594,1,1,105,233,105.0,0.0,233.0,0.0,0.0,0.0,300.6669534050179,0.0,0.0,0.0,0.0,255,1
47352,0.0025360584259033203,1,1,86,124,86.0,0.0,124.0,0.0,0.0,0.0,788.6253642944439,0.0,0.0,1.0,0.0,255,1
32093,0.0035560131072998047,1,1,78,158,78.0,0.0,158.0,0.0,0.0,0.0,562.4276231981227,0.0,0.0,1.0,0.0,255,1
18144,0.0029501914978027344,1,1,72,136,72.0,0.0,136.0,0.0,0.0,0.0,677.9220947147244,0.0,0.0,1.0,0.0,255,1
