sport,dur,pkts_fwd,pkts_bwd,bytes_fwd,bytes_bwd,pktlen_fwd_mean,pktlen_fwd_std,pktlen_bwd_mean,pktlen_bwd_std,iat_fwd_mean,iat_fwd_std,pps,payload_entropy_fwd,iat_cv_fwd,small_pkt_ratio_fwd,small_pkt_ratio_bwd,ttl_fwd_first,label
45237,0.0013949871063232422,1,1,74,90,74.0,0.0,90.0,0.0,0.0,0.0,1433.705007690993,0.0,0.0,1.0,1.0,255,1
55558,0.0027070045471191406,1,1,78,158,78.0,0.0,158.0,0.0,0.0,0.0,738.824026774705,0.0,0.0,1.0,0.0,255,1
24304,0.0066759586334228516,1,1,105,233,105.0,0.0,233.0,0.0,0.0,0.0,299.5824434841613,0.0,0.0,0.0,0.0,255,1
13016,0.002135038375854492,1,1,74,90,74.0,0.0,90.0,0.0,0.0,0.0,936.7513121161362,0.0,0.0,1.0,1.0,255,1
44846,0.0014688968658447266,1,1,86,124,86.0,0.0,124.0,0.0,0.0,0.0,1361.5659795487745,0.0,0.0,1.0,0.0,255,1
49113,0.008016109466552734,1,1,78,158,78.0,0.0,158.0,0.0,0.0,0.0,249.49759086312534,0.0,0.0,1.0,0.0,255,1
