sport,dur,pkts_fwd,pkts_bwd,bytes_fwd,bytes_bwd,pktlen_fwd_mean,pktlen_fwd_std,pktlen_bwd_mean,pktlen_bwd_std,iat_fwd_mean,iat_fwd_std,pps,payload_entropy_fwd,iat_cv_fwd,small_pkt_ratio_fwd,small_pkt_ratio_bwd,ttl_fwd_first,label
13015,0.0008409023284912109,1,1,74,90,74.0,0.0,90.0,0.0,0.0,0.0,2000.0,0.0,0.0,1.0,1.0,255,1
20352,0.002317190170288086,1,1,78,158,78.0,0.0,158.0,0.0,0.0,0.0,863.1143121720341,0.0,0.0,1.0,0.0,255,1
7809,0.005697011947631836,1,1,105,233,105.0,0.0,233.0,0.0,0.0,0.0,351.06122619794934,0.0,0.0,0.0,0.0,255,1
1437,0.0017001628875732422,1,1,74,90,74.0,0.0,90.0,0.0,0.0,0.0,1176.3578740709577,0.0,0.0,1.0,1.0,255,1
20022,0.0020389556884765625,1,1,86,124,86.0,0.0,124.0,0.0,0.0,0.0,980.8942937324603,0.0,0.0,1.0,0.0,255,1
7964,0.0009419918060302734,1,1,78,158,78.0,0.0,158.0,0.0,0.0,0.0,2000.0,0.0,0.0,1.0,0.0,255,1
