sport,dur,pkts_fwd,pkts_bwd,bytes_fwd,bytes_bwd,pktlen_fwd_mean,pktlen_fwd_std,pktlen_bwd_mean,pktlen_bwd_std,iat_fwd_mean,iat_fwd_std,pps,payload_entropy_fwd,iat_cv_fwd,small_pkt_ratio_fwd,small_pkt_ratio_bwd,ttl_fwd_first,label
1396,0.0021240711212158203,1,1,74,90,74.0,0.0,90.0,0.0,0.0,0.0,941.58805702099,0.0,0.0,1.0,1.0,255,1
52696,0.003236055374145508,1,1,78,158,78.0,0.0,158.0,0.0,0.0,0.0,618.0363957857511,0.0,0.0,1.0,0.0,255,1
28807,0.006909847259521484,1,1,105,233,105.0,0.0,233.0,0.0,0.0,0.0,289.4419984818163,0.0,0.0,0.0,0.0,255,1
52634,0.0010378360748291016,1,1,86,124,86.0,0.0,124.0,0.0,0.0,0.0,1927.0866069377441,0.0,0.0,1.0,0.0,255,1
34200,0.003921031951904297,1,1,78,158,78.0,0.0,158.0,0.0,0.0,0.0,510.0698042077101,0.0,0.0,1.0,0.0,255,1
