sport,dur,pkts_fwd,pkts_bwd,bytes_fwd,bytes_bwd,pktlen_fwd_mean,pktlen_fwd_std,pktlen_bwd_mean,pktlen_bwd_std,iat_fwd_mean,iat_fwd_std,pps,payload_entropy_fwd,iat_cv_fwd,small_pkt_ratio_fwd,small_pkt_ratio_bwd,ttl_fwd_first,label
60488,0.0020859241485595703,1,1,74,90,74.0,0.0,90.0,0.0,0.0,0.0,958.8076351583038,0.0,0.0,1.0,1.0,255,1
60567,0.002101898193359375,1,1,78,158,78.0,0.0,158.0,0.0,0.0,0.0,951.5208711433756,0.0,0.0,1.0,0.0,255,1
33693,0.012601137161254883,1,1,105,233,105.0,0.0,233.0,0.0,0.0,0.0,158.71583448432446,0.0,0.0,0.0,0.0,255,1
9626,0.002088785171508789,1,1,74,90,74.0,0.0,90.0,0.0,0.0,0.0,957.4943499600503,0.0,0.0,1.0,1.0,255,1
35125,0.0013740062713623047,1,1,86,124,86.0,0.0,124.0,0.0,0.0,0.0,1455.5974318931112,0.0,0.0,1.0,0.0,255,1
