sport,dur,pkts_fwd,pkts_bwd,bytes_fwd,bytes_bwd,pktlen_fwd_mean,pktlen_fwd_std,pktlen_bwd_mean,pktlen_bwd_std,iat_fwd_mean,iat_fwd_std,pps,payload_entropy_fwd,iat_cv_fwd,small_pkt_ratio_fwd,small_pkt_ratio_bwd,ttl_fwd_first,label
45773,0.0013020038604736328,1,1,74,90,74.0,0.0,90.0,0.0,0.0,0.0,1536.0937557223951,0.0,0.0,1.0,1.0,255,1
31839,0.0020608901977539062,1,1,78,158,78.0,0.0,158.0,0.0,0.0,0.0,970.4544192503471,0.0,0.0,1.0,0.0,255,1
24386,0.03039097785949707,1,1,105,233,105.0,0.0,233.0,0.0,0.0,0.0,65.80900454228087,0.0,0.0,0.0,0.0,255,1
48851,0.001010894775390625,1,1,86,124,86.0,0.0,124.0,0.0,0.0,0.0,1978.445283018868,0.0,0.0,1.0,0.0,255,1
55360,0.0024302005767822266,1,1,78,158,78.0,0.0,158.0,0.0,0.0,0.0,822.9773373884038,0.0,0.0,1.0,0.0,255,1
