sport,dur,pkts_fwd,pkts_bwd,bytes_fwd,bytes_bwd,pktlen_fwd_mean,pktlen_fwd_std,pktlen_bwd_mean,pktlen_bwd_std,iat_fwd_mean,iat_fwd_std,pps,payload_entropy_fwd,iat_cv_fwd,small_pkt_ratio_fwd,small_pkt_ratio_bwd,ttl_fwd_first,label
42340,0.0009169578552246094,1,1,74,90,74.0,0.0,90.0,0.0,0.0,0.0,2000.0,0.0,0.0,1.0,1.0,255,1
41487,0.00232696533203125,1,1,78,158,78.0,0.0,158.0,0.0,0.0,0.0,859.4885245901639,0.0,0.0,1.0,0.0,255,1
28975,0.006509065628051758,1,1,105,233,105.0,0.0,233.0,0.0,0.0,0.0,307.26376323211605,0.0,0.0,0.0,0.0,255,1
65356,0.0008869171142578125,1,1,74,90,74.0,0.0,90.0,0.0,0.0,0.0,2000.0,0.0,0.0,1.0,1.0,255,1
19548,0.002090930938720703,1,1,86,124,86.0,0.0,124.0,0.0,0.0,0.0,956.5117445838084,0.0,0.0,1.0,0.0,255,1
25743,0.0016450881958007812,1,1,78,158,78.0,0.0,158.0,0.0,0.0,0.0,1215.7402898550724,0.0,0.0,1.0,0.0,255,1
