sport,dur,pkts_fwd,pkts_bwd,bytes_fwd,bytes_bwd,pktlen_fwd_mean,pktlen_fwd_std,pktlen_bwd_mean,pktlen_bwd_std,iat_fwd_mean,iat_fwd_std,pps,payload_entropy_fwd,iat_cv_fwd,small_pkt_ratio_fwd,small_pkt_ratio_bwd,ttl_fwd_first,label
61489,0.001352071762084961,1,1,74,90,74.0,0.0,90.0,0.0,0.0,0.0,1479.211426556163,0.0,0.0,1.0,1.0,255,1
14393,0.002344846725463867,1,1,78,158,78.0,0.0,158.0,0.0,0.0,0.0,852.9342145399085,0.0,0.0,1.0,0.0,255,1
36597,0.005296945571899414,1,1,105,233,105.0,0.0,233.0,0.0,0.0,0.0,377.57609038123957,0.0,0.0,0.0,0.0,255,1
27077,0.0013730525970458984,1,1,86,124,86.0,0.0,124.0,0.0,0.0,0.0,1456.608438965098,0.0,0.0,1.0,0.0,255,1
5202,0.00249481201171875,1,1,78,158,78.0,0.0,158.0,0.0,0.0,0.0,801.6636085626911,0.0,0.0,1.0,0.0,255,1
