sport,dur,pkts_fwd,pkts_bwd,bytes_fwd,bytes_bwd,pktlen_fwd_mean,pktlen_fwd_std,pktlen_bwd_mean,pktlen_bwd_std,iat_fwd_mean,iat_fwd_std,pps,payload_entropy_fwd,iat_cv_fwd,small_pkt_ratio_fwd,small_pkt_ratio_bwd,ttl_fwd_first,label
60842,0.001550912857055664,1,1,74,90,74.0,0.0,90.0,0.0,0.0,0.0,1289.5631053036127,0.0,0.0,1.0,1.0,255,1
13938,0.002209901809692383,1,1,78,158,78.0,0.0,158.0,0.0,0.0,0.0,905.017585500054,0.0,0.0,1.0,0.0,255,1
41451,0.006873130798339844,1,1,105,233,105.0,0.0,233.0,0.0,0.0,0.0,290.98820591091993,0.0,0.0,0.0,0.0,255,1
9183,0.0010221004486083984,1,1,74,90,74.0,0.0,90.0,0.0,0.0,0.0,1956.7548402146024,0.0,0.0,1.0,1.0,255,1
42779,0.0024678707122802734,1,1,86,124,86.0,0.0,124.0,0.0,0.0,0.0,810.4152255820694,0.0,0.0,1.0,0.0,255,1
54624,0.0025060176849365234,1,1,78,158,78.0,0.0,158.0,0.0,0.0,0.0,798.0789648939207,0.0,0.0,1.0,0.0,255,1
