sport,dur,pkts_fwd,pkts_bwd,bytes_fwd,bytes_bwd,pktlen_fwd_mean,pktlen_fwd_std,pktlen_bwd_mean,pktlen_bwd_std,iat_fwd_mean,iat_fwd_std,pps,payload_entropy_fwd,iat_cv_fwd,small_pkt_ratio_fwd,small_pkt_ratio_bwd,ttl_fwd_first,label
24557,0.0016741752624511719,1,1,74,90,74.0,0.0,90.0,0.0,0.0,0.0,1194.6180575334663,0.0,0.0,1.0,1.0,255,1
6860,0.002707958221435547,1,1,78,158,78.0,0.0,158.0,0.0,0.0,0.0,738.5638316605036,0.0,0.0,1.0,0.0,255,1
44755,0.006413936614990234,1,1,105,233,105.0,0.0,233.0,0.0,0.0,0.0,311.82097985279904,0.0,0.0,0.0,0.0,255,1
56578,0.002007007598876953,1,1,74,90,74.0,0.0,90.0,0.0,0.0,0.0,996.5084343074365,0.0,0.0,1.0,1.0,255,1
28635,0.00220489501953125,1,1,86,124,86.0,0.0,124.0,0.0,0.0,0.0,907.0726643598616,0.0,0.0,1.0,0.0,255,1
63918,0.002502918243408203,1,1,78,158,78.0,0.0,158.0,0.0,0.0,0.0,799.0672509049343,0.0,0.0,1.0,0.0,255,1
