sport,dur,pkts_fwd,pkts_bwd,bytes_fwd,bytes_bwd,pktlen_fwd_mean,pktlen_fwd_std,pktlen_bwd_mean,pktlen_bwd_std,iat_fwd_mean,iat_fwd_std,pps,payload_entropy_fwd,iat_cv_fwd,small_pkt_ratio_fwd,small_pkt_ratio_bwd,ttl_fwd_first,label
46212,0.00138092041015625,1,1,74,90,74.0,0.0,90.0,0.0,0.0,0.0,1448.3093922651933,0.0,0.0,1.0,1.0,255,1
1251,0.0032269954681396484,1,1,78,158,78.0,0.0,158.0,0.0,0.0,0.0,619.7715552271887,0.0,0.0,1.0,0.0,255,1
27500,0.013483047485351562,1,1,105,233,105.0,0.0,233.0,0.0,0.0,0.0,148.3344178808884,0.0,0.0,0.0,0.0,255,1
29430,0.0016450881958007812,1,1,74,90,74.0,0.0,90.0,0.0,0.0,0.0,1215.7402898550724,0.0,0.0,1.0,1.0,255,1
63494,0.0025360584259033203,1,1,86,124,86.0,0.0,124.0,0.0,0.0,0.0,788.6253642944439,0.0,0.0,1.0,0.0,255,1
53660,0.0026459693908691406,1,1,78,158,78.0,0.0,158.0,0.0,0.0,0.0,755.8666426383132,0.0,0.0,1.0,0.0,255,1
