sport,dur,pkts_fwd,pkts_bwd,bytes_fwd,bytes_bwd,pktlen_fwd_mean,pktlen_fwd_std,pktlen_bwd_mean,pktlen_bwd_std,iat_fwd_mean,iat_fwd_std,pps,payload_entropy_fwd,iat_cv_fwd,small_pkt_ratio_fwd,small_pkt_ratio_bwd,ttl_fwd_first,label
48878,0.002053976058959961,1,1,74,90,74.0,0.0,90.0,0.0,0.0,0.0,973.7211839814278,0.0,0.0,1.0,1.0,255,1
46715,0.0018978118896484375,1,1,78,158,78.0,0.0,158.0,0.0,0.0,0.0,1053.8452261306534,0.0,0.0,1.0,0.0,255,1
45584,0.006172895431518555,1,1,105,233,105.0,0.0,233.0,0.0,0.0,0.0,323.9970646170484,0.0,0.0,0.0,0.0,255,1
30957,0.0021021366119384766,1,1,86,124,86.0,0.0,124.0,0.0,0.0,0.0,951.4129522513326,0.0,0.0,1.0,0.0,255,1
56023,0.0038399696350097656,1,1,78,158,78.0,0.0,158.0,0.0,0.0,0.0,520.8374518812865,0.0,0.0,1.0,0.0,255,1
