sport,dur,pkts_fwd,pkts_bwd,bytes_fwd,bytes_bwd,pktlen_fwd_mean,pktlen_fwd_std,pktlen_bwd_mean,pktlen_bwd_std,iat_fwd_mean,iat_fwd_std,pps,payload_entropy_fwd,iat_cv_fwd,small_pkt_ratio_fwd,small_pkt_ratio_bwd,ttl_fwd_first,label
52088,0.0013511180877685547,1,1,74,90,74.0,0.0,90.0,0.0,0.0,0.0,1480.255514381507,0.0,0.0,1.0,1.0,255,1
14188,0.002110004425048828,1,1,78,158,78.0,0.0,158.0,0.0,0.0,0.0,947.8653107344633,0.0,0.0,1.0,0.0,255,1
4682,0.006068229675292969,1,1,105,233,105.0,0.0,233.0,0.0,0.0,0.0,329.5854156844256,0.0,0.0,0.0,0.0,255,1
58274,0.002177000045776367,1,1,86,124,86.0,0.0,124.0,0.0,0.0,0.0,918.6954331398532,0.0,0.0,1.0,0.0,255,1
63926,0.0019221305847167969,1,1,78,158,78.0,0.0,158.0,0.0,0.0,0.0,1040.5120317539072,0.0,0.0,1.0,0.0,255,1
