sport,dur,pkts_fwd,pkts_bwd,bytes_fwd,bytes_bwd,pktlen_fwd_mean,pktlen_fwd_std,pktlen_bwd_mean,pktlen_bwd_std,iat_fwd_mean,iat_fwd_std,pps,payload_entropy_fwd,iat_cv_fwd,small_pkt_ratio_fwd,small_pkt_ratio_bwd,ttl_fwd_first,label
40328,0.0016639232635498047,1,1,74,90,74.0,0.0,90.0,0.0,0.0,0.0,1201.9785069494196,0.0,0.0,1.0,1.0,255,1
53312,0.0009241104125976562,1,1,78,158,78.0,0.0,158.0,0.0,0.0,0.0,2000.0,0.0,0.0,1.0,0.0,255,1
22704,0.01417088508605957,1,1,105,233,105.0,0.0,233.0,0.0,0.0,0.0,141.13444487440483,0.0,0.0,0.0,0.0,255,1
6613,0.0014591217041015625,1,1,86,124,86.0,0.0,124.0,0.0,0.0,0.0,1370.6875816993463,0.0,0.0,1.0,0.0,255,1
50813,0.0015189647674560547,1,1,78,158,78.0,0.0,158.0,0.0,0.0,0.0,1316.6862345000784,0.0,0.0,1.0,0.0,255,1
