sport,dur,pkts_fwd,pkts_bwd,bytes_fwd,bytes_bwd,pktlen_fwd_mean,pktlen_fwd_std,pktlen_bwd_mean,pktlen_bwd_std,iat_fwd_mean,iat_fwd_std,pps,payload_entropy_fwd,iat_cv_fwd,small_pkt_ratio_fwd,small_pkt_ratio_bwd,ttl_fwd_first,label
5987,0.002207040786743164,1,1,74,90,74.0,0.0,90.0,0.0,0.0,0.0,906.1907745489899,0.0,0.0,1.0,1.0,255,1
36428,0.0024118423461914062,1,1,78,158,78.0,0.0,158.0,0.0,0.0,0.0,829.2415974693555,0.0,0.0,1.0,0.0,255,1
51064,0.007017850875854492,1,1,105,233,105.0,0.0,233.0,0.0,0.0,0.0,284.9875318498386,0.0,0.0,0.0,0.0,255,1
11113,0.0010249614715576172,1,1,74,90,74.0,0.0,90.0,0.0,0.0,0.0,1951.292858804373,0.0,0.0,1.0,1.0,255,1
17388,0.004119873046875,1,1,86,124,86.0,0.0,124.0,0.0,0.0,0.0,485.45185185185187,0.0,0.0,1.0,0.0,255,1
29037,0.00744318962097168,1,1,78,158,78.0,0.0,158.0,0.0,0.0,0.0,268.7020083923252,0.0,0.0,1.0,0.0,255,1
