sport,dur,pkts_fwd,pkts_bwd,bytes_fwd,bytes_bwd,pktlen_fwd_mean,pktlen_fwd_std,pktlen_bwd_mean,pktlen_bwd_std,iat_fwd_mean,iat_fwd_std,pps,payload_entropy_fwd,iat_cv_fwd,small_pkt_ratio_fwd,small_pkt_ratio_bwd,ttl_fwd_first,label
31334,0.0008900165557861328,1,1,74,90,74.0,0.0,90.0,0.0,0.0,0.0,2000.0,0.0,0.0,1.0,1.0,255,1
64138,0.0022001266479492188,1,1,78,158,78.0,0.0,158.0,0.0,0.0,0.0,909.0385782401387,0.0,0.0,1.0,0.0,255,1
52302,0.0047261714935302734,1,1,105,233,105.0,0.0,233.0,0.0,0.0,0.0,423.17550320334965,0.0,0.0,0.0,0.0,255,1
38119,0.0013611316680908203,1,1,74,90,74.0,0.0,90.0,0.0,0.0,0.0,1469.36556314591,0.0,0.0,1.0,1.0,255,1
51753,0.0022051334381103516,1,1,86,124,86.0,0.0,124.0,0.0,0.0,0.0,906.9745918477673,0.0,0.0,1.0,0.0,255,1
21890,0.0014181137084960938,1,1,78,158,78.0,0.0,158.0,0.0,0.0,0.0,1410.3241425689307,0.0,0.0,1.0,0.0,255,1
