sport,dur,pkts_fwd,pkts_bwd,bytes_fwd,bytes_bwd,pktlen_fwd_mean,pktlen_fwd_std,pktlen_bwd_mean,pktlen_bwd_std,iat_fwd_mean,iat_fwd_std,pps,payload_entropy_fwd,iat_cv_fwd,small_pkt_ratio_fwd,small_pkt_ratio_bwd,ttl_fwd_first,label
59187,0.002048969268798828,1,1,74,90,74.0,0.0,90.0,0.0,0.0,0.0,976.1005352571561,0.0,0.0,1.0,1.0,255,1
21407,0.003119945526123047,1,1,78,158,78.0,0.0,158.0,0.0,0.0,0.0,641.0368332569158,0.0,0.0,1.0,0.0,255,1
5486,0.0071680545806884766,1,1,105,233,105.0,0.0,233.0,0.0,0.0,0.0,279.0157325794113,0.0,0.0,0.0,0.0,255,1
