sport,dur,pkts_fwd,pkts_bwd,bytes_fwd,bytes_bwd,pktlen_fwd_mean,pktlen_fwd_std,pktlen_bwd_mean,pktlen_bwd_std,iat_fwd_mean,iat_fwd_std,pps,payload_entropy_fwd,iat_cv_fwd,small_pkt_ratio_fwd,small_pkt_ratio_bwd,ttl_fwd_first,label
41753,0.0021610260009765625,1,1,74,90,74.0,0.0,90.0,0.0,0.0,0.0,925.486319505737,0.0,0.0,1.0,1.0,255,1
48843,0.003139972686767578,1,1,78,158,78.0,0.0,158.0,0.0,0.0,0.0,636.9482156416097,0.0,0.0,1.0,0.0,255,1
44282,0.006108999252319336,1,1,105,233,105.0,0.0,233.0,0.0,0.0,0.0,327.3858642625766,0.0,0.0,0.0,0.0,255,1
63273,0.004044055938720703,1,1,86,124,86.0,0.0,124.0,0.0,0.0,0.0,494.55300082537434,0.0,0.0,1.0,0.0,255,1
14566,0.0025289058685302734,1,1,78,158,78.0,0.0,158.0,0.0,0.0,0.0,790.8558499104365,0.0,0.0,1.0,0.0,255,1
