sport,dur,pkts_fwd,pkts_bwd,bytes_fwd,bytes_bwd,pktlen_fwd_mean,pktlen_fwd_std,pktlen_bwd_mean,pktlen_bwd_std,iat_fwd_mean,iat_fwd_std,pps,payload_entropy_fwd,iat_cv_fwd,small_pkt_ratio_fwd,small_pkt_ratio_bwd,ttl_fwd_first,label
51552,0.0013108253479003906,1,1,74,90,74.0,0.0,90.0,0.0,0.0,0.0,1525.7562750090942,0.0,0.0,1.0,1.0,255,1
25138,0.0024690628051757812,1,1,78,158,78.0,0.0,158.0,0.0,0.0,0.0,810.0239474700657,0.0,0.0,1.0,0.0,255,1
5637,0.00644993782043457,1,1,105,233,105.0,0.0,233.0,0.0,0.0,0.0,310.0805086312054,0.0,0.0,0.0,0.0,255,1
51097,0.0010759830474853516,1,1,86,124,86.0,0.0,124.0,0.0,0.0,0.0,1858.7653445601595,0.0,0.0,1.0,0.0,255,1
13533,0.0027189254760742188,1,1,78,158,78.0,0.0,158.0,0.0,0.0,0.0,735.5847071203086,0.0,0.0,1.0,0.0,255,1
