sport,dur,pkts_fwd,pkts_bwd,bytes_fwd,bytes_bwd,pktlen_fwd_mean,pktlen_fwd_std,pktlen_bwd_mean,pktlen_bwd_std,iat_fwd_mean,iat_fwd_std,pps,payload_entropy_fwd,iat_cv_fwd,small_pkt_ratio_fwd,small_pkt_ratio_bwd,ttl_fwd_first,label
33151,0.0016999244689941406,1,1,74,90,74.0,0.0,90.0,0.0,0.0,0.0,1176.5228611500702,0.0,0.0,1.0,1.0,255,1
29089,0.002939939498901367,1,1,78,158,78.0,0.0,158.0,0.0,0.0,0.0,680.2861081826292,0.0,0.0,1.0,0.0,255,1
18125,0.007781982421875,1,1,105,233,105.0,0.0,233.0,0.0,0.0,0.0,257.00392156862745,0.0,0.0,0.0,0.0,255,1
11827,0.0020411014556884766,1,1,74,90,74.0,0.0,90.0,0.0,0.0,0.0,979.863100105128,0.0,0.0,1.0,1.0,255,1
3393,0.0021209716796875,1,1,86,124,86.0,0.0,124.0,0.0,0.0,0.0,942.9640287769785,0.0,0.0,1.0,0.0,255,1
9800,0.0017418861389160156,1,1,78,158,78.0,0.0,158.0,0.0,0.0,0.0,1148.1806734191075,0.0,0.0,1.0,0.0,255,1
