sport,dur,pkts_fwd,pkts_bwd,bytes_fwd,bytes_bwd,pktlen_fwd_mean,pktlen_fwd_std,pktlen_bwd_mean,pktlen_bwd_std,iat_fwd_mean,iat_fwd_std,pps,payload_entropy_fwd,iat_cv_fwd,small_pkt_ratio_fwd,small_pkt_ratio_bwd,ttl_fwd_first,label
16790,0.0016388893127441406,1,1,74,90,74.0,0.0,90.0,0.0,0.0,0.0,1220.3386674425371,0.0,0.0,1.0,1.0,255,1
35871,0.0019290447235107422,1,1,78,158,78.0,0.0,158.0,0.0,0.0,0.0,1036.7825979483378,0.0,0.0,1.0,0.0,255,1
14463,0.006055116653442383,1,1,105,233,105.0,0.0,233.0,0.0,0.0,0.0,330.2991691932118,0.0,0.0,0.0,0.0,255,1
25958,0.0021049976348876953,1,1,74,90,74.0,0.0,90.0,0.0,0.0,0.0,950.1198323705969,0.0,0.0,1.0,1.0,255,1
22576,0.002379894256591797,1,1,86,124,86.0,0.0,124.0,0.0,0.0,0.0,840.3734722500501,0.0,0.0,1.0,0.0,255,1
13300,0.003123044967651367,1,1,78,158,78.0,0.0,158.0,0.0,0.0,0.0,640.400641270326,0.0,0.0,1.0,0.0,255,1
