sport,dur,pkts_fwd,pkts_bwd,bytes_fwd,bytes_bwd,pktlen_fwd_mean,pktlen_fwd_std,pktlen_bwd_mean,pktlen_bwd_std,iat_fwd_mean,iat_fwd_std,pps,payload_entropy_fwd,iat_cv_fwd,small_pkt_ratio_fwd,small_pkt_ratio_bwd,ttl_fwd_first,label
46707,0.0013821125030517578,1,1,74,90,74.0,0.0,90.0,0.0,0.0,0.0,1447.0602035535621,0.0,0.0,1.0,1.0,255,1
27613,0.002466917037963867,1,1,78,158,78.0,0.0,158.0,0.0,0.0,0.0,810.728520344061,0.0,0.0,1.0,0.0,255,1
39964,0.006440877914428711,1,1,105,233,105.0,0.0,233.0,0.0,0.0,0.0,310.51667592078473,0.0,0.0,0.0,0.0,255,1
46768,0.0010209083557128906,1,1,86,124,86.0,0.0,124.0,0.0,0.0,0.0,1959.0397010742643,0.0,0.0,1.0,0.0,255,1
60490,0.0010249614715576172,1,1,78,158,78.0,0.0,158.0,0.0,0.0,0.0,1951.292858804373,0.0,0.0,1.0,0.0,255,1
