sport,dur,pkts_fwd,pkts_bwd,bytes_fwd,bytes_bwd,pktlen_fwd_mean,pktlen_fwd_std,pktlen_bwd_mean,pktlen_bwd_std,iat_fwd_mean,iat_fwd_std,pps,payload_entropy_fwd,iat_cv_fwd,small_pkt_ratio_fwd,small_pkt_ratio_bwd,ttl_fwd_first,label
60376,0.002274036407470703,1,1,74,90,74.0,0.0,90.0,0.0,0.0,0.0,879.4933948416859,0.0,0.0,1.0,1.0,255,1
61532,0.003198862075805664,1,1,78,158,78.0,0.0,158.0,0.0,0.0,0.0,625.222329880003,0.0,0.0,1.0,0.0,255,1
21431,0.006650209426879883,1,1,105,233,105.0,0.0,233.0,0.0,0.0,0.0,300.7424084895852,0.0,0.0,0.0,0.0,255,1
42244,0.0009481906890869141,1,1,74,90,74.0,0.0,90.0,0.0,0.0,0.0,2000.0,0.0,0.0,1.0,1.0,255,1
37364,0.0021598339080810547,1,1,86,124,86.0,0.0,124.0,0.0,0.0,0.0,925.9971299260404,0.0,0.0,1.0,0.0,255,1
28641,0.0027229785919189453,1,1,78,158,78.0,0.0,158.0,0.0,0.0,0.0,734.4897994921636,0.0,0.0,1.0,0.0,255,1
