sport,dur,pkts_fwd,pkts_bwd,bytes_fwd,bytes_bwd,pktlen_fwd_mean,pktlen_fwd_std,pktlen_bwd_mean,pktlen_bwd_std,iat_fwd_mean,iat_fwd_std,pps,payload_entropy_fwd,iat_cv_fwd,small_pkt_ratio_fwd,small_pkt_ratio_bwd,ttl_fwd_first,label
55454,0.001806020736694336,1,1,74,90,74.0,0.0,90.0,0.0,0.0,0.0,1107.40699669967,0.0,0.0,1.0,1.0,255,1
9133,0.0026831626892089844,1,1,78,158,78.0,0.0,158.0,0.0,0.0,0.0,745.3890172383153,0.0,0.0,1.0,0.0,255,1
56738,0.007501840591430664,1,1,105,233,105.0,0.0,233.0,0.0,0.0,0.0,266.6012394724297,0.0,0.0,0.0,0.0,255,1
39974,0.0015289783477783203,1,1,86,124,86.0,0.0,124.0,0.0,0.0,0.0,1308.0629970372681,0.0,0.0,1.0,0.0,255,1
42519,0.0009641647338867188,1,1,78,158,78.0,0.0,158.0,0.0,0.0,0.0,2000.0,0.0,0.0,1.0,0.0,255,1
