sport,dur,pkts_fwd,pkts_bwd,bytes_fwd,bytes_bwd,pktlen_fwd_mean,pktlen_fwd_std,pktlen_bwd_mean,pktlen_bwd_std,iat_fwd_mean,iat_fwd_std,pps,payload_entropy_fwd,iat_cv_fwd,small_pkt_ratio_fwd,small_pkt_ratio_bwd,ttl_fwd_first,label
41788,0.0016360282897949219,1,1,74,90,74.0,0.0,90.0,0.0,0.0,0.0,1222.472748469834,0.0,0.0,1.0,1.0,255,1
44783,0.0029611587524414062,1,1,78,158,78.0,0.0,158.0,0.0,0.0,0.0,675.411272141707,0.0,0.0,1.0,0.0,255,1
28425,0.013904094696044922,1,1,105,233,105.0,0.0,233.0,0.0,0.0,0.0,143.84251860489042,0.0,0.0,0.0,0.0,255,1
49218,0.002251863479614258,1,1,86,124,86.0,0.0,124.0,0.0,0.0,0.0,888.1533086289041,0.0,0.0,1.0,0.0,255,1
5481,0.0024230480194091797,1,1,78,158,78.0,0.0,158.0,0.0,0.0,0.0,825.4066712584867,0.0,0.0,1.0,0.0,255,1
