sport,dur,pkts_fwd,pkts_bwd,bytes_fwd,bytes_bwd,pktlen_fwd_mean,pktlen_fwd_std,pktlen_bwd_mean,pktlen_bwd_std,iat_fwd_mean,iat_fwd_std,pps,payload_entropy_fwd,iat_cv_fwd,small_pkt_ratio_fwd,small_pkt_ratio_bwd,ttl_fwd_first,label
46952,0.0013918876647949219,1,1,74,90,74.0,0.0,90.0,0.0,0.0,0.0,1436.8975676601576,0.0,0.0,1.0,1.0,255,1
59725,0.002418994903564453,1,1,78,158,78.0,0.0,158.0,0.0,0.0,0.0,826.7896708062291,0.0,0.0,1.0,0.0,255,1
60311,0.004857063293457031,1,1,105,233,105.0,0.0,233.0,0.0,0.0,0.0,411.77145101119186,0.0,0.0,0.0,0.0,255,1
54604,0.0017080307006835938,1,1,86,124,86.0,0.0,124.0,0.0,0.0,0.0,1170.9391401451703,0.0,0.0,1.0,0.0,255,1
25387,0.0030820369720458984,1,1,78,158,78.0,0.0,158.0,0.0,0.0,0.0,648.9214821691035,0.0,0.0,1.0,0.0,255,1
