sport,dur,pkts_fwd,pkts_bwd,bytes_fwd,bytes_bwd,pktlen_fwd_mean,pktlen_fwd_std,pktlen_bwd_mean,pktlen_bwd_std,iat_fwd_mean,iat_fwd_std,pps,payload_entropy_fwd,iat_cv_fwd,small_pkt_ratio_fwd,small_pkt_ratio_bwd,ttl_fwd_first,label
2695,0.0009200572967529297,1,1,74,90,74.0,0.0,90.0,0.0,0.0,0.0,2000.0,0.0,0.0,1.0,1.0,255,1
4359,0.0023920536041259766,1,1,78,158,78.0,0.0,158.0,0.0,0.0,0.0,836.1016645071264,0.0,0.0,1.0,0.0,255,1
41366,0.0057430267333984375,1,1,105,233,105.0,0.0,233.0,0.0,0.0,0.0,348.24842245101297,0.0,0.0,0.0,0.0,255,1
58148,0.0017659664154052734,1,1,86,124,86.0,0.0,124.0,0.0,0.0,0.0,1132.5243688402861,0.0,0.0,1.0,0.0,255,1
44722,0.002190828323364258,1,1,78,158,78.0,0.0,158.0,0.0,0.0,0.0,912.8967243443248,0.0,0.0,1.0,0.0,255,1
