sport,dur,pkts_fwd,pkts_bwd,bytes_fwd,bytes_bwd,pktlen_fwd_mean,pktlen_fwd_std,pktlen_bwd_mean,pktlen_bwd_std,iat_fwd_mean,iat_fwd_std,pps,payload_entropy_fwd,iat_cv_fwd,small_pkt_ratio_fwd,small_pkt_ratio_bwd,ttl_fwd_first,label
36444,0.7636799812316895,2,2,148,180,74.0,0.0,90.0,0.0,0.762099027633667,0.0,5.237796064195191,0.0,0.0,1.0,1.0,255,1
28003,0.7670481204986572,2,2,156,316,78.0,0.0,158.0,0.0,0.7638759613037109,0.0,5.214796690199311,0.0,0.0,1.0,0.0,255,1
65515,0.00486302375793457,1,1,105,233,105.0,0.0,233.0,0.0,0.0,0.0,411.2667549149385,0.0,0.0,0.0,0.0,255,1
4302,0.0017750263214111328,1,1,74,90,74.0,0.0,90.0,0.0,0.0,0.0,1126.7438549361989,0.0,0.0,1.0,1.0,255,1
30519,0.002134084701538086,1,1,86,124,86.0,0.0,124.0,0.0,0.0,0.0,937.1699251480281,0.0,0.0,1.0,0.0,255,1
61620,0.0023860931396484375,1,1,78,158,78.0,0.0,158.0,0.0,0.0,0.0,838.1902478017586,0.0,0.0,1.0,0.0,255,1
