sport,dur,pkts_fwd,pkts_bwd,bytes_fwd,bytes_bwd,pktlen_fwd_mean,pktlen_fwd_std,pktlen_bwd_mean,pktlen_bwd_std,iat_fwd_mean,iat_fwd_std,pps,payload_entropy_fwd,iat_cv_fwd,small_pkt_ratio_fwd,small_pkt_ratio_bwd,ttl_fwd_first,label
36594,0.0021500587463378906,1,1,74,90,74.0,0.0,90.0,0.0,0.0,0.0,930.2071412730095,0.0,0.0,1.0,1.0,255,1
11159,0.002323150634765625,1,1,78,158,78.0,0.0,158.0,0.0,0.0,0.0,860.8998357963875,0.0,0.0,1.0,0.0,255,1
56495,0.006522178649902344,1,1,105,233,105.0,0.0,233.0,0.0,0.0,0.0,306.6460008773212,0.0,0.0,0.0,0.0,255,1
1883,0.0018379688262939453,1,1,74,90,74.0,0.0,90.0,0.0,0.0,0.0,1088.157737709171,0.0,0.0,1.0,1.0,255,1
6098,0.0023949146270751953,1,1,86,124,86.0,0.0,124.0,0.0,0.0,0.0,835.1028372324539,0.0,0.0,1.0,0.0,255,1
38940,0.0019669532775878906,1,1,78,158,78.0,0.0,158.0,0.0,0.0,0.0,1016.8009696969697,0.0,0.0,1.0,0.0,255,1
