sport,dur,pkts_fwd,pkts_bwd,bytes_fwd,bytes_bwd,pktlen_fwd_mean,pktlen_fwd_std,pktlen_bwd_mean,pktlen_bwd_std,iat_fwd_mean,iat_fwd_std,pps,payload_entropy_fwd,iat_cv_fwd,small_pkt_ratio_fwd,small_pkt_ratio_bwd,ttl_fwd_first,label
28100,0.0016989707946777344,1,1,74,90,74.0,0.0,90.0,0.0,0.0,0.0,1177.1832725231548,0.0,0.0,1.0,1.0,255,1
16670,0.0026078224182128906,1,1,78,158,78.0,0.0,158.0,0.0,0.0,0.0,766.9233863594807,0.0,0.0,1.0,0.0,255,1
62095,0.0023958683013916016,1,1,105,233,105.0,0.0,233.0,0.0,0.0,0.0,834.7704249179022,0.0,0.0,0.0,0.0,255,1
35120,0.0009851455688476562,1,1,86,124,86.0,0.0,124.0,0.0,0.0,0.0,2000.0,0.0,0.0,1.0,0.0,255,1
13681,0.001374959945678711,1,1,78,158,78.0,0.0,158.0,0.0,0.0,0.0,1454.58782729322,0.0,0.0,1.0,0.0,255,1
