sport,dur,pkts_fwd,pkts_bwd,bytes_fwd,bytes_bwd,pktlen_fwd_mean,pktlen_fwd_std,pktlen_bwd_mean,pktlen_bwd_std,iat_fwd_mean,iat_fwd_std,pps,payload_entropy_fwd,iat_cv_fwd,small_pkt_ratio_fwd,small_pkt_ratio_bwd,ttl_fwd_first,label
16361,0.002140045166015625,1,1,74,90,74.0,0.0,90.0,0.0,0.0,0.0,934.5597147950089,0.0,0.0,1.0,1.0,255,1
40476,0.0020208358764648438,1,1,78,158,78.0,0.0,158.0,0.0,0.0,0.0,989.6894761680038,0.0,0.0,1.0,0.0,255,1
1231,0.00542902946472168,1,1,105,233,105.0,0.0,233.0,0.0,0.0,0.0,368.3899696983005,0.0,0.0,0.0,0.0,255,1
6442,0.0021440982818603516,1,1,74,90,74.0,0.0,90.0,0.0,0.0,0.0,932.7930612698766,0.0,0.0,1.0,1.0,255,1
28628,0.0022699832916259766,1,1,86,124,86.0,0.0,124.0,0.0,0.0,0.0,881.0637538073731,0.0,0.0,1.0,0.0,255,1
35419,0.0027158260345458984,1,1,78,158,78.0,0.0,158.0,0.0,0.0,0.0,736.4241945395488,0.0,0.0,1.0,0.0,255,1
