sport,dur,pkts_fwd,pkts_bwd,bytes_fwd,bytes_bwd,pktlen_fwd_mean,pktlen_fwd_std,pktlen_bwd_mean,pktlen_bwd_std,iat_fwd_mean,iat_fwd_std,pps,payload_entropy_fwd,iat_cv_fwd,small_pkt_ratio_fwd,small_pkt_ratio_bwd,ttl_fwd_first,label
26149,0.0009050369262695312,1,1,74,90,74.0,0.0,90.0,0.0,0.0,0.0,2000.0,0.0,0.0,1.0,1.0,255,1
14031,0.0021660327911376953,1,1,78,158,78.0,0.0,158.0,0.0,0.0,0.0,923.347055586131,0.0,0.0,1.0,0.0,255,1
9788,0.004611968994140625,1,1,105,233,105.0,0.0,233.0,0.0,0.0,0.0,433.65425971877585,0.0,0.0,0.0,0.0,255,1
40022,0.0016980171203613281,1,1,74,90,74.0,0.0,90.0,0.0,0.0,0.0,1177.8444257231115,0.0,0.0,1.0,1.0,255,1
25528,0.002145051956176758,1,1,86,124,86.0,0.0,124.0,0.0,0.0,0.0,932.378348338335,0.0,0.0,1.0,0.0,255,1
3495,0.0021820068359375,1,1,78,158,78.0,0.0,158.0,0.0,0.0,0.0,916.5874125874126,0.0,0.0,1.0,0.0,255,1
