sport,dur,pkts_fwd,pkts_bwd,bytes_fwd,bytes_bwd,pktlen_fwd_mean,pktlen_fwd_std,pktlen_bwd_mean,pktlen_bwd_std,iat_fwd_mean,iat_fwd_std,pps,payload_entropy_fwd,iat_cv_fwd,small_pkt_ratio_fwd,small_pkt_ratio_bwd,ttl_fwd_first,label
34408,0.002193927764892578,1,1,74,90,74.0,0.0,90.0,0.0,0.0,0.0,911.6070419474028,0.0,0.0,1.0,1.0,255,1
31312,0.002544879913330078,1,1,78,158,78.0,0.0,158.0,0.0,0.0,0.0,785.8916994566235,0.0,0.0,1.0,0.0,255,1
21273,0.0052111148834228516,1,1,105,233,105.0,0.0,233.0,0.0,0.0,0.0,383.7950313400741,0.0,0.0,0.0,0.0,255,1
14837,0.0016560554504394531,1,1,74,90,74.0,0.0,90.0,0.0,0.0,0.0,1207.6890296573567,0.0,0.0,1.0,1.0,255,1
36454,0.0014178752899169922,1,1,86,124,86.0,0.0,124.0,0.0,0.0,0.0,1410.5612914074322,0.0,0.0,1.0,0.0,255,1
45116,0.0021500587463378906,1,1,78,158,78.0,0.0,158.0,0.0,0.0,0.0,930.2071412730095,0.0,0.0,1.0,0.0,255,1
