sport,dur,pkts_fwd,pkts_bwd,bytes_fwd,bytes_bwd,pktlen_fwd_mean,pktlen_fwd_std,pktlen_bwd_mean,pktlen_bwd_std,iat_fwd_mean,iat_fwd_std,pps,payload_entropy_fwd,iat_cv_fwd,small_pkt_ratio_fwd,small_pkt_ratio_bwd,ttl_fwd_first,label
33479,0.0020780563354492188,1,1,74,90,74.0,0.0,90.0,0.0,0.0,0.0,962.4378155117026,0.0,0.0,1.0,1.0,255,1
38598,0.0014200210571289062,1,1,78,158,78.0,0.0,158.0,0.0,0.0,0.0,1408.4298186702486,0.0,0.0,1.0,0.0,255,1
1225,0.005432844161987305,1,1,105,233,105.0,0.0,233.0,0.0,0.0,0.0,368.1313029358845,0.0,0.0,0.0,0.0,255,1
39752,0.0018460750579833984,1,1,74,90,74.0,0.0,90.0,0.0,0.0,0.0,1083.379568642645,0.0,0.0,1.0,1.0,255,1
64369,0.002115011215209961,1,1,86,124,86.0,0.0,124.0,0.0,0.0,0.0,945.6214631946793,0.0,0.0,1.0,0.0,255,1
12644,0.00152587890625,1,1,78,158,78.0,0.0,158.0,0.0,0.0,0.0,1310.72,0.0,0.0,1.0,0.0,255,1
