sport,dur,pkts_fwd,pkts_bwd,bytes_fwd,bytes_bwd,pktlen_fwd_mean,pktlen_fwd_std,pktlen_bwd_mean,pktlen_bwd_std,iat_fwd_mean,iat_fwd_std,pps,payload_entropy_fwd,iat_cv_fwd,small_pkt_ratio_fwd,small_pkt_ratio_bwd,ttl_fwd_first,label
44165,0.0014491081237792969,1,1,74,90,74.0,0.0,90.0,0.0,0.0,0.0,1380.1592629154327,0.0,0.0,1.0,1.0,255,1
2279,0.0014338493347167969,1,1,78,158,78.0,0.0,158.0,0.0,0.0,0.0,1394.8466910542068,0.0,0.0,1.0,0.0,255,1
51068,0.0053119659423828125,1,1,105,233,105.0,0.0,233.0,0.0,0.0,0.0,376.5084380610413,0.0,0.0,0.0,0.0,255,1
61518,0.0016779899597167969,1,1,74,90,74.0,0.0,90.0,0.0,0.0,0.0,1191.9022449559534,0.0,0.0,1.0,1.0,255,1
19659,0.0013880729675292969,1,1,86,124,86.0,0.0,124.0,0.0,0.0,0.0,1440.8464445207833,0.0,0.0,1.0,0.0,255,1
62095,0.0023310184478759766,1,1,78,158,78.0,0.0,158.0,0.0,0.0,0.0,857.9940677099315,0.0,0.0,1.0,0.0,255,1
