sport,dur,pkts_fwd,pkts_bwd,bytes_fwd,bytes_bwd,pktlen_fwd_mean,pktlen_fwd_std,pktlen_bwd_mean,pktlen_bwd_std,iat_fwd_mean,iat_fwd_std,pps,payload_entropy_fwd,iat_cv_fwd,small_pkt_ratio_fwd,small_pkt_ratio_bwd,ttl_fwd_first,label
28867,0.002148151397705078,1,1,74,90,74.0,0.0,90.0,0.0,0.0,0.0,931.0330743618202,0.0,0.0,1.0,1.0,255,1
30532,0.003078937530517578,1,1,78,158,78.0,0.0,158.0,0.0,0.0,0.0,649.5747251045377,0.0,0.0,1.0,0.0,255,1
65499,0.00690913200378418,1,1,105,233,105.0,0.0,233.0,0.0,0.0,0.0,289.47196245557126,0.0,0.0,0.0,0.0,255,1
16189,0.0017230510711669922,1,1,74,90,74.0,0.0,90.0,0.0,0.0,0.0,1160.731700567317,0.0,0.0,1.0,1.0,255,1
34850,0.0016248226165771484,1,1,86,124,86.0,0.0,124.0,0.0,0.0,0.0,1230.903595011005,0.0,0.0,1.0,0.0,255,1
3865,0.0027740001678466797,1,1,78,158,78.0,0.0,158.0,0.0,0.0,0.0,720.9804899011602,0.0,0.0,1.0,0.0,255,1
