sport,dur,pkts_fwd,pkts_bwd,bytes_fwd,bytes_bwd,pktlen_fwd_mean,pktlen_fwd_std,pktlen_bwd_mean,pktlen_bwd_std,iat_fwd_mean,iat_fwd_std,pps,payload_entropy_fwd,iat_cv_fwd,small_pkt_ratio_fwd,small_pkt_ratio_bwd,ttl_fwd_first,label
48908,0.0022199153900146484,1,1,74,90,74.0,0.0,90.0,0.0,0.0,0.0,900.9352378906669,0.0,0.0,1.0,1.0,255,1
1484,0.0023589134216308594,1,1,78,158,78.0,0.0,158.0,0.0,0.0,0.0,847.847988680008,0.0,0.0,1.0,0.0,255,1
56890,0.006268978118896484,1,1,105,233,105.0,0.0,233.0,0.0,0.0,0.0,319.03126188484066,0.0,0.0,0.0,0.0,255,1
24257,0.0032389163970947266,1,1,86,124,86.0,0.0,124.0,0.0,0.0,0.0,617.4904674273096,0.0,0.0,1.0,0.0,255,1
51103,0.002234935760498047,1,1,78,158,78.0,0.0,158.0,0.0,0.0,0.0,894.8803072327715,0.0,0.0,1.0,0.0,255,1
