sport,dur,pkts_fwd,pkts_bwd,bytes_fwd,bytes_bwd,pktlen_fwd_mean,pktlen_fwd_std,pktlen_bwd_mean,pktlen_bwd_std,iat_fwd_mean,iat_fwd_std,pps,payload_entropy_fwd,iat_cv_fwd,small_pkt_ratio_fwd,small_pkt_ratio_bwd,ttl_fwd_first,label
18814,0.002087116241455078,1,1,74,90,74.0,0.0,90.0,0.0,0.0,0.0,958.2599954306603,0.0,0.0,1.0,1.0,255,1
17968,0.0024399757385253906,1,1,78,158,78.0,0.0,158.0,0.0,0.0,0.0,819.6802814148915,0.0,0.0,1.0,0.0,255,1
28858,0.028417110443115234,1,1,105,233,105.0,0.0,233.0,0.0,0.0,0.0,70.38013256145649,0.0,0.0,0.0,0.0,255,1
54505,0.0019180774688720703,1,1,86,124,86.0,0.0,124.0,0.0,0.0,0.0,1042.710752019888,0.0,0.0,1.0,0.0,255,1
36650,0.0025730133056640625,1,1,78,158,78.0,0.0,158.0,0.0,0.0,0.0,777.2987398072646,0.0,0.0,1.0,0.0,255,1
