sport,dur,pkts_fwd,pkts_bwd,bytes_fwd,bytes_bwd,pktlen_fwd_mean,pktlen_fwd_std,pktlen_bwd_mean,pktlen_bwd_std,iat_fwd_mean,iat_fwd_std,pps,payload_entropy_fwd,iat_cv_fwd,small_pkt_ratio_fwd,small_pkt_ratio_bwd,ttl_fwd_first,label
59434,0.0013811588287353516,1,1,74,90,74.0,0.0,90.0,0.0,0.0,0.0,1448.059382012774,0.0,0.0,1.0,1.0,255,1
58633,0.0031919479370117188,1,1,78,158,78.0,0.0,158.0,0.0,0.0,0.0,626.5766357932476,0.0,0.0,1.0,0.0,255,1
43940,0.0057981014251708984,1,1,105,233,105.0,0.0,233.0,0.0,0.0,0.0,344.9404991981578,0.0,0.0,0.0,0.0,255,1
45216,0.0018689632415771484,1,1,74,90,74.0,0.0,90.0,0.0,0.0,0.0,1070.1120040821534,0.0,0.0,1.0,1.0,255,1
13135,0.0013699531555175781,1,1,86,124,86.0,0.0,124.0,0.0,0.0,0.0,1459.9039331709016,0.0,0.0,1.0,0.0,255,1
40019,0.0024209022521972656,1,1,78,158,78.0,0.0,158.0,0.0,0.0,0.0,826.1382706322631,0.0,0.0,1.0,0.0,255,1
