sport,dur,pkts_fwd,pkts_bwd,bytes_fwd,bytes_bwd,pktlen_fwd_mean,pktlen_fwd_std,pktlen_bwd_mean,pktlen_bwd_std,iat_fwd_mean,iat_fwd_std,pps,payload_entropy_fwd,iat_cv_fwd,small_pkt_ratio_fwd,small_pkt_ratio_bwd,ttl_fwd_first,label
33586,0.0008728504180908203,1,1,74,90,74.0,0.0,90.0,0.0,0.0,0.0,2000.0,0.0,0.0,1.0,1.0,255,1
60888,0.0021309852600097656,1,1,78,158,78.0,0.0,158.0,0.0,0.0,0.0,938.5330051465652,0.0,0.0,1.0,0.0,255,1
64370,0.003531932830810547,1,1,105,233,105.0,0.0,233.0,0.0,0.0,0.0,566.2621844201431,0.0,0.0,0.0,0.0,255,1
39321,0.002187013626098633,1,1,86,124,86.0,0.0,124.0,0.0,0.0,0.0,914.4890439332825,0.0,0.0,1.0,0.0,255,1
39672,0.0010929107666015625,1,1,78,158,78.0,0.0,158.0,0.0,0.0,0.0,1829.975567190227,0.0,0.0,1.0,0.0,255,1
