sport,dur,pkts_fwd,pkts_bwd,bytes_fwd,bytes_bwd,pktlen_fwd_mean,pktlen_fwd_std,pktlen_bwd_mean,pktlen_bwd_std,iat_fwd_mean,iat_fwd_std,pps,payload_entropy_fwd,iat_cv_fwd,small_pkt_ratio_fwd,small_pkt_ratio_bwd,ttl_fwd_first,label
37234,0.0013439655303955078,1,1,74,90,74.0,0.0,90.0,0.0,0.0,0.0,1488.1334042930637,0.0,0.0,1.0,1.0,255,1
24090,0.0025620460510253906,1,1,78,158,78.0,0.0,158.0,0.0,0.0,0.0,780.6260934301135,0.0,0.0,1.0,0.0,255,1
10603,0.005840778350830078,1,1,105,233,105.0,0.0,233.0,0.0,0.0,0.0,342.42011592783086,0.0,0.0,0.0,0.0,255,1
28931,0.0026869773864746094,1,1,86,124,86.0,0.0,124.0,0.0,0.0,0.0,744.3307897071873,0.0,0.0,1.0,0.0,255,1
54315,0.0017058849334716797,1,1,78,158,78.0,0.0,158.0,0.0,0.0,0.0,1172.4120195667365,0.0,0.0,1.0,0.0,255,1
