sport,dur,pkts_fwd,pkts_bwd,bytes_fwd,bytes_bwd,pktlen_fwd_mean,pktlen_fwd_std,pktlen_bwd_mean,pktlen_bwd_std,iat_fwd_mean,iat_fwd_std,pps,payload_entropy_fwd,iat_cv_fwd,small_pkt_ratio_fwd,small_pkt_ratio_bwd,ttl_fwd_first,label
60112,0.001432180404663086,1,1,74,90,74.0,0.0,90.0,0.0,0.0,0.0,1396.4721158648244,0.0,0.0,1.0,1.0,255,1
56277,0.002331972122192383,1,1,78,158,78.0,0.0,158.0,0.0,0.0,0.0,857.6431857683264,0.0,0.0,1.0,0.0,255,1
27059,0.006247997283935547,1,1,105,233,105.0,0.0,233.0,0.0,0.0,0.0,320.1025719300923,0.0,0.0,0.0,0.0,255,1
63734,0.025717973709106445,2,2,172,248,86.0,0.0,124.0,0.0,0.024080991744995117,0.0,155.5332486627298,0.0,0.0,1.0,0.0,255,1
62371,0.006368875503540039,1,1,78,158,78.0,0.0,158.0,0.0,0.0,0.0,314.02717777860965,0.0,0.0,1.0,0.0,255,1
