sport,dur,pkts_fwd,pkts_bwd,bytes_fwd,bytes_bwd,pktlen_fwd_mean,pktlen_fwd_std,pktlen_bwd_mean,pktlen_bwd_std,iat_fwd_mean,iat_fwd_std,pps,payload_entropy_fwd,iat_cv_fwd,small_pkt_ratio_fwd,small_pkt_ratio_bwd,ttl_fwd_first,label
28786,0.0021920204162597656,1,1,74,90,74.0,0.0,90.0,0.0,0.0,0.0,912.4002610398086,0.0,0.0,1.0,1.0,255,1
49559,0.0018188953399658203,1,1,78,158,78.0,0.0,158.0,0.0,0.0,0.0,1099.5684886616857,0.0,0.0,1.0,0.0,255,1
7275,0.00605010986328125,1,1,105,233,105.0,0.0,233.0,0.0,0.0,0.0,330.57250945775536,0.0,0.0,0.0,0.0,255,1
22103,0.0031881332397460938,1,1,86,124,86.0,0.0,124.0,0.0,0.0,0.0,627.3263535746336,0.0,0.0,1.0,0.0,255,1
36563,0.0028269290924072266,1,1,78,158,78.0,0.0,158.0,0.0,0.0,0.0,707.4814877287678,0.0,0.0,1.0,0.0,255,1
