sport,dur,pkts_fwd,pkts_bwd,bytes_fwd,bytes_bwd,pktlen_fwd_mean,pktlen_fwd_std,pktlen_bwd_mean,pktlen_bwd_std,iat_fwd_mean,iat_fwd_std,pps,payload_entropy_fwd,iat_cv_fwd,small_pkt_ratio_fwd,small_pkt_ratio_bwd,ttl_fwd_first,label
22772,0.0009438991546630859,1,1,74,90,74.0,0.0,90.0,0.0,0.0,0.0,2000.0,0.0,0.0,1.0,1.0,255,1
26324,0.0016980171203613281,1,1,78,158,78.0,0.0,158.0,0.0,0.0,0.0,1177.8444257231115,0.0,0.0,1.0,0.0,255,1
18216,0.005589008331298828,1,1,105,233,105.0,0.0,233.0,0.0,0.0,0.0,357.8452350482041,0.0,0.0,0.0,0.0,255,1
13604,0.0021309852600097656,1,1,74,90,74.0,0.0,90.0,0.0,0.0,0.0,938.5330051465652,0.0,0.0,1.0,1.0,255,1
28582,0.0014290809631347656,1,1,86,124,86.0,0.0,124.0,0.0,0.0,0.0,1399.500834167501,0.0,0.0,1.0,0.0,255,1
23295,0.0027060508728027344,1,1,78,158,78.0,0.0,158.0,0.0,0.0,0.0,739.0844052863437,0.0,0.0,1.0,0.0,255,1
