sport,dur,pkts_fwd,pkts_bwd,bytes_fwd,bytes_bwd,pktlen_fwd_mean,pktlen_fwd_std,pktlen_bwd_mean,pktlen_bwd_std,iat_fwd_mean,iat_fwd_std,pps,payload_entropy_fwd,iat_cv_fwd,small_pkt_ratio_fwd,small_pkt_ratio_bwd,ttl_fwd_first,label
53114,0.002192974090576172,1,1,74,90,74.0,0.0,90.0,0.0,0.0,0.0,912.0034790171776,0.0,0.0,1.0,1.0,255,1
58265,0.0013599395751953125,1,1,78,158,78.0,0.0,158.0,0.0,0.0,0.0,1470.6535764375876,0.0,0.0,1.0,0.0,255,1
27530,0.012273073196411133,1,1,105,233,105.0,0.0,233.0,0.0,0.0,0.0,162.95836975736736,0.0,0.0,0.0,0.0,255,1
47299,0.0017971992492675781,2,2,148,180,74.0,0.0,90.0,0.0,0.00010418891906738281,0.0,2225.6853276731226,0.0,0.0,1.0,1.0,255,1
5713,0.001558065414428711,1,1,86,124,86.0,0.0,124.0,0.0,0.0,0.0,1283.6431522570772,0.0,0.0,1.0,0.0,255,1
