sport,dur,pkts_fwd,pkts_bwd,bytes_fwd,bytes_bwd,pktlen_fwd_mean,pktlen_fwd_std,pktlen_bwd_mean,pktlen_bwd_std,iat_fwd_mean,iat_fwd_std,pps,payload_entropy_fwd,iat_cv_fwd,small_pkt_ratio_fwd,small_pkt_ratio_bwd,ttl_fwd_first,label
25274,0.0013780593872070312,1,1,74,90,74.0,0.0,90.0,0.0,0.0,0.0,1451.3162629757785,0.0,0.0,1.0,1.0,255,1
11788,0.002640962600708008,1,1,78,158,78.0,0.0,158.0,0.0,0.0,0.0,757.2996298636815,0.0,0.0,1.0,0.0,255,1
20034,0.007577180862426758,1,1,105,233,105.0,0.0,233.0,0.0,0.0,0.0,263.9504106226991,0.0,0.0,0.0,0.0,255,1
11550,0.0013740062713623047,1,1,74,90,74.0,0.0,90.0,0.0,0.0,0.0,1455.5974318931112,0.0,0.0,1.0,1.0,255,1
49001,0.002897977828979492,1,1,86,124,86.0,0.0,124.0,0.0,0.0,0.0,690.1364047716988,0.0,0.0,1.0,0.0,255,1
48084,0.002504110336303711,1,1,78,158,78.0,0.0,158.0,0.0,0.0,0.0,798.6868513757973,0.0,0.0,1.0,0.0,255,1
