sport,dur,pkts_fwd,pkts_bwd,bytes_fwd,bytes_bwd,pktlen_fwd_mean,pktlen_fwd_std,pktlen_bwd_mean,pktlen_bwd_std,iat_fwd_mean,iat_fwd_std,pps,payload_entropy_fwd,iat_cv_fwd,small_pkt_ratio_fwd,small_pkt_ratio_bwd,ttl_fwd_first,label
54198,0.0009100437164306641,1,1,74,90,74.0,0.0,90.0,0.0,0.0,0.0,2000.0,0.0,0.0,1.0,1.0,255,1
27321,0.0009369850158691406,1,1,78,158,78.0,0.0,158.0,0.0,0.0,0.0,2000.0,0.0,0.0,1.0,0.0,255,1
58583,0.0055828094482421875,1,1,105,233,105.0,0.0,233.0,0.0,0.0,0.0,358.2425691834643,0.0,0.0,0.0,0.0,255,1
62197,0.0014848709106445312,1,1,86,124,86.0,0.0,124.0,0.0,0.0,0.0,1346.9184328837507,0.0,0.0,1.0,0.0,255,1
5456,0.0009908676147460938,1,1,78,158,78.0,0.0,158.0,0.0,0.0,0.0,2000.0,0.0,0.0,1.0,0.0,255,1
