sport,dur,pkts_fwd,pkts_bwd,bytes_fwd,bytes_bwd,pktlen_fwd_mean,pktlen_fwd_std,pktlen_bwd_mean,pktlen_bwd_std,iat_fwd_mean,iat_fwd_std,pps,payload_entropy_fwd,iat_cv_fwd,small_pkt_ratio_fwd,small_pkt_ratio_bwd,ttl_fwd_first,label
7251,0.002218008041381836,1,1,74,90,74.0,0.0,90.0,0.0,0.0,0.0,901.7099860260131,0.0,0.0,1.0,1.0,255,1
56408,0.0010089874267578125,1,1,78,158,78.0,0.0,158.0,0.0,0.0,0.0,1982.1852551984878,0.0,0.0,1.0,0.0,255,1
62410,0.005326986312866211,1,1,105,233,105.0,0.0,233.0,0.0,0.0,0.0,375.4468066060959,0.0,0.0,0.0,0.0,255,1
18985,0.002554178237915039,1,1,86,124,86.0,0.0,124.0,0.0,0.0,0.0,783.0307103519089,0.0,0.0,1.0,0.0,255,1
32495,0.0026149749755859375,1,1,78,158,78.0,0.0,158.0,0.0,0.0,0.0,764.8256746900073,0.0,0.0,1.0,0.0,255,1
