sport,dur,pkts_fwd,pkts_bwd,bytes_fwd,bytes_bwd,pktlen_fwd_mean,pktlen_fwd_std,pktlen_bwd_mean,pktlen_bwd_std,iat_fwd_mean,iat_fwd_std,pps,payload_entropy_fwd,iat_cv_fwd,small_pkt_ratio_fwd,small_pkt_ratio_bwd,ttl_fwd_first,label
23119,0.0014841556549072266,1,1,74,90,74.0,0.0,90.0,0.0,0.0,0.0,1347.5675502008032,0.0,0.0,1.0,1.0,255,1
57523,0.0020961761474609375,1,1,78,158,78.0,0.0,158.0,0.0,0.0,0.0,954.1182893539582,0.0,0.0,1.0,0.0,255,1
7371,0.0063021183013916016,1,1,105,233,105.0,0.0,233.0,0.0,0.0,0.0,317.35361101653234,0.0,0.0,0.0,0.0,255,1
15844,0.0022208690643310547,1,1,74,90,74.0,0.0,90.0,0.0,0.0,0.0,900.5483628556092,0.0,0.0,1.0,1.0,255,1
46225,0.0016551017761230469,1,1,86,124,86.0,0.0,124.0,0.0,0.0,0.0,1208.384903486027,0.0,0.0,1.0,0.0,255,1
10420,0.002396106719970703,1,1,78,158,78.0,0.0,158.0,0.0,0.0,0.0,834.6873631840796,0.0,0.0,1.0,0.0,255,1
