sport,dur,pkts_fwd,pkts_bwd,bytes_fwd,bytes_bwd,pktlen_fwd_mean,pktlen_fwd_std,pktlen_bwd_mean,pktlen_bwd_std,iat_fwd_mean,iat_fwd_std,pps,payload_entropy_fwd,iat_cv_fwd,small_pkt_ratio_fwd,small_pkt_ratio_bwd,ttl_fwd_first,label
33036,0.0021529197692871094,1,1,74,90,74.0,0.0,90.0,0.0,0.0,0.0,928.9709856035438,0.0,0.0,1.0,1.0,255,1
45497,0.0018620491027832031,1,1,78,158,78.0,0.0,158.0,0.0,0.0,0.0,1074.0855313700383,0.0,0.0,1.0,0.0,255,1
13762,0.006369829177856445,1,1,105,233,105.0,0.0,233.0,0.0,0.0,0.0,313.9801624433881,0.0,0.0,0.0,0.0,255,1
36591,0.0022878646850585938,2,2,148,180,74.0,0.0,90.0,0.0,0.00013685226440429688,0.0,1748.3551479783243,0.0,0.0,1.0,1.0,255,1
5975,0.0024678707122802734,1,1,86,124,86.0,0.0,124.0,0.0,0.0,0.0,810.4152255820694,0.0,0.0,1.0,0.0,255,1
64025,0.0020339488983154297,1,1,78,158,78.0,0.0,158.0,0.0,0.0,0.0,983.3088735201031,0.0,0.0,1.0,0.0,255,1
