sport,dur,pkts_fwd,pkts_bwd,bytes_fwd,bytes_bwd,pktlen_fwd_mean,pktlen_fwd_std,pktlen_bwd_mean,pktlen_bwd_std,iat_fwd_mean,iat_fwd_std,pps,payload_entropy_fwd,iat_cv_fwd,small_pkt_ratio_fwd,small_pkt_ratio_bwd,ttl_fwd_first,label
57877,0.0020439624786376953,1,1,74,90,74.0,0.0,90.0,0.0,0.0,0.0,978.4915432170769,0.0,0.0,1.0,1.0,255,1
22228,0.002128124237060547,1,1,78,158,78.0,0.0,158.0,0.0,0.0,0.0,939.7947568899843,0.0,0.0,1.0,0.0,255,1
19651,0.003289937973022461,1,1,105,233,105.0,0.0,233.0,0.0,0.0,0.0,607.914196680919,0.0,0.0,0.0,0.0,255,1
18635,0.0022339820861816406,1,1,86,124,86.0,0.0,124.0,0.0,0.0,0.0,895.2623265741729,0.0,0.0,1.0,0.0,255,1
37127,0.0017027854919433594,1,1,78,158,78.0,0.0,158.0,0.0,0.0,0.0,1174.5460655278634,0.0,0.0,1.0,0.0,255,1
