sport,dur,pkts_fwd,pkts_bwd,bytes_fwd,bytes_bwd,pktlen_fwd_mean,pktlen_fwd_std,pktlen_bwd_mean,pktlen_bwd_std,iat_fwd_mean,iat_fwd_std,pps,payload_entropy_fwd,iat_cv_fwd,small_pkt_ratio_fwd,small_pkt_ratio_bwd,ttl_fwd_first,label
25713,0.002123117446899414,1,1,74,90,74.0,0.0,90.0,0.0,0.0,0.0,942.0110050533408,0.0,0.0,1.0,1.0,255,1
9315,0.0024099349975585938,1,1,78,158,78.0,0.0,158.0,0.0,0.0,0.0,829.8979026513653,0.0,0.0,1.0,0.0,255,1
12810,0.8156900405883789,2,2,210,466,105.0,0.0,233.0,0.0,0.7873721122741699,0.0,4.9038235125620675,0.0,0.0,0.0,0.0,255,1
11361,0.0015180110931396484,1,1,74,90,74.0,0.0,90.0,0.0,0.0,0.0,1317.513428616303,0.0,0.0,1.0,1.0,255,1
8865,0.0016701221466064453,1,1,86,124,86.0,0.0,124.0,0.0,0.0,0.0,1197.5172019985725,0.0,0.0,1.0,0.0,255,1
50772,0.0014128684997558594,1,1,78,158,78.0,0.0,158.0,0.0,0.0,0.0,1415.5599055011812,0.0,0.0,1.0,0.0,255,1
