sport,dur,pkts_fwd,pkts_bwd,bytes_fwd,bytes_bwd,pktlen_fwd_mean,pktlen_fwd_std,pktlen_bwd_mean,pktlen_bwd_std,iat_fwd_mean,iat_fwd_std,pps,payload_entropy_fwd,iat_cv_fwd,small_pkt_ratio_fwd,small_pkt_ratio_bwd,ttl_fwd_first,label
41550,0.0020830631256103516,1,1,74,90,74.0,0.0,90.0,0.0,0.0,0.0,960.1245278699782,0.0,0.0,1.0,1.0,255,1
39808,0.04069709777832031,2,2,156,316,78.0,0.0,158.0,0.0,0.03578591346740723,0.0,98.28710690350096,0.0,0.0,1.0,0.0,255,1
29400,0.005733013153076172,1,1,105,233,105.0,0.0,233.0,0.0,0.0,0.0,348.85669134159525,0.0,0.0,0.0,0.0,255,1
8187,0.001990079879760742,1,1,86,124,86.0,0.0,124.0,0.0,0.0,0.0,1004.9847849526776,0.0,0.0,1.0,0.0,255,1
36145,0.0025451183319091797,1,1,78,158,78.0,0.0,158.0,0.0,0.0,0.0,785.8180796252927,0.0,0.0,1.0,0.0,255,1
