sport,dur,pkts_fwd,pkts_bwd,bytes_fwd,bytes_bwd,pktlen_fwd_mean,pktlen_fwd_std,pktlen_bwd_mean,pktlen_bwd_std,iat_fwd_mean,iat_fwd_std,pps,payload_entropy_fwd,iat_cv_fwd,small_pkt_ratio_fwd,small_pkt_ratio_bwd,ttl_fwd_first,label
36922,0.001692056655883789,1,1,74,90,74.0,0.0,90.0,0.0,0.0,0.0,1181.9935183880514,0.0,0.0,1.0,1.0,255,1
10789,0.0014650821685791016,1,1,78,158,78.0,0.0,158.0,0.0,0.0,0.0,1365.1111472742066,0.0,0.0,1.0,0.0,255,1
63267,0.027934789657592773,1,1,105,233,105.0,0.0,233.0,0.0,0.0,0.0,71.59531267336367,0.0,0.0,0.0,0.0,255,1
65472,0.0016679763793945312,1,1,86,124,86.0,0.0,124.0,0.0,0.0,0.0,1199.0577472841624,0.0,0.0,1.0,0.0,255,1
16961,0.0025391578674316406,1,1,78,158,78.0,0.0,158.0,0.0,0.0,0.0,787.6627230046948,0.0,0.0,1.0,0.0,255,1
