sport,dur,pkts_fwd,pkts_bwd,bytes_fwd,bytes_bwd,pktlen_fwd_mean,pktlen_fwd_std,pktlen_bwd_mean,pktlen_bwd_std,iat_fwd_mean,iat_fwd_std,pps,payload_entropy_fwd,iat_cv_fwd,small_pkt_ratio_fwd,small_pkt_ratio_bwd,ttl_fwd_first,label
56080,0.0014798641204833984,1,1,74,90,74.0,0.0,90.0,0.0,0.0,0.0,1351.4754309650395,0.0,0.0,1.0,1.0,255,1
12305,0.6396050453186035,2,2,156,316,78.0,0.0,158.0,0.0,0.6375808715820312,0.0,6.2538593609865885,0.0,0.0,1.0,0.0,255,1
22538,0.011224985122680664,1,1,105,233,105.0,0.0,233.0,0.0,0.0,0.0,178.17395552345957,0.0,0.0,0.0,0.0,255,1
27952,0.001497030258178711,1,1,86,124,86.0,0.0,124.0,0.0,0.0,0.0,1335.9783405000796,0.0,0.0,1.0,0.0,255,1
27183,0.002173900604248047,1,1,78,158,78.0,0.0,158.0,0.0,0.0,0.0,920.0052643123493,0.0,0.0,1.0,0.0,255,1
