sport,dur,pkts_fwd,pkts_bwd,bytes_fwd,bytes_bwd,pktlen_fwd_mean,pktlen_fwd_std,pktlen_bwd_mean,pktlen_bwd_std,iat_fwd_mean,iat_fwd_std,pps,payload_entropy_fwd,iat_cv_fwd,small_pkt_ratio_fwd,small_pkt_ratio_bwd,ttl_fwd_first,label
22390,0.0016949176788330078,1,1,74,90,74.0,0.0,90.0,0.0,0.0,0.0,1179.9983119988747,0.0,0.0,1.0,1.0,255,1
39294,0.002173900604248047,1,1,78,158,78.0,0.0,158.0,0.0,0.0,0.0,920.0052643123493,0.0,0.0,1.0,0.0,255,1
58748,0.006902933120727539,1,1,105,233,105.0,0.0,233.0,0.0,0.0,0.0,289.7319103374434,0.0,0.0,0.0,0.0,255,1
28413,0.0024209022521972656,1,1,86,124,86.0,0.0,124.0,0.0,0.0,0.0,826.1382706322631,0.0,0.0,1.0,0.0,255,1
63466,0.00109100341796875,1,1,78,158,78.0,0.0,158.0,0.0,0.0,0.0,1833.1748251748252,0.0,0.0,1.0,0.0,255,1
