sport,dur,pkts_fwd,pkts_bwd,bytes_fwd,bytes_bwd,pktlen_fwd_mean,pktlen_fwd_std,pktlen_bwd_mean,pktlen_bwd_std,iat_fwd_mean,iat_fwd_std,pps,payload_entropy_fwd,iat_cv_fwd,small_pkt_ratio_fwd,small_pkt_ratio_bwd,ttl_fwd_first,label
16578,0.0016398429870605469,1,1,74,90,74.0,0.0,90.0,0.0,0.0,0.0,1219.6289619075312,0.0,0.0,1.0,1.0,255,1
38498,0.0020759105682373047,1,1,78,158,78.0,0.0,158.0,0.0,0.0,0.0,963.4326404042724,0.0,0.0,1.0,0.0,255,1
32374,0.00536799430847168,1,1,105,233,105.0,0.0,233.0,0.0,0.0,0.0,372.5786364645792,0.0,0.0,0.0,0.0,255,1
37281,0.0010390281677246094,1,1,86,124,86.0,0.0,124.0,0.0,0.0,0.0,1924.8756310234053,0.0,0.0,1.0,0.0,255,1
54697,0.0031020641326904297,1,1,78,158,78.0,0.0,158.0,0.0,0.0,0.0,644.7319960033817,0.0,0.0,1.0,0.0,255,1
