sport,dur,pkts_fwd,pkts_bwd,bytes_fwd,bytes_bwd,pktlen_fwd_mean,pktlen_fwd_std,pktlen_bwd_mean,pktlen_bwd_std,iat_fwd_mean,iat_fwd_std,pps,payload_entropy_fwd,iat_cv_fwd,small_pkt_ratio_fwd,small_pkt_ratio_bwd,ttl_fwd_first,label
14135,0.0016291141510009766,1,1,74,90,74.0,0.0,90.0,0.0,0.0,0.0,1227.661056636909,0.0,0.0,1.0,1.0,255,1
59571,0.0023250579833984375,1,1,78,158,78.0,0.0,158.0,0.0,0.0,0.0,860.1936013125513,0.0,0.0,1.0,0.0,255,1
7853,0.006256103515625,1,1,105,233,105.0,0.0,233.0,0.0,0.0,0.0,319.6878048780488,0.0,0.0,0.0,0.0,255,1
7826,0.003209829330444336,1,1,86,124,86.0,0.0,124.0,0.0,0.0,0.0,623.0860877961821,0.0,0.0,1.0,0.0,255,1
44439,0.0024271011352539062,1,1,78,158,78.0,0.0,158.0,0.0,0.0,0.0,824.0282907662082,0.0,0.0,1.0,0.0,255,1
