sport,dur,pkts_fwd,pkts_bwd,bytes_fwd,bytes_bwd,pktlen_fwd_mean,pktlen_fwd_std,pktlen_bwd_mean,pktlen_bwd_std,iat_fwd_mean,iat_fwd_std,pps,payload_entropy_fwd,iat_cv_fwd,small_pkt_ratio_fwd,small_pkt_ratio_bwd,ttl_fwd_first,label
53968,0.0017349720001220703,1,1,74,90,74.0,0.0,90.0,0.0,0.0,0.0,1152.756355641061,0.0,0.0,1.0,1.0,255,1
50760,0.00251007080078125,1,1,78,158,78.0,0.0,158.0,0.0,0.0,0.0,796.790273556231,0.0,0.0,1.0,0.0,255,1
31641,0.0018069744110107422,1,1,105,233,105.0,0.0,233.0,0.0,0.0,0.0,1106.8225359546113,0.0,0.0,0.0,0.0,255,1
28112,0.0014290809631347656,1,1,86,124,86.0,0.0,124.0,0.0,0.0,0.0,1399.500834167501,0.0,0.0,1.0,0.0,255,1
40981,0.002629995346069336,1,1,78,158,78.0,0.0,158.0,0.0,0.0,0.0,760.4576194361346,0.0,0.0,1.0,0.0,255,1
