sport,dur,pkts_fwd,pkts_bwd,bytes_fwd,bytes_bwd,pktlen_fwd_mean,pktlen_fwd_std,pktlen_bwd_mean,pktlen_bwd_std,iat_fwd_mean,iat_fwd_std,pps,payload_entropy_fwd,iat_cv_fwd,small_pkt_ratio_fwd,small_pkt_ratio_bwd,ttl_fwd_first,label
53415,0.002424955368041992,1,1,74,90,74.0,0.0,90.0,0.0,0.0,0.0,824.757447645266,0.0,0.0,1.0,1.0,255,1
17000,0.003256082534790039,1,1,78,158,78.0,0.0,158.0,0.0,0.0,0.0,614.2350442996266,0.0,0.0,1.0,0.0,255,1
58810,0.014050006866455078,1,1,105,233,105.0,0.0,233.0,0.0,0.0,0.0,142.34868488036653,0.0,0.0,0.0,0.0,255,1
46799,0.003910064697265625,1,1,86,124,86.0,0.0,124.0,0.0,0.0,0.0,511.50048780487805,0.0,0.0,1.0,0.0,255,1
21887,0.001990795135498047,1,1,78,158,78.0,0.0,158.0,0.0,0.0,0.0,1004.6237125748503,0.0,0.0,1.0,0.0,255,1
