sport,dur,pkts_fwd,pkts_bwd,bytes_fwd,bytes_bwd,pktlen_fwd_mean,pktlen_fwd_std,pktlen_bwd_mean,pktlen_bwd_std,iat_fwd_mean,iat_fwd_std,pps,payload_entropy_fwd,iat_cv_fwd,small_pkt_ratio_fwd,small_pkt_ratio_bwd,ttl_fwd_first,label
42265,0.003822803497314453,1,1,74,90,74.0,0.0,90.0,0.0,0.0,0.0,523.1762504677561,0.0,0.0,1.0,1.0,255,1
40390,0.002480030059814453,1,1,78,158,78.0,0.0,158.0,0.0,0.0,0.0,806.4418381080561,0.0,0.0,1.0,0.0,255,1
38021,0.005236148834228516,1,1,105,233,105.0,0.0,233.0,0.0,0.0,0.0,381.9601129223204,0.0,0.0,0.0,0.0,255,1
42053,0.0013248920440673828,1,1,74,90,74.0,0.0,90.0,0.0,0.0,0.0,1509.55695519165,0.0,0.0,1.0,1.0,255,1
3701,0.002875804901123047,1,1,86,124,86.0,0.0,124.0,0.0,0.0,0.0,695.4574697396783,0.0,0.0,1.0,0.0,255,1
55436,0.003367900848388672,1,1,78,158,78.0,0.0,158.0,0.0,0.0,0.0,593.8417103213932,0.0,0.0,1.0,0.0,255,1
