sport,dur,pkts_fwd,pkts_bwd,bytes_fwd,bytes_bwd,pktlen_fwd_mean,pktlen_fwd_std,pktlen_bwd_mean,pktlen_bwd_std,iat_fwd_mean,iat_fwd_std,pps,payload_entropy_fwd,iat_cv_fwd,small_pkt_ratio_fwd,small_pkt_ratio_bwd,ttl_fwd_first,label
33364,0.0009670257568359375,1,1,74,90,74.0,0.0,90.0,0.0,0.0,0.0,2000.0,0.0,0.0,1.0,1.0,255,1
37940,0.003206014633178711,1,1,78,158,78.0,0.0,158.0,0.0,0.0,0.0,623.8274708113333,0.0,0.0,1.0,0.0,255,1
20906,0.007228851318359375,1,1,105,233,105.0,0.0,233.0,0.0,0.0,0.0,276.66912928759893,0.0,0.0,0.0,0.0,255,1
27176,0.0020568370819091797,1,1,74,90,74.0,0.0,90.0,0.0,0.0,0.0,972.3667555349484,0.0,0.0,1.0,1.0,255,1
29895,0.0021369457244873047,1,1,86,124,86.0,0.0,124.0,0.0,0.0,0.0,935.9152069619547,0.0,0.0,1.0,0.0,255,1
33646,0.0015749931335449219,1,1,78,158,78.0,0.0,158.0,0.0,0.0,0.0,1269.8468059339993,0.0,0.0,1.0,0.0,255,1
