sport,dur,pkts_fwd,pkts_bwd,bytes_fwd,bytes_bwd,pktlen_fwd_mean,pktlen_fwd_std,pktlen_bwd_mean,pktlen_bwd_std,iat_fwd_mean,iat_fwd_std,pps,payload_entropy_fwd,iat_cv_fwd,small_pkt_ratio_fwd,small_pkt_ratio_bwd,ttl_fwd_first,label
15793,0.8751249313354492,2,2,148,180,74.0,0.0,90.0,0.0,0.8743109703063965,0.0,4.570775962120015,0.0,0.0,1.0,1.0,255,1
36662,0.0023729801177978516,1,1,78,158,78.0,0.0,158.0,0.0,0.0,0.0,842.8220636993872,0.0,0.0,1.0,0.0,255,1
9792,0.002431154251098633,1,1,105,233,105.0,0.0,233.0,0.0,0.0,0.0,822.6545062273218,0.0,0.0,0.0,0.0,255,1
56016,0.0017020702362060547,1,1,74,90,74.0,0.0,90.0,0.0,0.0,0.0,1175.0396414063594,0.0,0.0,1.0,1.0,255,1
46604,0.001065969467163086,1,1,86,124,86.0,0.0,124.0,0.0,0.0,0.0,1876.2263475732498,0.0,0.0,1.0,0.0,255,1
64987,0.002902984619140625,1,1,78,158,78.0,0.0,158.0,0.0,0.0,0.0,688.946123521682,0.0,0.0,1.0,0.0,255,1
