sport,dur,pkts_fwd,pkts_bwd,bytes_fwd,bytes_bwd,pktlen_fwd_mean,pktlen_fwd_std,pktlen_bwd_mean,pktlen_bwd_std,iat_fwd_mean,iat_fwd_std,pps,payload_entropy_fwd,iat_cv_fwd,small_pkt_ratio_fwd,small_pkt_ratio_bwd,ttl_fwd_first,label
63457,0.0021240711212158203,1,1,74,90,74.0,0.0,90.0,0.0,0.0,0.0,941.58805702099,0.0,0.0,1.0,1.0,255,1
20386,0.0027260780334472656,1,1,78,158,78.0,0.0,158.0,0.0,0.0,0.0,733.6547140108448,0.0,0.0,1.0,0.0,255,1
27550,0.006628990173339844,1,1,105,233,105.0,0.0,233.0,0.0,0.0,0.0,301.70507840598475,0.0,0.0,0.0,0.0,255,1
41479,0.0014178752899169922,1,1,86,124,86.0,0.0,124.0,0.0,0.0,0.0,1410.5612914074322,0.0,0.0,1.0,0.0,255,1
21892,0.002341032028198242,1,1,78,158,78.0,0.0,158.0,0.0,0.0,0.0,854.324065587127,0.0,0.0,1.0,0.0,255,1
