sport,dur,pkts_fwd,pkts_bwd,bytes_fwd,bytes_bwd,pktlen_fwd_mean,pktlen_fwd_std,pktlen_bwd_mean,pktlen_bwd_std,iat_fwd_mean,iat_fwd_std,pps,payload_entropy_fwd,iat_cv_fwd,small_pkt_ratio_fwd,small_pkt_ratio_bwd,ttl_fwd_first,label
18469,0.0013132095336914062,1,1,74,90,74.0,0.0,90.0,0.0,0.0,0.0,1522.9862018881627,0.0,0.0,1.0,1.0,255,1
33945,0.0037560462951660156,1,1,78,158,78.0,0.0,158.0,0.0,0.0,0.0,532.4748000507808,0.0,0.0,1.0,0.0,255,1
22223,0.004377126693725586,1,1,105,233,105.0,0.0,233.0,0.0,0.0,0.0,456.920747317392,0.0,0.0,0.0,0.0,255,1
40246,0.0014371871948242188,1,1,86,124,86.0,0.0,124.0,0.0,0.0,0.0,1391.6071665560717,0.0,0.0,1.0,0.0,255,1
60327,0.00541996955871582,1,1,78,158,78.0,0.0,158.0,0.0,0.0,0.0,369.00576254783795,0.0,0.0,1.0,0.0,255,1
