sport,dur,pkts_fwd,pkts_bwd,bytes_fwd,bytes_bwd,pktlen_fwd_mean,pktlen_fwd_std,pktlen_bwd_mean,pktlen_bwd_std,iat_fwd_mean,iat_fwd_std,pps,payload_entropy_fwd,iat_cv_fwd,small_pkt_ratio_fwd,small_pkt_ratio_bwd,ttl_fwd_first,label
38741,0.0022220611572265625,1,1,74,90,74.0,0.0,90.0,0.0,0.0,0.0,900.0652360515021,0.0,0.0,1.0,1.0,255,1
32102,0.0012881755828857422,1,1,78,158,78.0,0.0,158.0,0.0,0.0,0.0,1552.5833796039237,0.0,0.0,1.0,0.0,255,1
44671,0.00627899169921875,1,1,105,233,105.0,0.0,233.0,0.0,0.0,0.0,318.52247873633047,0.0,0.0,0.0,0.0,255,1
17896,0.0016710758209228516,1,1,74,90,74.0,0.0,90.0,0.0,0.0,0.0,1196.8337851334,0.0,0.0,1.0,1.0,255,1
58506,0.0014460086822509766,1,1,86,124,86.0,0.0,124.0,0.0,0.0,0.0,1383.1175597691674,0.0,0.0,1.0,0.0,255,1
6024,0.0025360584259033203,1,1,78,158,78.0,0.0,158.0,0.0,0.0,0.0,788.6253642944439,0.0,0.0,1.0,0.0,255,1
