sport,dur,pkts_fwd,pkts_bwd,bytes_fwd,bytes_bwd,pktlen_fwd_mean,pktlen_fwd_std,pktlen_bwd_mean,pktlen_bwd_std,iat_fwd_mean,iat_fwd_std,pps,payload_entropy_fwd,iat_cv_fwd,small_pkt_ratio_fwd,small_pkt_ratio_bwd,ttl_fwd_first,label
62998,0.0013620853424072266,1,1,74,90,74.0,0.0,90.0,0.0,0.0,0.0,1468.3367757745493,0.0,0.0,1.0,1.0,255,1
6449,0.0019190311431884766,1,1,78,158,78.0,0.0,158.0,0.0,0.0,0.0,1042.1925705056528,0.0,0.0,1.0,0.0,255,1
29516,0.005888938903808594,1,1,105,233,105.0,0.0,233.0,0.0,0.0,0.0,339.61975708502024,0.0,0.0,0.0,0.0,255,1
57248,0.001987934112548828,1,1,86,124,86.0,0.0,124.0,0.0,0.0,0.0,1006.0695610458143,0.0,0.0,1.0,0.0,255,1
31680,0.0038950443267822266,2,2,156,316,78.0,0.0,158.0,0.0,0.0015568733215332031,0.0,1026.9459509089795,0.0,0.0,1.0,0.0,255,1
