sport,dur,pkts_fwd,pkts_bwd,bytes_fwd,bytes_bwd,pktlen_fwd_mean,pktlen_fwd_std,pktlen_bwd_mean,pktlen_bwd_std,iat_fwd_mean,iat_fwd_std,pps,payload_entropy_fwd,iat_cv_fwd,small_pkt_ratio_fwd,small_pkt_ratio_bwd,ttl_fwd_first,label
47797,0.003017902374267578,1,1,74,90,74.0,0.0,90.0,0.0,0.0,0.0,662.7119608152947,0.0,0.0,1.0,1.0,255,1
64267,0.002340078353881836,1,1,78,158,78.0,0.0,158.0,0.0,0.0,0.0,854.6722363728986,0.0,0.0,1.0,0.0,255,1
20667,0.0060579776763916016,1,1,105,233,105.0,0.0,233.0,0.0,0.0,0.0,330.1431776142312,0.0,0.0,0.0,0.0,255,1
53789,0.0013570785522460938,1,1,86,124,86.0,0.0,124.0,0.0,0.0,0.0,1473.75404075896,0.0,0.0,1.0,0.0,255,1
21417,0.0025148391723632812,1,1,78,158,78.0,0.0,158.0,0.0,0.0,0.0,795.2794842624194,0.0,0.0,1.0,0.0,255,1
