sport,dur,pkts_fwd,pkts_bwd,bytes_fwd,bytes_bwd,pktlen_fwd_mean,pktlen_fwd_std,pktlen_bwd_mean,pktlen_bwd_std,iat_fwd_mean,iat_fwd_std,pps,payload_entropy_fwd,iat_cv_fwd,small_pkt_ratio_fwd,small_pkt_ratio_bwd,ttl_fwd_first,label
61662,0.0013191699981689453,1,1,74,90,74.0,0.0,90.0,0.0,0.0,0.0,1516.1048255919031,0.0,0.0,1.0,1.0,255,1
63549,0.0015211105346679688,1,1,78,158,78.0,0.0,158.0,0.0,0.0,0.0,1314.828840125392,0.0,0.0,1.0,0.0,255,1
35776,0.005465984344482422,1,1,105,233,105.0,0.0,233.0,0.0,0.0,0.0,365.89932827357586,0.0,0.0,0.0,0.0,255,1
62583,0.0017571449279785156,1,1,86,124,86.0,0.0,124.0,0.0,0.0,0.0,1138.2100407055632,0.0,0.0,1.0,0.0,255,1
32302,0.0033431053161621094,1,1,78,158,78.0,0.0,158.0,0.0,0.0,0.0,598.2461845671088,0.0,0.0,1.0,0.0,255,1
