sport,dur,pkts_fwd,pkts_bwd,bytes_fwd,bytes_bwd,pktlen_fwd_mean,pktlen_fwd_std,pktlen_bwd_mean,pktlen_bwd_std,iat_fwd_mean,iat_fwd_std,pps,payload_entropy_fwd,iat_cv_fwd,small_pkt_ratio_fwd,small_pkt_ratio_bwd,ttl_fwd_first,label
51803,0.0022058486938476562,1,1,74,90,74.0,0.0,90.0,0.0,0.0,0.0,906.6805015131863,0.0,0.0,1.0,1.0,255,1
33295,0.0028159618377685547,1,1,78,158,78.0,0.0,158.0,0.0,0.0,0.0,710.2368978071289,0.0,0.0,1.0,0.0,255,1
51343,0.00527191162109375,1,1,105,233,105.0,0.0,233.0,0.0,0.0,0.0,379.36903039073803,0.0,0.0,0.0,0.0,255,1
51345,0.0015888214111328125,1,1,74,90,74.0,0.0,90.0,0.0,0.0,0.0,1258.7947178871548,0.0,0.0,1.0,1.0,255,1
45493,0.004430055618286133,1,1,86,124,86.0,0.0,124.0,0.0,0.0,0.0,451.46160055971154,0.0,0.0,1.0,0.0,255,1
5278,0.005667209625244141,1,1,78,158,78.0,0.0,158.0,0.0,0.0,0.0,352.9073622212873,0.0,0.0,1.0,0.0,255,1
