sport,dur,pkts_fwd,pkts_bwd,bytes_fwd,bytes_bwd,pktlen_fwd_mean,pktlen_fwd_std,pktlen_bwd_mean,pktlen_bwd_std,iat_fwd_mean,iat_fwd_std,pps,payload_entropy_fwd,iat_cv_fwd,small_pkt_ratio_fwd,small_pkt_ratio_bwd,ttl_fwd_first,label
10656,0.0020859241485595703,1,1,74,90,74.0,0.0,90.0,0.0,0.0,0.0,958.8076351583038,0.0,0.0,1.0,1.0,255,1
39282,0.0020608901977539062,1,1,78,158,78.0,0.0,158.0,0.0,0.0,0.0,970.4544192503471,0.0,0.0,1.0,0.0,255,1
24248,0.02906203269958496,1,1,105,233,105.0,0.0,233.0,0.0,0.0,0.0,68.81831084129784,0.0,0.0,0.0,0.0,255,1
65205,0.0011868476867675781,1,1,74,90,74.0,0.0,90.0,0.0,0.0,0.0,1685.136199276818,0.0,0.0,1.0,1.0,255,1
6766,0.002215862274169922,1,1,86,124,86.0,0.0,124.0,0.0,0.0,0.0,902.5831719388854,0.0,0.0,1.0,0.0,255,1
59761,0.0025789737701416016,1,1,78,158,78.0,0.0,158.0,0.0,0.0,0.0,775.5022649533142,0.0,0.0,1.0,0.0,255,1
