sport,dur,pkts_fwd,pkts_bwd,bytes_fwd,bytes_bwd,pktlen_fwd_mean,pktlen_fwd_std,pktlen_bwd_mean,pktlen_bwd_std,iat_fwd_mean,iat_fwd_std,pps,payload_entropy_fwd,iat_cv_fwd,small_pkt_ratio_fwd,small_pkt_ratio_bwd,ttl_fwd_first,label
38995,0.7935731410980225,2,2,148,180,74.0,0.0,90.0,0.0,0.7914280891418457,0.0,5.04049317302426,0.0,0.0,1.0,1.0,255,1
41767,0.762706995010376,2,2,156,316,78.0,0.0,158.0,0.0,0.760113000869751,0.0,5.244477926868343,0.0,0.0,1.0,0.0,255,1
24530,0.014513015747070312,1,1,105,233,105.0,0.0,233.0,0.0,0.0,0.0,137.80733342094888,0.0,0.0,0.0,0.0,255,1
16351,0.002682924270629883,1,1,86,124,86.0,0.0,124.0,0.0,0.0,0.0,745.4552563760775,0.0,0.0,1.0,0.0,255,1
33008,0.0024929046630859375,1,1,78,158,78.0,0.0,158.0,0.0,0.0,0.0,802.2769701606733,0.0,0.0,1.0,0.0,255,1
