sport,dur,pkts_fwd,pkts_bwd,bytes_fwd,bytes_bwd,pktlen_fwd_mean,pktlen_fwd_std,pktlen_bwd_mean,pktlen_bwd_std,iat_fwd_mean,iat_fwd_std,pps,payload_entropy_fwd,iat_cv_fwd,small_pkt_ratio_fwd,small_pkt_ratio_bwd,ttl_fwd_first,label
52246,0.0009319782257080078,1,1,74,90,74.0,0.0,90.0,0.0,0.0,0.0,2000.0,0.0,0.0,1.0,1.0,255,1
56325,0.0025169849395751953,1,1,78,158,78.0,0.0,158.0,0.0,0.0,0.0,794.6014966373023,0.0,0.0,1.0,0.0,255,1
2315,0.00537419319152832,1,1,105,233,105.0,0.0,233.0,0.0,0.0,0.0,372.1488842553569,0.0,0.0,0.0,0.0,255,1
45584,0.001386880874633789,1,1,74,90,74.0,0.0,90.0,0.0,0.0,0.0,1442.084923500086,0.0,0.0,1.0,1.0,255,1
14807,0.0031800270080566406,1,1,86,124,86.0,0.0,124.0,0.0,0.0,0.0,628.9254760833708,0.0,0.0,1.0,0.0,255,1
24768,0.003314971923828125,1,1,78,158,78.0,0.0,158.0,0.0,0.0,0.0,603.3233601841197,0.0,0.0,1.0,0.0,255,1
