sport,dur,pkts_fwd,pkts_bwd,bytes_fwd,bytes_bwd,pktlen_fwd_mean,pktlen_fwd_std,pktlen_bwd_mean,pktlen_bwd_std,iat_fwd_mean,iat_fwd_std,pps,payload_entropy_fwd,iat_cv_fwd,small_pkt_ratio_fwd,small_pkt_ratio_bwd,ttl_fwd_first,label
10138,0.001550912857055664,1,1,74,90,74.0,0.0,90.0,0.0,0.0,0.0,1289.5631053036127,0.0,0.0,1.0,1.0,255,1
39707,0.0025060176849365234,1,1,78,158,78.0,0.0,158.0,0.0,0.0,0.0,798.0789648939207,0.0,0.0,1.0,0.0,255,1
26660,0.005068063735961914,1,1,105,233,105.0,0.0,233.0,0.0,0.0,0.0,394.6280284141695,0.0,0.0,0.0,0.0,255,1
47915,0.0013959407806396484,1,1,74,90,74.0,0.0,90.0,0.0,0.0,0.0,1432.7255337318531,0.0,0.0,1.0,1.0,255,1
18368,0.010241985321044922,2,2,172,248,86.0,0.0,124.0,0.0,0.00770878791809082,0.0,390.5492806927697,0.0,0.0,1.0,0.0,255,1
50186,0.0025911331176757812,1,1,78,158,78.0,0.0,158.0,0.0,0.0,0.0,771.8630842841369,0.0,0.0,1.0,0.0,255,1
