sport,dur,pkts_fwd,pkts_bwd,bytes_fwd,bytes_bwd,pktlen_fwd_mean,pktlen_fwd_std,pktlen_bwd_mean,pktlen_bwd_std,iat_fwd_mean,iat_fwd_std,pps,payload_entropy_fwd,iat_cv_fwd,small_pkt_ratio_fwd,small_pkt_ratio_bwd,ttl_fwd_first,label
54843,0.0031991004943847656,1,1,74,90,74.0,0.0,90.0,0.0,0.0,0.0,625.1757340885378,0.0,0.0,1.0,1.0,255,1
29118,0.003122091293334961,1,1,78,158,78.0,0.0,158.0,0.0,0.0,0.0,640.5962581137838,0.0,0.0,1.0,0.0,255,1
51023,0.008126974105834961,1,1,105,233,105.0,0.0,233.0,0.0,0.0,0.0,246.09405345146243,0.0,0.0,0.0,0.0,255,1
42336,0.002128124237060547,1,1,74,90,74.0,0.0,90.0,0.0,0.0,0.0,939.7947568899843,0.0,0.0,1.0,1.0,255,1
48654,0.0021522045135498047,1,1,86,124,86.0,0.0,124.0,0.0,0.0,0.0,929.2797164063365,0.0,0.0,1.0,0.0,255,1
23948,0.0028040409088134766,1,1,78,158,78.0,0.0,158.0,0.0,0.0,0.0,713.256355752062,0.0,0.0,1.0,0.0,255,1
