sport,dur,pkts_fwd,pkts_bwd,bytes_fwd,bytes_bwd,pktlen_fwd_mean,pktlen_fwd_std,pktlen_bwd_mean,pktlen_bwd_std,iat_fwd_mean,iat_fwd_std,pps,payload_entropy_fwd,iat_cv_fwd,small_pkt_ratio_fwd,small_pkt_ratio_bwd,ttl_fwd_first,label
33903,0.0016789436340332031,1,1,74,90,74.0,0.0,90.0,0.0,0.0,0.0,1191.2252201079239,0.0,0.0,1.0,1.0,255,1
8298,0.002404928207397461,1,1,78,158,78.0,0.0,158.0,0.0,0.0,0.0,831.6256567859622,0.0,0.0,1.0,0.0,255,1
49808,0.005773067474365234,1,1,105,233,105.0,0.0,233.0,0.0,0.0,0.0,346.4362765342364,0.0,0.0,0.0,0.0,255,1
32881,0.0021219253540039062,1,1,86,124,86.0,0.0,124.0,0.0,0.0,0.0,942.5402247191012,0.0,0.0,1.0,0.0,255,1
39780,0.0024640560150146484,1,1,78,158,78.0,0.0,158.0,0.0,0.0,0.0,811.6698597000484,0.0,0.0,1.0,0.0,255,1
