sport,dur,pkts_fwd,pkts_bwd,bytes_fwd,bytes_bwd,pktlen_fwd_mean,pktlen_fwd_std,pktlen_bwd_mean,pktlen_bwd_std,iat_fwd_mean,iat_fwd_std,pps,payload_entropy_fwd,iat_cv_fwd,small_pkt_ratio_fwd,small_pkt_ratio_bwd,ttl_fwd_first,label
29199,0.0010340213775634766,1,1,74,90,74.0,0.0,90.0,0.0,0.0,0.0,1934.1959880101454,0.0,0.0,1.0,1.0,255,1
15624,0.0023479461669921875,1,1,78,158,78.0,0.0,158.0,0.0,0.0,0.0,851.808285946385,0.0,0.0,1.0,0.0,255,1
52732,0.004724979400634766,1,1,105,233,105.0,0.0,233.0,0.0,0.0,0.0,423.2822686446665,0.0,0.0,0.0,0.0,255,1
41772,0.0014989376068115234,1,1,86,124,86.0,0.0,124.0,0.0,0.0,0.0,1334.278352155241,0.0,0.0,1.0,0.0,255,1
62543,0.002550840377807617,1,1,78,158,78.0,0.0,158.0,0.0,0.0,0.0,784.0553322740443,0.0,0.0,1.0,0.0,255,1
