sport,dur,pkts_fwd,pkts_bwd,bytes_fwd,bytes_bwd,pktlen_fwd_mean,pktlen_fwd_std,pktlen_bwd_mean,pktlen_bwd_std,iat_fwd_mean,iat_fwd_std,pps,payload_entropy_fwd,iat_cv_fwd,small_pkt_ratio_fwd,small_pkt_ratio_bwd,ttl_fwd_first,label
26197,0.001428842544555664,1,1,74,90,74.0,0.0,90.0,0.0,0.0,0.0,1399.7343567495411,0.0,0.0,1.0,1.0,255,1
11929,0.0023488998413085938,1,1,78,158,78.0,0.0,158.0,0.0,0.0,0.0,851.4624441737718,0.0,0.0,1.0,0.0,255,1
46891,0.006551027297973633,1,1,105,233,105.0,0.0,233.0,0.0,0.0,0.0,305.29562907158714,0.0,0.0,0.0,0.0,255,1
46141,0.0030608177185058594,1,1,86,124,86.0,0.0,124.0,0.0,0.0,0.0,653.4201589032559,0.0,0.0,1.0,0.0,255,1
34890,0.002743959426879883,1,1,78,158,78.0,0.0,158.0,0.0,0.0,0.0,728.8737509774959,0.0,0.0,1.0,0.0,255,1
