sport,dur,pkts_fwd,pkts_bwd,bytes_fwd,bytes_bwd,pktlen_fwd_mean,pktlen_fwd_std,pktlen_bwd_mean,pktlen_bwd_std,iat_fwd_mean,iat_fwd_std,pps,payload_entropy_fwd,iat_cv_fwd,small_pkt_ratio_fwd,small_pkt_ratio_bwd,ttl_fwd_first,label
1841,0.001722097396850586,1,1,74,90,74.0,0.0,90.0,0.0,0.0,0.0,1161.3744981309706,0.0,0.0,1.0,1.0,255,1
61486,0.0031921863555908203,1,1,78,158,78.0,0.0,158.0,0.0,0.0,0.0,626.5298379266562,0.0,0.0,1.0,0.0,255,1
12253,0.006880044937133789,1,1,105,233,105.0,0.0,233.0,0.0,0.0,0.0,290.695775721662,0.0,0.0,0.0,0.0,255,1
63255,0.00857090950012207,2,2,148,180,74.0,0.0,90.0,0.0,0.007215023040771484,0.0,466.69492892709115,0.0,0.0,1.0,1.0,255,1
64000,0.0021240711212158203,1,1,86,124,86.0,0.0,124.0,0.0,0.0,0.0,941.58805702099,0.0,0.0,1.0,0.0,255,1
44624,0.0021560192108154297,1,1,78,158,78.0,0.0,158.0,0.0,0.0,0.0,927.6355191861109,0.0,0.0,1.0,0.0,255,1
