sport,dur,pkts_fwd,pkts_bwd,bytes_fwd,bytes_bwd,pktlen_fwd_mean,pktlen_fwd_std,pktlen_bwd_mean,pktlen_bwd_std,iat_fwd_mean,iat_fwd_std,pps,payload_entropy_fwd,iat_cv_fwd,small_pkt_ratio_fwd,small_pkt_ratio_bwd,ttl_fwd_first,label
16238,0.002084970474243164,1,1,74,90,74.0,0.0,90.0,0.0,0.0,0.0,959.2461978273299,0.0,0.0,1.0,1.0,255,1
35898,0.0013680458068847656,1,1,78,158,78.0,0.0,158.0,0.0,0.0,0.0,1461.9393516904845,0.0,0.0,1.0,0.0,255,1
52447,0.0069539546966552734,1,1,105,233,105.0,0.0,233.0,0.0,0.0,0.0,287.6061302156547,0.0,0.0,0.0,0.0,255,1
54493,0.0014379024505615234,1,1,86,124,86.0,0.0,124.0,0.0,0.0,0.0,1390.9149394793567,0.0,0.0,1.0,0.0,255,1
7071,0.003278017044067383,1,1,78,158,78.0,0.0,158.0,0.0,0.0,0.0,610.1249545421485,0.0,0.0,1.0,0.0,255,1
