sport,dur,pkts_fwd,pkts_bwd,bytes_fwd,bytes_bwd,pktlen_fwd_mean,pktlen_fwd_std,pktlen_bwd_mean,pktlen_bwd_std,iat_fwd_mean,iat_fwd_std,pps,payload_entropy_fwd,iat_cv_fwd,small_pkt_ratio_fwd,small_pkt_ratio_bwd,ttl_fwd_first,label
20938,0.001325845718383789,1,1,74,90,74.0,0.0,90.0,0.0,0.0,0.0,1508.4711382844812,0.0,0.0,1.0,1.0,255,1
17189,0.0010821819305419922,1,1,78,158,78.0,0.0,158.0,0.0,0.0,0.0,1848.118087684512,0.0,0.0,1.0,0.0,255,1
37065,0.007019996643066406,1,1,105,233,105.0,0.0,233.0,0.0,0.0,0.0,284.90042113843225,0.0,0.0,0.0,0.0,255,1
12323,0.004322052001953125,2,2,148,180,74.0,0.0,90.0,0.0,0.0029740333557128906,0.0,925.486319505737,0.0,0.0,1.0,1.0,255,1
35412,0.0016651153564453125,1,1,86,124,86.0,0.0,124.0,0.0,0.0,0.0,1201.1179839633448,0.0,0.0,1.0,0.0,255,1
53448,0.0028171539306640625,1,1,78,158,78.0,0.0,158.0,0.0,0.0,0.0,709.9363574813812,0.0,0.0,1.0,0.0,255,1
