sport,dur,pkts_fwd,pkts_bwd,bytes_fwd,bytes_bwd,pktlen_fwd_mean,pktlen_fwd_std,pktlen_bwd_mean,pktlen_bwd_std,iat_fwd_mean,iat_fwd_std,pps,payload_entropy_fwd,iat_cv_fwd,small_pkt_ratio_fwd,small_pkt_ratio_bwd,ttl_fwd_first,label
9706,0.0020360946655273438,1,1,74,90,74.0,0.0,90.0,0.0,0.0,0.0,982.2725995316159,0.0,0.0,1.0,1.0,255,1
51682,0.0014657974243164062,1,1,78,158,78.0,0.0,158.0,0.0,0.0,0.0,1364.4450227716331,0.0,0.0,1.0,0.0,255,1
25182,0.014351844787597656,1,1,105,233,105.0,0.0,233.0,0.0,0.0,0.0,139.35490730281083,0.0,0.0,0.0,0.0,255,1
33828,0.002115964889526367,1,1,86,124,86.0,0.0,124.0,0.0,0.0,0.0,945.1952676056338,0.0,0.0,1.0,0.0,255,1
8199,0.0024089813232421875,1,1,78,158,78.0,0.0,158.0,0.0,0.0,0.0,830.2264449722882,0.0,0.0,1.0,0.0,255,1
