sport,dur,pkts_fwd,pkts_bwd,bytes_fwd,bytes_bwd,pktlen_fwd_mean,pktlen_fwd_std,pktlen_bwd_mean,pktlen_bwd_std,iat_fwd_mean,iat_fwd_std,pps,payload_entropy_fwd,iat_cv_fwd,small_pkt_ratio_fwd,small_pkt_ratio_bwd,ttl_fwd_first,label
50423,0.0015659332275390625,1,1,74,90,74.0,0.0,90.0,0.0,0.0,0.0,1277.1936662606577,0.0,0.0,1.0,1.0,255,1
41128,0.0018689632415771484,1,1,78,158,78.0,0.0,158.0,0.0,0.0,0.0,1070.1120040821534,0.0,0.0,1.0,0.0,255,1
17028,0.007006168365478516,1,1,105,233,105.0,0.0,233.0,0.0,0.0,0.0,285.46273735792556,0.0,0.0,0.0,0.0,255,1
55560,0.0014579296112060547,1,1,74,90,74.0,0.0,90.0,0.0,0.0,0.0,1371.808340147179,0.0,0.0,1.0,1.0,255,1
25445,0.005891084671020508,1,1,86,124,86.0,0.0,124.0,0.0,0.0,0.0,339.49605406936746,0.0,0.0,1.0,0.0,255,1
12156,0.002499103546142578,1,1,78,158,78.0,0.0,158.0,0.0,0.0,0.0,800.2869681358519,0.0,0.0,1.0,0.0,255,1
51323,0.004805803298950195,1,1,72,136,72.0,0.0,136.0,0.0,0.0,0.0,416.16351639628914,0.0,0.0,1.0,0.0,255,1
