sport,dur,pkts_fwd,pkts_bwd,bytes_fwd,bytes_bwd,pktlen_fwd_mean,pktlen_fwd_std,pktlen_bwd_mean,pktlen_bwd_std,iat_fwd_mean,iat_fwd_std,pps,payload_entropy_fwd,iat_cv_fwd,small_pkt_ratio_fwd,small_pkt_ratio_bwd,ttl_fwd_first,label
32752,0.0020999908447265625,1,1,74,90,74.0,0.0,90.0,0.0,0.0,0.0,952.3851044504995,0.0,0.0,1.0,1.0,255,1
7937,0.002521038055419922,1,1,78,158,78.0,0.0,158.0,0.0,0.0,0.0,793.3240022697182,0.0,0.0,1.0,0.0,255,1
36280,0.0025908946990966797,1,1,105,233,105.0,0.0,233.0,0.0,0.0,0.0,771.9341124505384,0.0,0.0,0.0,0.0,255,1
30317,0.0021529197692871094,1,1,86,124,86.0,0.0,124.0,0.0,0.0,0.0,928.9709856035438,0.0,0.0,1.0,0.0,255,1
21855,0.0021429061889648438,1,1,78,158,78.0,0.0,158.0,0.0,0.0,0.0,933.311971517579,0.0,0.0,1.0,0.0,255,1
