sport,dur,pkts_fwd,pkts_bwd,bytes_fwd,bytes_bwd,pktlen_fwd_mean,pktlen_fwd_std,pktlen_bwd_mean,pktlen_bwd_std,iat_fwd_mean,iat_fwd_std,pps,payload_entropy_fwd,iat_cv_fwd,small_pkt_ratio_fwd,small_pkt_ratio_bwd,ttl_fwd_first,label
38899,0.0021209716796875,1,1,74,90,74.0,0.0,90.0,0.0,0.0,0.0,942.9640287769785,0.0,0.0,1.0,1.0,255,1
52376,0.002524137496948242,1,1,78,158,78.0,0.0,158.0,0.0,0.0,0.0,792.3498630395768,0.0,0.0,1.0,0.0,255,1
50060,0.0070989131927490234,1,1,105,233,105.0,0.0,233.0,0.0,0.0,0.0,281.73326616288836,0.0,0.0,0.0,0.0,255,1
30457,0.00138092041015625,1,1,74,90,74.0,0.0,90.0,0.0,0.0,0.0,1448.3093922651933,0.0,0.0,1.0,1.0,255,1
6820,0.0025148391723632812,1,1,86,124,86.0,0.0,124.0,0.0,0.0,0.0,795.2794842624194,0.0,0.0,1.0,0.0,255,1
20665,0.0033550262451171875,1,1,78,158,78.0,0.0,158.0,0.0,0.0,0.0,596.1205230244457,0.0,0.0,1.0,0.0,255,1
