sport,dur,pkts_fwd,pkts_bwd,bytes_fwd,bytes_bwd,pktlen_fwd_mean,pktlen_fwd_std,pktlen_bwd_mean,pktlen_bwd_std,iat_fwd_mean,iat_fwd_std,pps,payload_entropy_fwd,iat_cv_fwd,small_pkt_ratio_fwd,small_pkt_ratio_bwd,ttl_fwd_first,label
18803,0.0020198822021484375,1,1,74,90,74.0,0.0,90.0,0.0,0.0,0.0,990.1567516525024,0.0,0.0,1.0,1.0,255,1
57962,0.0021941661834716797,1,1,78,158,78.0,0.0,158.0,0.0,0.0,0.0,911.5079865261328,0.0,0.0,1.0,0.0,255,1
20941,0.03056788444519043,1,1,105,233,105.0,0.0,233.0,0.0,0.0,0.0,65.42814579092277,0.0,0.0,0.0,0.0,255,1
4965,0.002095937728881836,1,1,74,90,74.0,0.0,90.0,0.0,0.0,0.0,954.2268228870436,0.0,0.0,1.0,1.0,255,1
31171,0.0014069080352783203,1,1,86,124,86.0,0.0,124.0,0.0,0.0,0.0,1421.5570242331808,0.0,0.0,1.0,0.0,255,1
42003,0.002443075180053711,1,1,78,158,78.0,0.0,158.0,0.0,0.0,0.0,818.6403825509906,0.0,0.0,1.0,0.0,255,1
