sport,dur,pkts_fwd,pkts_bwd,bytes_fwd,bytes_bwd,pktlen_fwd_mean,pktlen_fwd_std,pktlen_bwd_mean,pktlen_bwd_std,iat_fwd_mean,iat_fwd_std,pps,payload_entropy_fwd,iat_cv_fwd,small_pkt_ratio_fwd,small_pkt_ratio_bwd,ttl_fwd_first,label
29645,0.0021109580993652344,1,1,74,90,74.0,0.0,90.0,0.0,0.0,0.0,947.4370905805285,0.0,0.0,1.0,1.0,255,1
26818,0.0009629726409912109,1,1,78,158,78.0,0.0,158.0,0.0,0.0,0.0,2000.0,0.0,0.0,1.0,0.0,255,1
61466,0.005280971527099609,1,1,105,233,105.0,0.0,233.0,0.0,0.0,0.0,378.7181941309255,0.0,0.0,0.0,0.0,255,1
49594,0.0009629726409912109,1,1,74,90,74.0,0.0,90.0,0.0,0.0,0.0,2000.0,0.0,0.0,1.0,1.0,255,1
17917,0.0014269351959228516,1,1,86,124,86.0,0.0,124.0,0.0,0.0,0.0,1401.6053467000836,0.0,0.0,1.0,0.0,255,1
47319,0.0009849071502685547,1,1,78,158,78.0,0.0,158.0,0.0,0.0,0.0,2000.0,0.0,0.0,1.0,0.0,255,1
