sport,dur,pkts_fwd,pkts_bwd,bytes_fwd,bytes_bwd,pktlen_fwd_mean,pktlen_fwd_std,pktlen_bwd_mean,pktlen_bwd_std,iat_fwd_mean,iat_fwd_std,pps,payload_entropy_fwd,iat_cv_fwd,small_pkt_ratio_fwd,small_pkt_ratio_bwd,ttl_fwd_first,label
63229,0.001344919204711914,1,1,74,90,74.0,0.0,90.0,0.0,0.0,0.0,1487.07817762808,0.0,0.0,1.0,1.0,255,1
57922,0.0024628639221191406,1,1,78,158,78.0,0.0,158.0,0.0,0.0,0.0,812.0627299128752,0.0,0.0,1.0,0.0,255,1
36043,0.0062580108642578125,1,1,105,233,105.0,0.0,233.0,0.0,0.0,0.0,319.590368790003,0.0,0.0,0.0,0.0,255,1
27582,0.0021200180053710938,1,1,74,90,74.0,0.0,90.0,0.0,0.0,0.0,943.3882141250563,0.0,0.0,1.0,1.0,255,1
29604,0.0020139217376708984,1,1,86,124,86.0,0.0,124.0,0.0,0.0,0.0,993.0872499112111,0.0,0.0,1.0,0.0,255,1
22064,0.002064943313598633,1,1,78,158,78.0,0.0,158.0,0.0,0.0,0.0,968.5495901166147,0.0,0.0,1.0,0.0,255,1
