sport,dur,pkts_fwd,pkts_bwd,bytes_fwd,bytes_bwd,pktlen_fwd_mean,pktlen_fwd_std,pktlen_bwd_mean,pktlen_bwd_std,iat_fwd_mean,iat_fwd_std,pps,payload_entropy_fwd,iat_cv_fwd,small_pkt_ratio_fwd,small_pkt_ratio_bwd,ttl_fwd_first,label
26122,0.001795053482055664,1,1,74,90,74.0,0.0,90.0,0.0,0.0,0.0,1114.1729313321823,0.0,0.0,1.0,1.0,255,1
1857,0.0019140243530273438,1,1,78,158,78.0,0.0,158.0,0.0,0.0,0.0,1044.918784255107,0.0,0.0,1.0,0.0,255,1
32872,0.00613093376159668,1,1,105,233,105.0,0.0,233.0,0.0,0.0,0.0,326.214582928252,0.0,0.0,0.0,0.0,255,1
7271,0.0014929771423339844,1,1,74,90,74.0,0.0,90.0,0.0,0.0,0.0,1339.6052379431492,0.0,0.0,1.0,1.0,255,1
12077,0.0009989738464355469,1,1,86,124,86.0,0.0,124.0,0.0,0.0,0.0,2000.0,0.0,0.0,1.0,0.0,255,1
3875,0.0038399696350097656,1,1,78,158,78.0,0.0,158.0,0.0,0.0,0.0,520.8374518812865,0.0,0.0,1.0,0.0,255,1
