sport,dur,pkts_fwd,pkts_bwd,bytes_fwd,bytes_bwd,pktlen_fwd_mean,pktlen_fwd_std,pktlen_bwd_mean,pktlen_bwd_std,iat_fwd_mean,iat_fwd_std,pps,payload_entropy_fwd,iat_cv_fwd,small_pkt_ratio_fwd,small_pkt_ratio_bwd,ttl_fwd_first,label
46908,0.0020248889923095703,1,1,74,90,74.0,0.0,90.0,0.0,0.0,0.0,987.7084657953609,0.0,0.0,1.0,1.0,255,1
32476,0.0031108856201171875,1,1,78,158,78.0,0.0,158.0,0.0,0.0,0.0,642.9037400367872,0.0,0.0,1.0,0.0,255,1
49471,0.005265951156616211,1,1,105,233,105.0,0.0,233.0,0.0,0.0,0.0,379.7984334676507,0.0,0.0,0.0,0.0,255,1
40792,0.0015530586242675781,1,1,74,90,74.0,0.0,90.0,0.0,0.0,0.0,1287.781393920786,0.0,0.0,1.0,1.0,255,1
47386,0.030089855194091797,1,1,86,124,86.0,0.0,124.0,0.0,0.0,0.0,66.46758474240528,0.0,0.0,1.0,0.0,255,1
30769,0.001983165740966797,1,1,78,158,78.0,0.0,158.0,0.0,0.0,0.0,1008.488578985333,0.0,0.0,1.0,0.0,255,1
