sport,dur,pkts_fwd,pkts_bwd,bytes_fwd,bytes_bwd,pktlen_fwd_mean,pktlen_fwd_std,pktlen_bwd_mean,pktlen_bwd_std,iat_fwd_mean,iat_fwd_std,pps,payload_entropy_fwd,iat_cv_fwd,small_pkt_ratio_fwd,small_pkt_ratio_bwd,ttl_fwd_first,label
43379,0.002307891845703125,1,1,74,90,74.0,0.0,90.0,0.0,0.0,0.0,866.5917355371901,0.0,0.0,1.0,1.0,255,1
25696,0.0017178058624267578,1,1,78,158,78.0,0.0,158.0,0.0,0.0,0.0,1164.275919500347,0.0,0.0,1.0,0.0,255,1
13585,0.005958080291748047,1,1,105,233,105.0,0.0,233.0,0.0,0.0,0.0,335.6785914365746,0.0,0.0,0.0,0.0,255,1
47985,0.002363920211791992,1,1,86,124,86.0,0.0,124.0,0.0,0.0,0.0,846.0522440746344,0.0,0.0,1.0,0.0,255,1
56878,0.002527952194213867,1,1,78,158,78.0,0.0,158.0,0.0,0.0,0.0,791.154201641045,0.0,0.0,1.0,0.0,255,1
