sport,dur,pkts_fwd,pkts_bwd,bytes_fwd,bytes_bwd,pktlen_fwd_mean,pktlen_fwd_std,pktlen_bwd_mean,pktlen_bwd_std,iat_fwd_mean,iat_fwd_std,pps,payload_entropy_fwd,iat_cv_fwd,small_pkt_ratio_fwd,small_pkt_ratio_bwd,ttl_fwd_first,label
44668,0.0016040802001953125,1,1,74,90,74.0,0.0,90.0,0.0,0.0,0.0,1246.8204518430439,0.0,0.0,1.0,1.0,255,1
54766,0.0023908615112304688,1,1,78,158,78.0,0.0,158.0,0.0,0.0,0.0,836.5185480654168,0.0,0.0,1.0,0.0,255,1
39869,0.006381988525390625,1,1,105,233,105.0,0.0,233.0,0.0,0.0,0.0,313.3819485953377,0.0,0.0,0.0,0.0,255,1
42094,0.0016400814056396484,1,1,86,124,86.0,0.0,124.0,0.0,0.0,0.0,1219.4516644861171,0.0,0.0,1.0,0.0,255,1
58270,0.002168893814086914,1,1,78,158,78.0,0.0,158.0,0.0,0.0,0.0,922.1290535341321,0.0,0.0,1.0,0.0,255,1
