sport,dur,pkts_fwd,pkts_bwd,bytes_fwd,bytes_bwd,pktlen_fwd_mean,pktlen_fwd_std,pktlen_bwd_mean,pktlen_bwd_std,iat_fwd_mean,iat_fwd_std,pps,payload_entropy_fwd,iat_cv_fwd,small_pkt_ratio_fwd,small_pkt_ratio_bwd,ttl_fwd_first,label
35541,0.0022881031036376953,1,1,74,90,74.0,0.0,90.0,0.0,0.0,0.0,874.0864853600083,0.0,0.0,1.0,1.0,255,1
33898,0.0034170150756835938,1,1,78,158,78.0,0.0,158.0,0.0,0.0,0.0,585.3061680156294,0.0,0.0,1.0,0.0,255,1
57095,0.005682945251464844,1,1,105,233,105.0,0.0,233.0,0.0,0.0,0.0,351.9301896291324,0.0,0.0,0.0,0.0,255,1
13646,0.0016429424285888672,1,1,74,90,74.0,0.0,90.0,0.0,0.0,0.0,1217.328109127848,0.0,0.0,1.0,1.0,255,1
39244,0.002398967742919922,1,1,86,124,86.0,0.0,124.0,0.0,0.0,0.0,833.6919101570264,0.0,0.0,1.0,0.0,255,1
7735,0.002106904983520508,1,1,78,158,78.0,0.0,158.0,0.0,0.0,0.0,949.2597035192939,0.0,0.0,1.0,0.0,255,1
