sport,dur,pkts_fwd,pkts_bwd,bytes_fwd,bytes_bwd,pktlen_fwd_mean,pktlen_fwd_std,pktlen_bwd_mean,pktlen_bwd_std,iat_fwd_mean,iat_fwd_std,pps,payload_entropy_fwd,iat_cv_fwd,small_pkt_ratio_fwd,small_pkt_ratio_bwd,ttl_fwd_first,label
59024,0.001483917236328125,1,1,74,90,74.0,0.0,90.0,0.0,0.0,0.0,1347.784061696658,0.0,0.0,1.0,1.0,255,1
37849,0.0022649765014648438,1,1,78,158,78.0,0.0,158.0,0.0,0.0,0.0,883.0113684210527,0.0,0.0,1.0,0.0,255,1
12396,0.007256984710693359,1,1,105,233,105.0,0.0,233.0,0.0,0.0,0.0,275.5965569354097,0.0,0.0,0.0,0.0,255,1
16201,0.0020799636840820312,1,1,74,90,74.0,0.0,90.0,0.0,0.0,0.0,961.5552498853737,0.0,0.0,1.0,1.0,255,1
14171,0.0017731189727783203,1,1,86,124,86.0,0.0,124.0,0.0,0.0,0.0,1127.955896194702,0.0,0.0,1.0,0.0,255,1
39227,0.0024309158325195312,1,1,78,158,78.0,0.0,158.0,0.0,0.0,0.0,822.7351902706944,0.0,0.0,1.0,0.0,255,1
