sport,dur,pkts_fwd,pkts_bwd,bytes_fwd,bytes_bwd,pktlen_fwd_mean,pktlen_fwd_std,pktlen_bwd_mean,pktlen_bwd_std,iat_fwd_mean,iat_fwd_std,pps,payload_entropy_fwd,iat_cv_fwd,small_pkt_ratio_fwd,small_pkt_ratio_bwd,ttl_fwd_first,label
56644,0.0020859241485595703,1,1,74,90,74.0,0.0,90.0,0.0,0.0,0.0,958.8076351583038,0.0,0.0,1.0,1.0,255,1
29823,0.003206014633178711,1,1,78,158,78.0,0.0,158.0,0.0,0.0,0.0,623.8274708113333,0.0,0.0,1.0,0.0,255,1
58462,0.03183388710021973,1,1,105,233,105.0,0.0,233.0,0.0,0.0,0.0,62.8261322189019,0.0,0.0,0.0,0.0,255,1
15338,0.0014090538024902344,1,1,74,90,74.0,0.0,90.0,0.0,0.0,0.0,1419.3922165820643,0.0,0.0,1.0,1.0,255,1
7313,0.002207040786743164,1,1,86,124,86.0,0.0,124.0,0.0,0.0,0.0,906.1907745489899,0.0,0.0,1.0,0.0,255,1
51505,0.0022699832916259766,1,1,78,158,78.0,0.0,158.0,0.0,0.0,0.0,881.0637538073731,0.0,0.0,1.0,0.0,255,1
