sport,dur,pkts_fwd,pkts_bwd,bytes_fwd,bytes_bwd,pktlen_fwd_mean,pktlen_fwd_std,pktlen_bwd_mean,pktlen_bwd_std,iat_fwd_mean,iat_fwd_std,pps,payload_entropy_fwd,iat_cv_fwd,small_pkt_ratio_fwd,small_pkt_ratio_bwd,ttl_fwd_first,label
60238,0.0013191699981689453,1,1,74,90,74.0,0.0,90.0,0.0,0.0,0.0,1516.1048255919031,0.0,0.0,1.0,1.0,255,1
23839,0.002273082733154297,1,1,78,158,78.0,0.0,158.0,0.0,0.0,0.0,879.8623872456471,0.0,0.0,1.0,0.0,255,1
30806,0.006654024124145508,1,1,105,233,105.0,0.0,233.0,0.0,0.0,0.0,300.56999534200435,0.0,0.0,0.0,0.0,255,1
53376,0.0017619132995605469,1,1,86,124,86.0,0.0,124.0,0.0,0.0,0.0,1135.1296346414074,0.0,0.0,1.0,0.0,255,1
3335,0.0035049915313720703,1,1,78,158,78.0,0.0,158.0,0.0,0.0,0.0,570.6147881096524,0.0,0.0,1.0,0.0,255,1
