sport,dur,pkts_fwd,pkts_bwd,bytes_fwd,bytes_bwd,pktlen_fwd_mean,pktlen_fwd_std,pktlen_bwd_mean,pktlen_bwd_std,iat_fwd_mean,iat_fwd_std,pps,payload_entropy_fwd,iat_cv_fwd,small_pkt_ratio_fwd,small_pkt_ratio_bwd,ttl_fwd_first,label
43686,0.0021240711212158203,1,1,74,90,74.0,0.0,90.0,0.0,0.0,0.0,941.58805702099,0.0,0.0,1.0,1.0,255,1
42459,0.002103090286254883,1,1,78,158,78.0,0.0,158.0,0.0,0.0,0.0,950.9815213694593,0.0,0.0,1.0,0.0,255,1
31345,0.0034148693084716797,1,1,105,233,105.0,0.0,233.0,0.0,0.0,0.0,585.6739509879216,0.0,0.0,0.0,0.0,255,1
20032,0.001466989517211914,1,1,86,124,86.0,0.0,124.0,0.0,0.0,0.0,1363.3362587355762,0.0,0.0,1.0,0.0,255,1
21970,0.0027768611907958984,1,1,78,158,78.0,0.0,158.0,0.0,0.0,0.0,720.2376577659483,0.0,0.0,1.0,0.0,255,1
