sport,dur,pkts_fwd,pkts_bwd,bytes_fwd,bytes_bwd,pktlen_fwd_mean,pktlen_fwd_std,pktlen_bwd_mean,pktlen_bwd_std,iat_fwd_mean,iat_fwd_std,pps,payload_entropy_fwd,iat_cv_fwd,small_pkt_ratio_fwd,small_pkt_ratio_bwd,ttl_fwd_first,label
35178,0.0020821094512939453,1,1,74,90,74.0,0.0,90.0,0.0,0.0,0.0,960.5642963471888,0.0,0.0,1.0,1.0,64,1
34631,0.0013468265533447266,1,1,76,108,76.0,0.0,108.0,0.0,0.0,0.0,1484.9722074703486,0.0,0.0,1.0,0.0,64,1
42570,0.0025260448455810547,1,1,74,90,74.0,0.0,90.0,0.0,0.0,0.0,791.751580934403,0.0,0.0,1.0,1.0,64,1
58703,0.0016489028930664062,1,1,74,90,74.0,0.0,90.0,0.0,0.0,0.0,1212.9277038750722,0.0,0.0,1.0,1.0,64,1
59505,0.0026750564575195312,1,1,74,90,74.0,0.0,90.0,0.0,0.0,0.0,747.6477718360071,0.0,0.0,1.0,1.0,64,1
