sport,dur,pkts_fwd,pkts_bwd,bytes_fwd,bytes_bwd,pktlen_fwd_mean,pktlen_fwd_std,pktlen_bwd_mean,pktlen_bwd_std,iat_fwd_mean,iat_fwd_std,pps,payload_entropy_fwd,iat_cv_fwd,small_pkt_ratio_fwd,small_pkt_ratio_bwd,ttl_fwd_first,label
56043,0.002702951431274414,1,1,74,90,74.0,0.0,90.0,0.0,0.0,0.0,739.9319043838758,0.0,0.0,1.0,1.0,64,1
53824,0.0021209716796875,1,1,74,90,74.0,0.0,90.0,0.0,0.0,0.0,942.9640287769785,0.0,0.0,1.0,1.0,64,1
40805,0.002151966094970703,1,1,74,90,74.0,0.0,90.0,0.0,0.0,0.0,929.3826722800798,0.0,0.0,1.0,1.0,64,1
57415,0.000982046127319336,1,1,74,90,74.0,0.0,90.0,0.0,0.0,0.0,2000.0,0.0,0.0,1.0,1.0,64,1
