sport,dur,pkts_fwd,pkts_bwd,bytes_fwd,bytes_bwd,pktlen_fwd_mean,pktlen_fwd_std,pktlen_bwd_mean,pktlen_bwd_std,iat_fwd_mean,iat_fwd_std,pps,payload_entropy_fwd,iat_cv_fwd,small_pkt_ratio_fwd,small_pkt_ratio_bwd,ttl_fwd_first,label
33464,0.0020368099212646484,1,1,74,90,74.0,0.0,90.0,0.0,0.0,0.0,981.927660072574,0.0,0.0,1.0,1.0,64,1
53518,0.0027790069580078125,1,1,74,90,74.0,0.0,90.0,0.0,0.0,0.0,719.681537405628,0.0,0.0,1.0,1.0,64,1
54045,0.0009179115295410156,1,1,76,108,76.0,0.0,108.0,0.0,0.0,0.0,2000.0,0.0,0.0,1.0,0.0,64,1
47241,0.0014128684997558594,1,1,74,90,74.0,0.0,90.0,0.0,0.0,0.0,1415.5599055011812,0.0,0.0,1.0,1.0,64,1
36653,0.0020999908447265625,1,1,74,90,74.0,0.0,90.0,0.0,0.0,0.0,952.3851044504995,0.0,0.0,1.0,1.0,64,1
