sport,dur,pkts_fwd,pkts_bwd,bytes_fwd,bytes_bwd,pktlen_fwd_mean,pktlen_fwd_std,pktlen_bwd_mean,pktlen_bwd_std,iat_fwd_mean,iat_fwd_std,pps,payload_entropy_fwd,iat_cv_fwd,small_pkt_ratio_fwd,small_pkt_ratio_bwd,ttl_fwd_first,label
37336,0.0014429092407226562,1,1,74,90,74.0,0.0,90.0,0.0,0.0,0.0,1386.088565763384,0.0,0.0,1.0,1.0,64,1
41621,0.0013339519500732422,1,1,74,90,74.0,0.0,90.0,0.0,0.0,0.0,1499.3043789097408,0.0,0.0,1.0,1.0,64,1
38384,0.0014340877532958984,1,1,74,90,74.0,0.0,90.0,0.0,0.0,0.0,1394.6147963424771,0.0,0.0,1.0,1.0,64,1
35649,0.0009119510650634766,1,1,74,90,74.0,0.0,90.0,0.0,0.0,0.0,2000.0,0.0,0.0,1.0,1.0,64,1
