sport,dur,pkts_fwd,pkts_bwd,bytes_fwd,bytes_bwd,pktlen_fwd_mean,pktlen_fwd_std,pktlen_bwd_mean,pktlen_bwd_std,iat_fwd_mean,iat_fwd_std,pps,payload_entropy_fwd,iat_cv_fwd,small_pkt_ratio_fwd,small_pkt_ratio_bwd,ttl_fwd_first,label
47742,0.0026509761810302734,1,1,75,279,75.0,0.0,279.0,0.0,0.0,0.0,754.4390682615343,0.0,0.0,1.0,0.0,64,1
50140,0.006326913833618164,1,1,75,279,75.0,0.0,279.0,0.0,0.0,0.0,316.1098843124694,0.0,0.0,1.0,0.0,64,1
58160,0.00445103645324707,1,1,75,279,75.0,0.0,279.0,0.0,0.0,0.0,449.33354759226523,0.0,0.0,1.0,0.0,64,1
53259,0.0067250728607177734,1,1,75,279,75.0,0.0,279.0,0.0,0.0,0.0,297.39454745276,0.0,0.0,1.0,0.0,64,1
59531,0.0022330284118652344,1,1,75,279,75.0,0.0,279.0,0.0,0.0,0.0,895.6446722186632,0.0,0.0,1.0,0.0,64,1
55453,0.004538059234619141,1,1,75,279,75.0,0.0,279.0,0.0,0.0,0.0,440.71703267836506,0.0,0.0,1.0,0.0,64,1
54045,0.005437135696411133,1,1,75,279,75.0,0.0,279.0,0.0,0.0,0.0,367.84073668055254,0.0,0.0,1.0,0.0,64,1
