sport,dur,pkts_fwd,pkts_bwd,bytes_fwd,bytes_bwd,pktlen_fwd_mean,pktlen_fwd_std,pktlen_bwd_mean,pktlen_bwd_std,iat_fwd_mean,iat_fwd_std,pps,payload_entropy_fwd,iat_cv_fwd,small_pkt_ratio_fwd,small_pkt_ratio_bwd,ttl_fwd_first,label
34560,0.0014328956604003906,1,1,74,90,74.0,0.0,90.0,0.0,0.0,0.0,1395.7750415973378,0.0,0.0,1.0,1.0,64,1
59962,0.0016601085662841797,1,1,74,90,74.0,0.0,90.0,0.0,0.0,0.0,1204.7404854229499,0.0,0.0,1.0,1.0,64,1
44967,0.0017008781433105469,1,1,74,90,74.0,0.0,90.0,0.0,0.0,0.0,1175.8631903560415,0.0,0.0,1.0,1.0,64,1
55557,0.000965118408203125,1,1,74,90,74.0,0.0,90.0,0.0,0.0,0.0,2000.0,0.0,0.0,1.0,1.0,64,1
