sport,dur,pkts_fwd,pkts_bwd,bytes_fwd,bytes_bwd,pktlen_fwd_mean,pktlen_fwd_std,pktlen_bwd_mean,pktlen_bwd_std,iat_fwd_mean,iat_fwd_std,pps,payload_entropy_fwd,iat_cv_fwd,small_pkt_ratio_fwd,small_pkt_ratio_bwd,ttl_fwd_first,label
42963,0.006084918975830078,1,1,75,276,75.0,0.0,276.0,0.0,0.0,0.0,328.68145129692033,0.0,0.0,1.0,0.0,64,1
36181,0.0033359527587890625,1,1,98,247,98.0,0.0,247.0,0.0,0.0,0.0,599.5288736420812,0.0,0.0,1.0,0.0,64,1
59909,0.002109050750732422,1,1,74,90,74.0,0.0,90.0,0.0,0.0,0.0,948.2939181550984,0.0,0.0,1.0,1.0,64,1
41030,0.002240896224975586,1,1,74,90,74.0,0.0,90.0,0.0,0.0,0.0,892.5000531971486,0.0,0.0,1.0,1.0,64,1
52261,0.001970052719116211,1,1,74,90,74.0,0.0,90.0,0.0,0.0,0.0,1015.2012586227762,0.0,0.0,1.0,1.0,64,1
