sport,dur,pkts_fwd,pkts_bwd,bytes_fwd,bytes_bwd,pktlen_fwd_mean,pktlen_fwd_std,pktlen_bwd_mean,pktlen_bwd_std,iat_fwd_mean,iat_fwd_std,pps,payload_entropy_fwd,iat_cv_fwd,small_pkt_ratio_fwd,small_pkt_ratio_bwd,ttl_fwd_first,label
55546,0.002844095230102539,1,1,74,90,74.0,0.0,90.0,0.0,0.0,0.0,703.2113337245369,0.0,0.0,1.0,1.0,64,1
43705,0.0020759105682373047,1,1,74,90,74.0,0.0,90.0,0.0,0.0,0.0,963.4326404042724,0.0,0.0,1.0,1.0,64,1
60767,0.0032300949096679688,1,1,74,90,74.0,0.0,90.0,0.0,0.0,0.0,619.1768526719811,0.0,0.0,1.0,1.0,64,1
37795,0.0016410350799560547,1,1,74,90,74.0,0.0,90.0,0.0,0.0,0.0,1218.7429899753015,0.0,0.0,1.0,1.0,64,1
