sport,dur,pkts_fwd,pkts_bwd,bytes_fwd,bytes_bwd,pktlen_fwd_mean,pktlen_fwd_std,pktlen_bwd_mean,pktlen_bwd_std,iat_fwd_mean,iat_fwd_std,pps,payload_entropy_fwd,iat_cv_fwd,small_pkt_ratio_fwd,small_pkt_ratio_bwd,ttl_fwd_first,label
59411,0.0016291141510009766,1,1,74,90,74.0,0.0,90.0,0.0,0.0,0.0,1227.661056636909,0.0,0.0,1.0,1.0,64,1
36139,0.0010190010070800781,1,1,74,90,74.0,0.0,90.0,0.0,0.0,0.0,1962.706598034628,0.0,0.0,1.0,1.0,64,1
40514,0.002101898193359375,1,1,74,90,74.0,0.0,90.0,0.0,0.0,0.0,951.5208711433756,0.0,0.0,1.0,1.0,64,1
48495,0.001394033432006836,1,1,74,90,74.0,0.0,90.0,0.0,0.0,0.0,1434.6858217889517,0.0,0.0,1.0,1.0,64,1
