sport,dur,pkts_fwd,pkts_bwd,bytes_fwd,bytes_bwd,pktlen_fwd_mean,pktlen_fwd_std,pktlen_bwd_mean,pktlen_bwd_std,iat_fwd_mean,iat_fwd_std,pps,payload_entropy_fwd,iat_cv_fwd,small_pkt_ratio_fwd,small_pkt_ratio_bwd,ttl_fwd_first,label
33492,0.002051115036010742,1,1,74,90,74.0,0.0,90.0,0.0,0.0,0.0,975.0793909101476,0.0,0.0,1.0,1.0,64,1
56509,0.0023560523986816406,1,1,74,90,74.0,0.0,90.0,0.0,0.0,0.0,848.8775551507792,0.0,0.0,1.0,1.0,64,1
53967,0.0015859603881835938,1,1,74,90,74.0,0.0,90.0,0.0,0.0,0.0,1261.065544197234,0.0,0.0,1.0,1.0,64,1
46550,0.002496957778930664,1,1,74,90,74.0,0.0,90.0,0.0,0.0,0.0,800.974696839492,0.0,0.0,1.0,1.0,64,1
