sport,dur,pkts_fwd,pkts_bwd,bytes_fwd,bytes_bwd,pktlen_fwd_mean,pktlen_fwd_std,pktlen_bwd_mean,pktlen_bwd_std,iat_fwd_mean,iat_fwd_std,pps,payload_entropy_fwd,iat_cv_fwd,small_pkt_ratio_fwd,small_pkt_ratio_bwd,ttl_fwd_first,label
55909,0.0011069774627685547,1,1,74,90,74.0,0.0,90.0,0.0,0.0,0.0,1806.7215162610382,0.0,0.0,1.0,1.0,64,1
56799,0.0026340484619140625,1,1,74,90,74.0,0.0,90.0,0.0,0.0,0.0,759.2874728457639,0.0,0.0,1.0,1.0,64,1
60714,0.0015668869018554688,1,1,74,90,74.0,0.0,90.0,0.0,0.0,0.0,1276.416311625076,0.0,0.0,1.0,1.0,64,1
33207,0.0028400421142578125,1,1,74,90,74.0,0.0,90.0,0.0,0.0,0.0,704.2149093351243,0.0,0.0,1.0,1.0,64,1
