sport,dur,pkts_fwd,pkts_bwd,bytes_fwd,bytes_bwd,pktlen_fwd_mean,pktlen_fwd_std,pktlen_bwd_mean,pktlen_bwd_std,iat_fwd_mean,iat_fwd_std,pps,payload_entropy_fwd,iat_cv_fwd,small_pkt_ratio_fwd,small_pkt_ratio_bwd,ttl_fwd_first,label
51109,0.0008690357208251953,1,1,74,90,74.0,0.0,90.0,0.0,0.0,0.0,2000.0,0.0,0.0,1.0,1.0,64,1
57730,0.0010039806365966797,1,1,74,90,74.0,0.0,90.0,0.0,0.0,0.0,1992.0702920921397,0.0,0.0,1.0,1.0,64,1
33961,0.0015299320220947266,1,1,74,90,74.0,0.0,90.0,0.0,0.0,0.0,1307.247623500078,0.0,0.0,1.0,1.0,64,1
45598,0.0014979839324951172,1,1,74,90,74.0,0.0,90.0,0.0,0.0,0.0,1335.1278051886043,0.0,0.0,1.0,1.0,64,1
