sport,dur,pkts_fwd,pkts_bwd,bytes_fwd,bytes_bwd,pktlen_fwd_mean,pktlen_fwd_std,pktlen_bwd_mean,pktlen_bwd_std,iat_fwd_mean,iat_fwd_std,pps,payload_entropy_fwd,iat_cv_fwd,small_pkt_ratio_fwd,small_pkt_ratio_bwd,ttl_fwd_first,label
40484,0.002537965774536133,1,1,74,90,74.0,0.0,90.0,0.0,0.0,0.0,788.0326914044152,0.0,0.0,1.0,1.0,64,1
53544,0.002237081527709961,1,1,74,90,74.0,0.0,90.0,0.0,0.0,0.0,894.0219545987424,0.0,0.0,1.0,1.0,64,1
54275,0.0017321109771728516,1,1,74,90,74.0,0.0,90.0,0.0,0.0,0.0,1154.6604267033724,0.0,0.0,1.0,1.0,64,1
40868,0.0021009445190429688,1,1,74,90,74.0,0.0,90.0,0.0,0.0,0.0,951.9527916477531,0.0,0.0,1.0,1.0,64,1
