sport,dur,pkts_fwd,pkts_bwd,bytes_fwd,bytes_bwd,pktlen_fwd_mean,pktlen_fwd_std,pktlen_bwd_mean,pktlen_bwd_std,iat_fwd_mean,iat_fwd_std,pps,payload_entropy_fwd,iat_cv_fwd,small_pkt_ratio_fwd,small_pkt_ratio_bwd,ttl_fwd_first,label
38138,0.006594181060791016,1,1,75,276,75.0,0.0,276.0,0.0,0.0,0.0,303.29770771566996,0.0,0.0,1.0,0.0,64,1
33409,0.0024650096893310547,1,1,98,247,98.0,0.0,247.0,0.0,0.0,0.0,811.3558371215785,0.0,0.0,1.0,0.0,64,1
36948,0.002463102340698242,1,1,74,90,74.0,0.0,90.0,0.0,0.0,0.0,811.9841254476818,0.0,0.0,1.0,1.0,64,1
41511,0.002112150192260742,1,1,74,90,74.0,0.0,90.0,0.0,0.0,0.0,946.902359182752,0.0,0.0,1.0,1.0,64,1
47752,0.0015230178833007812,1,1,74,90,74.0,0.0,90.0,0.0,0.0,0.0,1313.1822166562304,0.0,0.0,1.0,1.0,64,1
