sport,dur,pkts_fwd,pkts_bwd,bytes_fwd,bytes_bwd,pktlen_fwd_mean,pktlen_fwd_std,pktlen_bwd_mean,pktlen_bwd_std,iat_fwd_mean,iat_fwd_std,pps,payload_entropy_fwd,iat_cv_fwd,small_pkt_ratio_fwd,small_pkt_ratio_bwd,ttl_fwd_first,label
53743,0.002125978469848633,1,1,74,90,74.0,0.0,90.0,0.0,0.0,0.0,940.7432993159134,0.0,0.0,1.0,1.0,64,1
38776,0.0014569759368896484,1,1,74,90,74.0,0.0,90.0,0.0,0.0,0.0,1372.7062673866797,0.0,0.0,1.0,1.0,64,1
60207,0.0016889572143554688,1,1,74,90,74.0,0.0,90.0,0.0,0.0,0.0,1184.1626199887069,0.0,0.0,1.0,1.0,64,1
34656,0.0017180442810058594,1,1,74,90,74.0,0.0,90.0,0.0,0.0,0.0,1164.1143491534833,0.0,0.0,1.0,1.0,64,1
