sport,dur,pkts_fwd,pkts_bwd,bytes_fwd,bytes_bwd,pktlen_fwd_mean,pktlen_fwd_std,pktlen_bwd_mean,pktlen_bwd_std,iat_fwd_mean,iat_fwd_std,pps,payload_entropy_fwd,iat_cv_fwd,small_pkt_ratio_fwd,small_pkt_ratio_bwd,ttl_fwd_first,label
37600,0.0024580955505371094,1,1,74,90,74.0,0.0,90.0,0.0,0.0,0.0,813.6380213385063,0.0,0.0,1.0,1.0,64,1
53655,0.006597042083740234,1,1,75,276,75.0,0.0,276.0,0.0,0.0,0.0,303.1661727502711,0.0,0.0,1.0,0.0,64,1
35750,0.0027320384979248047,1,1,98,247,98.0,0.0,247.0,0.0,0.0,0.0,732.054105942927,0.0,0.0,1.0,0.0,64,1
40518,0.0016829967498779297,1,1,74,90,74.0,0.0,90.0,0.0,0.0,0.0,1188.3564244227227,0.0,0.0,1.0,1.0,64,1
57775,0.002137899398803711,1,1,74,90,74.0,0.0,90.0,0.0,0.0,0.0,935.4977138396342,0.0,0.0,1.0,1.0,64,1
60261,0.0014908313751220703,1,1,74,90,74.0,0.0,90.0,0.0,0.0,0.0,1341.5333439948824,0.0,0.0,1.0,1.0,64,1
