sport,dur,pkts_fwd,pkts_bwd,bytes_fwd,bytes_bwd,pktlen_fwd_mean,pktlen_fwd_std,pktlen_bwd_mean,pktlen_bwd_std,iat_fwd_mean,iat_fwd_std,pps,payload_entropy_fwd,iat_cv_fwd,small_pkt_ratio_fwd,small_pkt_ratio_bwd,ttl_fwd_first,label
50642,0.007854938507080078,1,1,75,276,75.0,0.0,276.0,0.0,0.0,0.0,254.61688824136465,0.0,0.0,1.0,0.0,64,1
56078,0.0023870468139648438,1,1,98,247,98.0,0.0,247.0,0.0,0.0,0.0,837.8553735517379,0.0,0.0,1.0,0.0,64,1
34344,0.009319067001342773,1,1,74,90,74.0,0.0,90.0,0.0,0.0,0.0,214.61375905032364,0.0,0.0,1.0,1.0,64,1
54129,0.002101898193359375,1,1,74,90,74.0,0.0,90.0,0.0,0.0,0.0,951.5208711433756,0.0,0.0,1.0,1.0,64,1
59265,0.0024039745330810547,1,1,74,90,74.0,0.0,90.0,0.0,0.0,0.0,831.9555687791332,0.0,0.0,1.0,1.0,64,1
