sport,dur,pkts_fwd,pkts_bwd,bytes_fwd,bytes_bwd,pktlen_fwd_mean,pktlen_fwd_std,pktlen_bwd_mean,pktlen_bwd_std,iat_fwd_mean,iat_fwd_std,pps,payload_entropy_fwd,iat_cv_fwd,small_pkt_ratio_fwd,small_pkt_ratio_bwd,ttl_fwd_first,label
46939,0.0021631717681884766,1,1,74,90,74.0,0.0,90.0,0.0,0.0,0.0,924.568279510636,0.0,0.0,1.0,1.0,64,1
34131,0.0016541481018066406,1,1,74,90,74.0,0.0,90.0,0.0,0.0,0.0,1209.0815797059672,0.0,0.0,1.0,1.0,64,1
50477,0.0010170936584472656,1,1,74,90,74.0,0.0,90.0,0.0,0.0,0.0,1966.3872480075013,0.0,0.0,1.0,1.0,64,1
