sport,dur,pkts_fwd,pkts_bwd,bytes_fwd,bytes_bwd,pktlen_fwd_mean,pktlen_fwd_std,pktlen_bwd_mean,pktlen_bwd_std,iat_fwd_mean,iat_fwd_std,pps,payload_entropy_fwd,iat_cv_fwd,small_pkt_ratio_fwd,small_pkt_ratio_bwd,ttl_fwd_first,label
49602,0.0024459362030029297,1,1,74,90,74.0,0.0,90.0,0.0,0.0,0.0,817.68281508919,0.0,0.0,1.0,1.0,64,1
38979,0.003348827362060547,1,1,74,90,74.0,0.0,90.0,0.0,0.0,0.0,597.2239783568276,0.0,0.0,1.0,1.0,64,1
44951,0.002346038818359375,1,1,74,90,74.0,0.0,90.0,0.0,0.0,0.0,852.5008130081301,0.0,0.0,1.0,1.0,64,1
49635,0.01055598258972168,1,1,74,90,74.0,0.0,90.0,0.0,0.0,0.0,189.46601919819312,0.0,0.0,1.0,1.0,64,1
