sport,dur,pkts_fwd,pkts_bwd,bytes_fwd,bytes_bwd,pktlen_fwd_mean,pktlen_fwd_std,pktlen_bwd_mean,pktlen_bwd_std,iat_fwd_mean,iat_fwd_std,pps,payload_entropy_fwd,iat_cv_fwd,small_pkt_ratio_fwd,small_pkt_ratio_bwd,ttl_fwd_first,label
39022,0.0033910274505615234,1,1,74,90,74.0,0.0,90.0,0.0,0.0,0.0,589.7917457639036,0.0,0.0,1.0,1.0,64,1
52097,0.009884119033813477,1,1,74,90,74.0,0.0,90.0,0.0,0.0,0.0,202.3447909882529,0.0,0.0,1.0,1.0,64,1
33367,0.002508878707885742,1,1,74,90,74.0,0.0,90.0,0.0,0.0,0.0,797.168868193481,0.0,0.0,1.0,1.0,64,1
59948,0.002596139907836914,1,1,74,90,74.0,0.0,90.0,0.0,0.0,0.0,770.3745063825879,0.0,0.0,1.0,1.0,64,1
