sport,dur,pkts_fwd,pkts_bwd,bytes_fwd,bytes_bwd,pktlen_fwd_mean,pktlen_fwd_std,pktlen_bwd_mean,pktlen_bwd_std,iat_fwd_mean,iat_fwd_std,pps,payload_entropy_fwd,iat_cv_fwd,small_pkt_ratio_fwd,small_pkt_ratio_bwd,ttl_fwd_first,label
54878,0.0032830238342285156,1,1,74,90,74.0,0.0,90.0,0.0,0.0,0.0,609.1944807552651,0.0,0.0,1.0,1.0,64,1
48403,0.008984804153442383,1,1,74,90,74.0,0.0,90.0,0.0,0.0,0.0,222.59806288974394,0.0,0.0,1.0,1.0,64,1
53693,0.012439966201782227,1,1,74,90,74.0,0.0,90.0,0.0,0.0,0.0,160.7721409816586,0.0,0.0,1.0,1.0,64,1
55731,0.009855985641479492,1,1,74,90,74.0,0.0,90.0,0.0,0.0,0.0,202.9223735455623,0.0,0.0,1.0,1.0,64,1
