sport,dur,pkts_fwd,pkts_bwd,bytes_fwd,bytes_bwd,pktlen_fwd_mean,pktlen_fwd_std,pktlen_bwd_mean,pktlen_bwd_std,iat_fwd_mean,iat_fwd_std,pps,payload_entropy_fwd,iat_cv_fwd,small_pkt_ratio_fwd,small_pkt_ratio_bwd,ttl_fwd_first,label
58632,0.0020821094512939453,1,1,74,90,74.0,0.0,90.0,0.0,0.0,0.0,960.5642963471888,0.0,0.0,1.0,1.0,64,1
58385,0.0017278194427490234,1,1,74,90,74.0,0.0,90.0,0.0,0.0,0.0,1157.5283565613356,0.0,0.0,1.0,1.0,64,1
34275,0.002115964889526367,1,1,74,90,74.0,0.0,90.0,0.0,0.0,0.0,945.1952676056338,0.0,0.0,1.0,1.0,64,1
41220,0.0022149085998535156,1,1,74,90,74.0,0.0,90.0,0.0,0.0,0.0,902.9717976318623,0.0,0.0,1.0,1.0,64,1
