sport,dur,pkts_fwd,pkts_bwd,bytes_fwd,bytes_bwd,pktlen_fwd_mean,pktlen_fwd_std,pktlen_bwd_mean,pktlen_bwd_std,iat_fwd_mean,iat_fwd_std,pps,payload_entropy_fwd,iat_cv_fwd,small_pkt_ratio_fwd,small_pkt_ratio_bwd,ttl_fwd_first,label
59603,0.0015799999237060547,1,1,74,90,74.0,0.0,90.0,0.0,0.0,0.0,1265.8228459333031,0.0,0.0,1.0,1.0,64,1
38145,0.003757953643798828,1,1,74,90,74.0,0.0,90.0,0.0,0.0,0.0,532.2045425707397,0.0,0.0,1.0,1.0,64,1
44854,0.0025539398193359375,1,1,74,90,74.0,0.0,90.0,0.0,0.0,0.0,783.1038088125467,0.0,0.0,1.0,1.0,64,1
43164,0.001711130142211914,1,1,74,90,74.0,0.0,90.0,0.0,0.0,0.0,1168.818169151456,0.0,0.0,1.0,1.0,64,1
