sport,dur,pkts_fwd,pkts_bwd,bytes_fwd,bytes_bwd,pktlen_fwd_mean,pktlen_fwd_std,pktlen_bwd_mean,pktlen_bwd_std,iat_fwd_mean,iat_fwd_std,pps,payload_entropy_fwd,iat_cv_fwd,small_pkt_ratio_fwd,small_pkt_ratio_bwd,ttl_fwd_first,label
55851,0.0063021183013916016,1,1,75,276,75.0,0.0,276.0,0.0,0.0,0.0,317.35361101653234,0.0,0.0,1.0,0.0,64,1
43555,0.0035219192504882812,1,1,98,247,98.0,0.0,247.0,0.0,0.0,0.0,567.8721906309233,0.0,0.0,1.0,0.0,64,1
53391,0.002490997314453125,1,1,74,90,74.0,0.0,90.0,0.0,0.0,0.0,802.8912710566616,0.0,0.0,1.0,1.0,64,1
45248,0.0048329830169677734,1,1,74,90,74.0,0.0,90.0,0.0,0.0,0.0,413.8230970351734,0.0,0.0,1.0,1.0,64,1
48759,0.010375022888183594,1,1,74,90,74.0,0.0,90.0,0.0,0.0,0.0,192.77065906792905,0.0,0.0,1.0,1.0,64,1
35256,0.004579067230224609,1,1,74,90,74.0,0.0,90.0,0.0,0.0,0.0,436.77017598667084,0.0,0.0,1.0,1.0,64,1
