sport,dur,pkts_fwd,pkts_bwd,bytes_fwd,bytes_bwd,pktlen_fwd_mean,pktlen_fwd_std,pktlen_bwd_mean,pktlen_bwd_std,iat_fwd_mean,iat_fwd_std,pps,payload_entropy_fwd,iat_cv_fwd,small_pkt_ratio_fwd,small_pkt_ratio_bwd,ttl_fwd_first,label
45114,0.0026209354400634766,1,1,74,90,74.0,0.0,90.0,0.0,0.0,0.0,763.0863276630583,0.0,0.0,1.0,1.0,64,1
58716,0.010729074478149414,1,1,74,90,74.0,0.0,90.0,0.0,0.0,0.0,186.409368680696,0.0,0.0,1.0,1.0,64,1
59060,0.0023620128631591797,1,1,74,90,74.0,0.0,90.0,0.0,0.0,0.0,846.7354395881699,0.0,0.0,1.0,1.0,64,1
52761,0.010933876037597656,1,1,74,90,74.0,0.0,90.0,0.0,0.0,0.0,182.91774967291758,0.0,0.0,1.0,1.0,64,1
