sport,dur,pkts_fwd,pkts_bwd,bytes_fwd,bytes_bwd,pktlen_fwd_mean,pktlen_fwd_std,pktlen_bwd_mean,pktlen_bwd_std,iat_fwd_mean,iat_fwd_std,pps,payload_entropy_fwd,iat_cv_fwd,small_pkt_ratio_fwd,small_pkt_ratio_bwd,ttl_fwd_first,label
46718,0.002485990524291992,1,1,74,90,74.0,0.0,90.0,0.0,0.0,0.0,804.5082957705956,0.0,0.0,1.0,1.0,64,1
32857,0.0018849372863769531,1,1,74,90,74.0,0.0,90.0,0.0,0.0,0.0,1061.0432582848468,0.0,0.0,1.0,1.0,64,1
37285,0.0028281211853027344,1,1,74,90,74.0,0.0,90.0,0.0,0.0,0.0,707.1832743213623,0.0,0.0,1.0,1.0,64,1
51060,0.002017974853515625,1,1,74,90,74.0,0.0,90.0,0.0,0.0,0.0,991.0926275992439,0.0,0.0,1.0,1.0,64,1
