sport,dur,pkts_fwd,pkts_bwd,bytes_fwd,bytes_bwd,pktlen_fwd_mean,pktlen_fwd_std,pktlen_bwd_mean,pktlen_bwd_std,iat_fwd_mean,iat_fwd_std,pps,payload_entropy_fwd,iat_cv_fwd,small_pkt_ratio_fwd,small_pkt_ratio_bwd,ttl_fwd_first,label
36254,0.0014240741729736328,1,1,74,90,74.0,0.0,90.0,0.0,0.0,0.0,1404.4212288632177,0.0,0.0,1.0,1.0,64,1
47108,0.005673885345458984,1,1,75,276,75.0,0.0,276.0,0.0,0.0,0.0,352.49214219682324,0.0,0.0,1.0,0.0,64,1
56846,0.004261016845703125,1,1,98,247,98.0,0.0,247.0,0.0,0.0,0.0,469.3715308863026,0.0,0.0,1.0,0.0,64,1
49245,0.0017840862274169922,1,1,74,90,74.0,0.0,90.0,0.0,0.0,0.0,1121.0220499799545,0.0,0.0,1.0,1.0,64,1
50912,0.002140045166015625,1,1,74,90,74.0,0.0,90.0,0.0,0.0,0.0,934.5597147950089,0.0,0.0,1.0,1.0,64,1
35140,0.0021369457244873047,1,1,74,90,74.0,0.0,90.0,0.0,0.0,0.0,935.9152069619547,0.0,0.0,1.0,1.0,64,1
49174,0.001764059066772461,1,1,74,90,74.0,0.0,90.0,0.0,0.0,0.0,1133.7488849844574,0.0,0.0,1.0,1.0,64,1
