sport,dur,pkts_fwd,pkts_bwd,bytes_fwd,bytes_bwd,pktlen_fwd_mean,pktlen_fwd_std,pktlen_bwd_mean,pktlen_bwd_std,iat_fwd_mean,iat_fwd_std,pps,payload_entropy_fwd,iat_cv_fwd,small_pkt_ratio_fwd,small_pkt_ratio_bwd,ttl_fwd_first,label
51984,0.0025420188903808594,1,1,74,90,74.0,0.0,90.0,0.0,0.0,0.0,786.7762145938848,0.0,0.0,1.0,1.0,64,1
41104,0.0025069713592529297,1,1,74,90,74.0,0.0,90.0,0.0,0.0,0.0,797.7753685211602,0.0,0.0,1.0,1.0,64,1
39200,0.002112150192260742,1,1,74,90,74.0,0.0,90.0,0.0,0.0,0.0,946.902359182752,0.0,0.0,1.0,1.0,64,1
40206,0.003019094467163086,1,1,74,90,74.0,0.0,90.0,0.0,0.0,0.0,662.450288241333,0.0,0.0,1.0,1.0,64,1
