sport,dur,pkts_fwd,pkts_bwd,bytes_fwd,bytes_bwd,pktlen_fwd_mean,pktlen_fwd_std,pktlen_bwd_mean,pktlen_bwd_std,iat_fwd_mean,iat_fwd_std,pps,payload_entropy_fwd,iat_cv_fwd,small_pkt_ratio_fwd,small_pkt_ratio_bwd,ttl_fwd_first,label
56846,0.0031468868255615234,1,1,74,90,74.0,0.0,90.0,0.0,0.0,0.0,635.5487536934617,0.0,0.0,1.0,1.0,64,1
45421,0.0014538764953613281,1,1,74,90,74.0,0.0,90.0,0.0,0.0,0.0,1375.6326664480157,0.0,0.0,1.0,1.0,64,1
51685,0.0020689964294433594,1,1,74,90,74.0,0.0,90.0,0.0,0.0,0.0,966.6522240147499,0.0,0.0,1.0,1.0,64,1
39810,0.0032820701599121094,1,1,74,90,74.0,0.0,90.0,0.0,0.0,0.0,609.3714949876507,0.0,0.0,1.0,1.0,64,1
