sport,dur,pkts_fwd,pkts_bwd,bytes_fwd,bytes_bwd,pktlen_fwd_mean,pktlen_fwd_std,pktlen_bwd_mean,pktlen_bwd_std,iat_fwd_mean,iat_fwd_std,pps,payload_entropy_fwd,iat_cv_fwd,small_pkt_ratio_fwd,small_pkt_ratio_bwd,ttl_fwd_first,label
55310,0.005707979202270508,1,1,75,276,75.0,0.0,276.0,0.0,0.0,0.0,350.386700639071,0.0,0.0,1.0,0.0,64,1
39420,0.001046895980834961,1,1,98,247,98.0,0.0,247.0,0.0,0.0,0.0,1910.4094739239354,0.0,0.0,1.0,0.0,64,1
53109,0.010928869247436523,1,1,74,90,74.0,0.0,90.0,0.0,0.0,0.0,183.0015488994088,0.0,0.0,1.0,1.0,64,1
55088,0.0032510757446289062,1,1,74,90,74.0,0.0,90.0,0.0,0.0,0.0,615.1809914931065,0.0,0.0,1.0,1.0,64,1
56736,0.011802911758422852,1,1,74,90,74.0,0.0,90.0,0.0,0.0,0.0,169.44971215028784,0.0,0.0,1.0,1.0,64,1
34351,0.0024971961975097656,1,1,74,90,74.0,0.0,90.0,0.0,0.0,0.0,800.8982241741455,0.0,0.0,1.0,1.0,64,1
44597,0.005139827728271484,1,1,82,215,82.0,0.0,215.0,0.0,0.0,0.0,389.11810000927727,0.0,0.0,1.0,0.0,64,1
