sport,dur,pkts_fwd,pkts_bwd,bytes_fwd,bytes_bwd,pktlen_fwd_mean,pktlen_fwd_std,pktlen_bwd_mean,pktlen_bwd_std,iat_fwd_mean,iat_fwd_std,pps,payload_entropy_fwd,iat_cv_fwd,small_pkt_ratio_fwd,small_pkt_ratio_bwd,ttl_fwd_first,label
49399,0.002195119857788086,1,1,74,90,74.0,0.0,90.0,0.0,0.0,0.0,911.1119800152059,0.0,0.0,1.0,1.0,64,1
41016,0.0020639896392822266,1,1,74,90,74.0,0.0,90.0,0.0,0.0,0.0,968.9971121635671,0.0,0.0,1.0,1.0,64,1
60667,0.0021741390228271484,1,1,74,90,74.0,0.0,90.0,0.0,0.0,0.0,919.9043754797675,0.0,0.0,1.0,1.0,64,1
59604,0.0014128684997558594,1,1,74,90,74.0,0.0,90.0,0.0,0.0,0.0,1415.5599055011812,0.0,0.0,1.0,1.0,64,1
