sport,dur,pkts_fwd,pkts_bwd,bytes_fwd,bytes_bwd,pktlen_fwd_mean,pktlen_fwd_std,pktlen_bwd_mean,pktlen_bwd_std,iat_fwd_mean,iat_fwd_std,pps,payload_entropy_fwd,iat_cv_fwd,small_pkt_ratio_fwd,small_pkt_ratio_bwd,ttl_fwd_first,label
43768,0.0046079158782958984,1,1,75,279,75.0,0.0,279.0,0.0,0.0,0.0,434.03570135044237,0.0,0.0,1.0,0.0,64,1
33852,0.004297018051147461,1,1,75,279,75.0,0.0,279.0,0.0,0.0,0.0,465.4390501026466,0.0,0.0,1.0,0.0,64,1
42688,0.005563020706176758,1,1,75,279,75.0,0.0,279.0,0.0,0.0,0.0,359.51690738439123,0.0,0.0,1.0,0.0,64,1
50650,0.005938053131103516,1,1,75,279,75.0,0.0,279.0,0.0,0.0,0.0,336.81072833855296,0.0,0.0,1.0,0.0,64,1
36263,0.002424955368041992,1,1,75,279,75.0,0.0,279.0,0.0,0.0,0.0,824.757447645266,0.0,0.0,1.0,0.0,64,1
33537,0.008270025253295898,1,1,75,279,75.0,0.0,279.0,0.0,0.0,0.0,241.83723008619944,0.0,0.0,1.0,0.0,64,1
38105,0.005276918411254883,1,1,75,279,75.0,0.0,279.0,0.0,0.0,0.0,379.0090814620702,0.0,0.0,1.0,0.0,64,1
