sport,dur,pkts_fwd,pkts_bwd,bytes_fwd,bytes_bwd,pktlen_fwd_mean,pktlen_fwd_std,pktlen_bwd_mean,pktlen_bwd_std,iat_fwd_mean,iat_fwd_std,pps,payload_entropy_fwd,iat_cv_fwd,small_pkt_ratio_fwd,small_pkt_ratio_bwd,ttl_fwd_first,label
32825,0.0014081001281738281,1,1,74,90,74.0,0.0,90.0,0.0,0.0,0.0,1420.353538774128,0.0,0.0,1.0,1.0,64,1
41832,0.004400968551635742,1,1,75,276,75.0,0.0,276.0,0.0,0.0,0.0,454.4454195785254,0.0,0.0,1.0,0.0,64,1
57615,0.002843141555786133,1,1,74,90,74.0,0.0,90.0,0.0,0.0,0.0,703.4472117400419,0.0,0.0,1.0,1.0,64,1
49274,0.0021309852600097656,1,1,74,90,74.0,0.0,90.0,0.0,0.0,0.0,938.5330051465652,0.0,0.0,1.0,1.0,64,1
