sport,dur,pkts_fwd,pkts_bwd,bytes_fwd,bytes_bwd,pktlen_fwd_mean,pktlen_fwd_std,pktlen_bwd_mean,pktlen_bwd_std,iat_fwd_mean,iat_fwd_std,pps,payload_entropy_fwd,iat_cv_fwd,small_pkt_ratio_fwd,small_pkt_ratio_bwd,ttl_fwd_first,label
33825,0.002138853073120117,1,1,74,90,74.0,0.0,90.0,0.0,0.0,0.0,935.0805930219597,0.0,0.0,1.0,1.0,64,1
51005,0.002438068389892578,1,1,74,90,74.0,0.0,90.0,0.0,0.0,0.0,820.321533346372,0.0,0.0,1.0,1.0,64,1
53734,0.0026290416717529297,1,1,74,90,74.0,0.0,90.0,0.0,0.0,0.0,760.7334723859617,0.0,0.0,1.0,1.0,64,1
42212,0.0019388198852539062,1,1,74,90,74.0,0.0,90.0,0.0,0.0,0.0,1031.555336940482,0.0,0.0,1.0,1.0,64,1
