sport,dur,pkts_fwd,pkts_bwd,bytes_fwd,bytes_bwd,pktlen_fwd_mean,pktlen_fwd_std,pktlen_bwd_mean,pktlen_bwd_std,iat_fwd_mean,iat_fwd_std,pps,payload_entropy_fwd,iat_cv_fwd,small_pkt_ratio_fwd,small_pkt_ratio_bwd,ttl_fwd_first,label
35162,0.005795001983642578,1,1,75,276,75.0,0.0,276.0,0.0,0.0,0.0,345.12498971447377,0.0,0.0,1.0,0.0,64,1
49413,0.002775907516479492,1,1,98,247,98.0,0.0,247.0,0.0,0.0,0.0,720.4850983423516,0.0,0.0,1.0,0.0,64,1
56782,0.0014050006866455078,1,1,74,90,74.0,0.0,90.0,0.0,0.0,0.0,1423.4868488036655,0.0,0.0,1.0,1.0,64,1
40342,0.0014290809631347656,1,1,74,90,74.0,0.0,90.0,0.0,0.0,0.0,1399.500834167501,0.0,0.0,1.0,1.0,64,1
33846,0.002165079116821289,1,1,74,90,74.0,0.0,90.0,0.0,0.0,0.0,923.7537716110561,0.0,0.0,1.0,1.0,64,1
51635,0.0019800662994384766,1,1,74,90,74.0,0.0,90.0,0.0,0.0,0.0,1010.0671884406984,0.0,0.0,1.0,1.0,64,1
