sport,dur,pkts_fwd,pkts_bwd,bytes_fwd,bytes_bwd,pktlen_fwd_mean,pktlen_fwd_std,pktlen_bwd_mean,pktlen_bwd_std,iat_fwd_mean,iat_fwd_std,pps,payload_entropy_fwd,iat_cv_fwd,small_pkt_ratio_fwd,small_pkt_ratio_bwd,ttl_fwd_first,label
38251,0.00816798210144043,1,1,75,276,75.0,0.0,276.0,0.0,0.0,0.0,244.85851892933243,0.0,0.0,1.0,0.0,64,1
33461,0.002229928970336914,1,1,98,247,98.0,0.0,247.0,0.0,0.0,0.0,896.8895541537474,0.0,0.0,1.0,0.0,64,1
47423,0.0032918453216552734,1,1,74,90,74.0,0.0,90.0,0.0,0.0,0.0,607.5619613239661,0.0,0.0,1.0,1.0,64,1
38206,0.0026061534881591797,1,1,74,90,74.0,0.0,90.0,0.0,0.0,0.0,767.4145091940353,0.0,0.0,1.0,1.0,64,1
51306,0.01061105728149414,1,1,74,90,74.0,0.0,90.0,0.0,0.0,0.0,188.4826315552959,0.0,0.0,1.0,1.0,64,1
50583,0.002518892288208008,1,1,74,90,74.0,0.0,90.0,0.0,0.0,0.0,793.9998106956933,0.0,0.0,1.0,1.0,64,1
