sport,dur,pkts_fwd,pkts_bwd,bytes_fwd,bytes_bwd,pktlen_fwd_mean,pktlen_fwd_std,pktlen_bwd_mean,pktlen_bwd_std,iat_fwd_mean,iat_fwd_std,pps,payload_entropy_fwd,iat_cv_fwd,small_pkt_ratio_fwd,small_pkt_ratio_bwd,ttl_fwd_first,label
54226,0.0027971267700195312,1,1,74,90,74.0,0.0,90.0,0.0,0.0,0.0,715.0194340265939,0.0,0.0,1.0,1.0,64,1
52360,0.011860132217407227,1,1,74,90,74.0,0.0,90.0,0.0,0.0,0.0,168.63218413910946,0.0,0.0,1.0,1.0,64,1
50323,0.0054781436920166016,1,1,74,90,74.0,0.0,90.0,0.0,0.0,0.0,365.0871741306524,0.0,0.0,1.0,1.0,64,1
45768,0.0021538734436035156,1,1,74,90,74.0,0.0,90.0,0.0,0.0,0.0,928.5596634934691,0.0,0.0,1.0,1.0,64,1
