sport,dur,pkts_fwd,pkts_bwd,bytes_fwd,bytes_bwd,pktlen_fwd_mean,pktlen_fwd_std,pktlen_bwd_mean,pktlen_bwd_std,iat_fwd_mean,iat_fwd_std,pps,payload_entropy_fwd,iat_cv_fwd,small_pkt_ratio_fwd,small_pkt_ratio_bwd,ttl_fwd_first,label
44643,0.0024840831756591797,1,1,75,279,75.0,0.0,279.0,0.0,0.0,0.0,805.1260197715711,0.0,0.0,1.0,0.0,64,1
34859,0.004623889923095703,1,1,75,279,75.0,0.0,279.0,0.0,0.0,0.0,432.536248324224,0.0,0.0,1.0,0.0,64,1
52761,0.005543947219848633,1,1,85,192,85.0,0.0,192.0,0.0,0.0,0.0,360.7537952092203,0.0,0.0,1.0,0.0,64,1
34401,0.0025560855865478516,1,1,75,279,75.0,0.0,279.0,0.0,0.0,0.0,782.4464135808227,0.0,0.0,1.0,0.0,64,1
33706,0.006254911422729492,1,1,75,279,75.0,0.0,279.0,0.0,0.0,0.0,319.74873260911,0.0,0.0,1.0,0.0,64,1
38770,0.0053789615631103516,1,1,75,279,75.0,0.0,279.0,0.0,0.0,0.0,371.81897965515714,0.0,0.0,1.0,0.0,64,1
42204,0.0067539215087890625,1,1,75,279,75.0,0.0,279.0,0.0,0.0,0.0,296.1242586839876,0.0,0.0,1.0,0.0,64,1
45098,0.002855062484741211,1,1,75,279,75.0,0.0,279.0,0.0,0.0,0.0,700.5100626304802,0.0,0.0,1.0,0.0,64,1
