sport,dur,pkts_fwd,pkts_bwd,bytes_fwd,bytes_bwd,pktlen_fwd_mean,pktlen_fwd_std,pktlen_bwd_mean,pktlen_bwd_std,iat_fwd_mean,iat_fwd_std,pps,payload_entropy_fwd,iat_cv_fwd,small_pkt_ratio_fwd,small_pkt_ratio_bwd,ttl_fwd_first,label
49672,0.008034944534301758,1,1,75,276,75.0,0.0,276.0,0.0,0.0,0.0,248.91273255986468,0.0,0.0,1.0,0.0,64,1
59596,0.0025339126586914062,1,1,98,247,98.0,0.0,247.0,0.0,0.0,0.0,789.293187805796,0.0,0.0,1.0,0.0,64,1
47569,0.0019371509552001953,1,1,74,90,74.0,0.0,90.0,0.0,0.0,0.0,1032.4440615384615,0.0,0.0,1.0,1.0,64,1
44625,0.0021970272064208984,1,1,74,90,74.0,0.0,90.0,0.0,0.0,0.0,910.3209983722193,0.0,0.0,1.0,1.0,64,1
40379,0.0016598701477050781,1,1,74,90,74.0,0.0,90.0,0.0,0.0,0.0,1204.9135305946568,0.0,0.0,1.0,1.0,64,1
53700,0.002438068389892578,1,1,74,90,74.0,0.0,90.0,0.0,0.0,0.0,820.321533346372,0.0,0.0,1.0,1.0,64,1
