sport,dur,pkts_fwd,pkts_bwd,bytes_fwd,bytes_bwd,pktlen_fwd_mean,pktlen_fwd_std,pktlen_bwd_mean,pktlen_bwd_std,iat_fwd_mean,iat_fwd_std,pps,payload_entropy_fwd,iat_cv_fwd,small_pkt_ratio_fwd,small_pkt_ratio_bwd,ttl_fwd_first,label
42180,0.014246940612792969,1,1,74,90,74.0,0.0,90.0,0.0,0.0,0.0,140.38101613227124,0.0,0.0,1.0,1.0,64,1
41172,0.009118080139160156,1,1,74,90,74.0,0.0,90.0,0.0,0.0,0.0,219.3444200397448,0.0,0.0,1.0,1.0,64,1
35349,0.00998687744140625,1,1,74,90,74.0,0.0,90.0,0.0,0.0,0.0,200.2627960275019,0.0,0.0,1.0,1.0,64,1
56223,0.009148836135864258,1,1,74,90,74.0,0.0,90.0,0.0,0.0,0.0,218.60704140932427,0.0,0.0,1.0,1.0,64,1
