sport,dur,pkts_fwd,pkts_bwd,bytes_fwd,bytes_bwd,pktlen_fwd_mean,pktlen_fwd_std,pktlen_bwd_mean,pktlen_bwd_std,iat_fwd_mean,iat_fwd_std,pps,payload_entropy_fwd,iat_cv_fwd,small_pkt_ratio_fwd,small_pkt_ratio_bwd,ttl_fwd_first,label
54331,0.005708932876586914,1,1,75,279,75.0,0.0,279.0,0.0,0.0,0.0,350.3281687199833,0.0,0.0,1.0,0.0,64,1
44725,0.005357027053833008,1,1,75,279,75.0,0.0,279.0,0.0,0.0,0.0,373.3414037117807,0.0,0.0,1.0,0.0,64,1
49245,0.005608081817626953,1,1,75,279,75.0,0.0,279.0,0.0,0.0,0.0,356.628177876031,0.0,0.0,1.0,0.0,64,1
53453,0.006092071533203125,1,1,75,279,75.0,0.0,279.0,0.0,0.0,0.0,328.2955541640576,0.0,0.0,1.0,0.0,64,1
55662,0.004839181900024414,1,1,75,279,75.0,0.0,279.0,0.0,0.0,0.0,413.29299896536435,0.0,0.0,1.0,0.0,64,1
47958,0.005257844924926758,1,1,75,279,75.0,0.0,279.0,0.0,0.0,0.0,380.3839840384528,0.0,0.0,1.0,0.0,64,1
32966,0.005711078643798828,1,1,75,279,75.0,0.0,279.0,0.0,0.0,0.0,350.1965433748017,0.0,0.0,1.0,0.0,64,1
