sport,dur,pkts_fwd,pkts_bwd,bytes_fwd,bytes_bwd,pktlen_fwd_mean,pktlen_fwd_std,pktlen_bwd_mean,pktlen_bwd_std,iat_fwd_mean,iat_fwd_std,pps,payload_entropy_fwd,iat_cv_fwd,small_pkt_ratio_fwd,small_pkt_ratio_bwd,ttl_fwd_first,label
40656,0.0014629364013671875,1,1,74,90,74.0,0.0,90.0,0.0,0.0,0.0,1367.1134289439374,0.0,0.0,1.0,1.0,64,1
58430,0.002583026885986328,1,1,74,90,74.0,0.0,90.0,0.0,0.0,0.0,774.2853978216725,0.0,0.0,1.0,1.0,64,1
56795,0.0009300708770751953,1,1,74,90,74.0,0.0,90.0,0.0,0.0,0.0,2000.0,0.0,0.0,1.0,1.0,64,1
34528,0.0018298625946044922,1,1,74,90,74.0,0.0,90.0,0.0,0.0,0.0,1092.9782410423452,0.0,0.0,1.0,1.0,64,1
