sport,dur,pkts_fwd,pkts_bwd,bytes_fwd,bytes_bwd,pktlen_fwd_mean,pktlen_fwd_std,pktlen_bwd_mean,pktlen_bwd_std,iat_fwd_mean,iat_fwd_std,pps,payload_entropy_fwd,iat_cv_fwd,small_pkt_ratio_fwd,small_pkt_ratio_bwd,ttl_fwd_first,label
40724,0.002148866653442383,1,1,74,90,74.0,0.0,90.0,0.0,0.0,0.0,930.7231776323089,0.0,0.0,1.0,1.0,64,1
42319,0.0023670196533203125,1,1,74,90,74.0,0.0,90.0,0.0,0.0,0.0,844.9443996776793,0.0,0.0,1.0,1.0,64,1
59296,0.005812168121337891,1,1,75,276,75.0,0.0,276.0,0.0,0.0,0.0,344.105669045861,0.0,0.0,1.0,0.0,64,1
47129,0.0024590492248535156,1,1,74,90,74.0,0.0,90.0,0.0,0.0,0.0,813.3224743067675,0.0,0.0,1.0,1.0,64,1
52921,0.001422882080078125,1,1,76,108,76.0,0.0,108.0,0.0,0.0,0.0,1405.597855227882,0.0,0.0,1.0,0.0,64,1
