sport,dur,pkts_fwd,pkts_bwd,bytes_fwd,bytes_bwd,pktlen_fwd_mean,pktlen_fwd_std,pktlen_bwd_mean,pktlen_bwd_std,iat_fwd_mean,iat_fwd_std,pps,payload_entropy_fwd,iat_cv_fwd,small_pkt_ratio_fwd,small_pkt_ratio_bwd,ttl_fwd_first,label
57361,0.006392955780029297,1,1,75,276,75.0,0.0,276.0,0.0,0.0,0.0,312.8443350488551,0.0,0.0,1.0,0.0,64,1
58694,0.0024819374084472656,1,1,98,247,98.0,0.0,247.0,0.0,0.0,0.0,805.8220941402498,0.0,0.0,1.0,0.0,64,1
55469,0.00421905517578125,1,1,74,90,74.0,0.0,90.0,0.0,0.0,0.0,474.0397830018083,0.0,0.0,1.0,1.0,64,1
59099,0.0016028881072998047,1,1,74,90,74.0,0.0,90.0,0.0,0.0,0.0,1247.7477316674103,0.0,0.0,1.0,1.0,64,1
59839,0.0021970272064208984,1,1,74,90,74.0,0.0,90.0,0.0,0.0,0.0,910.3209983722193,0.0,0.0,1.0,1.0,64,1
