sport,dur,pkts_fwd,pkts_bwd,bytes_fwd,bytes_bwd,pktlen_fwd_mean,pktlen_fwd_std,pktlen_bwd_mean,pktlen_bwd_std,iat_fwd_mean,iat_fwd_std,pps,payload_entropy_fwd,iat_cv_fwd,small_pkt_ratio_fwd,small_pkt_ratio_bwd,ttl_fwd_first,label
49903,0.0013968944549560547,1,1,74,90,74.0,0.0,90.0,0.0,0.0,0.0,1431.747397166752,0.0,0.0,1.0,1.0,64,1
57293,0.0021789073944091797,1,1,74,90,74.0,0.0,90.0,0.0,0.0,0.0,917.8912353649196,0.0,0.0,1.0,1.0,64,1
41773,0.003136157989501953,1,1,74,90,74.0,0.0,90.0,0.0,0.0,0.0,637.7229740003041,0.0,0.0,1.0,1.0,64,1
