sport,dur,pkts_fwd,pkts_bwd,bytes_fwd,bytes_bwd,pktlen_fwd_mean,pktlen_fwd_std,pktlen_bwd_mean,pktlen_bwd_std,iat_fwd_mean,iat_fwd_std,pps,payload_entropy_fwd,iat_cv_fwd,small_pkt_ratio_fwd,small_pkt_ratio_bwd,ttl_fwd_first,label
38854,0.0027468204498291016,1,1,74,90,74.0,0.0,90.0,0.0,0.0,0.0,728.1145733877268,0.0,0.0,1.0,1.0,64,1
48868,0.0016450881958007812,1,1,74,90,74.0,0.0,90.0,0.0,0.0,0.0,1215.7402898550724,0.0,0.0,1.0,1.0,64,1
60722,0.0014281272888183594,1,1,74,90,74.0,0.0,90.0,0.0,0.0,0.0,1400.4353923205342,0.0,0.0,1.0,1.0,64,1
44793,0.0026848316192626953,1,1,74,90,74.0,0.0,90.0,0.0,0.0,0.0,744.925672675606,0.0,0.0,1.0,1.0,64,1
