sport,dur,pkts_fwd,pkts_bwd,bytes_fwd,bytes_bwd,pktlen_fwd_mean,pktlen_fwd_std,pktlen_bwd_mean,pktlen_bwd_std,iat_fwd_mean,iat_fwd_std,pps,payload_entropy_fwd,iat_cv_fwd,small_pkt_ratio_fwd,small_pkt_ratio_bwd,ttl_fwd_first,label
57070,0.009961843490600586,1,1,74,90,74.0,0.0,90.0,0.0,0.0,0.0,200.76605317952277,0.0,0.0,1.0,1.0,64,1
49686,0.013020992279052734,1,1,74,90,74.0,0.0,90.0,0.0,0.0,0.0,153.5981250228879,0.0,0.0,1.0,1.0,64,1
47861,0.01187896728515625,1,1,74,90,74.0,0.0,90.0,0.0,0.0,0.0,168.36480411046884,0.0,0.0,1.0,1.0,64,1
51697,0.01193690299987793,1,1,74,90,74.0,0.0,90.0,0.0,0.0,0.0,167.54764615415343,0.0,0.0,1.0,1.0,64,1
