sport,dur,pkts_fwd,pkts_bwd,bytes_fwd,bytes_bwd,pktlen_fwd_mean,pktlen_fwd_std,pktlen_bwd_mean,pktlen_bwd_std,iat_fwd_mean,iat_fwd_std,pps,payload_entropy_fwd,iat_cv_fwd,small_pkt_ratio_fwd,small_pkt_ratio_bwd,ttl_fwd_first,label
40968,0.004251956939697266,1,1,74,90,74.0,0.0,90.0,0.0,0.0,0.0,470.3716496579567,0.0,0.0,1.0,1.0,64,1
56685,0.0016179084777832031,1,1,74,90,74.0,0.0,90.0,0.0,0.0,0.0,1236.1638667845564,0.0,0.0,1.0,1.0,64,1
34540,0.003423929214477539,1,1,74,90,74.0,0.0,90.0,0.0,0.0,0.0,584.1242253324978,0.0,0.0,1.0,1.0,64,1
56156,0.0014278888702392578,1,1,74,90,74.0,0.0,90.0,0.0,0.0,0.0,1400.6692269160128,0.0,0.0,1.0,1.0,64,1
