sport,dur,pkts_fwd,pkts_bwd,bytes_fwd,bytes_bwd,pktlen_fwd_mean,pktlen_fwd_std,pktlen_bwd_mean,pktlen_bwd_std,iat_fwd_mean,iat_fwd_std,pps,payload_entropy_fwd,iat_cv_fwd,small_pkt_ratio_fwd,small_pkt_ratio_bwd,ttl_fwd_first,label
49591,0.0025148391723632812,1,1,74,90,74.0,0.0,90.0,0.0,0.0,0.0,795.2794842624194,0.0,0.0,1.0,1.0,64,1
57045,0.002507925033569336,1,1,74,90,74.0,0.0,90.0,0.0,0.0,0.0,797.4720030421142,0.0,0.0,1.0,1.0,64,1
42797,0.0031499862670898438,1,1,74,90,74.0,0.0,90.0,0.0,0.0,0.0,634.9234029669997,0.0,0.0,1.0,1.0,64,1
34913,0.001055002212524414,1,1,74,90,74.0,0.0,90.0,0.0,0.0,0.0,1895.7306214689265,0.0,0.0,1.0,1.0,64,1
