sport,dur,pkts_fwd,pkts_bwd,bytes_fwd,bytes_bwd,pktlen_fwd_mean,pktlen_fwd_std,pktlen_bwd_mean,pktlen_bwd_std,iat_fwd_mean,iat_fwd_std,pps,payload_entropy_fwd,iat_cv_fwd,small_pkt_ratio_fwd,small_pkt_ratio_bwd,ttl_fwd_first,label
55779,0.003133058547973633,1,1,74,90,74.0,0.0,90.0,0.0,0.0,0.0,638.3538543489841,0.0,0.0,1.0,1.0,64,1
33943,0.002836942672729492,1,1,74,90,74.0,0.0,90.0,0.0,0.0,0.0,704.9842843936465,0.0,0.0,1.0,1.0,64,1
59175,0.0031969547271728516,1,1,74,90,74.0,0.0,90.0,0.0,0.0,0.0,625.5953464091282,0.0,0.0,1.0,1.0,64,1
37498,0.003526926040649414,1,1,74,90,74.0,0.0,90.0,0.0,0.0,0.0,567.0660447508957,0.0,0.0,1.0,1.0,64,1
