sport,dur,pkts_fwd,pkts_bwd,bytes_fwd,bytes_bwd,pktlen_fwd_mean,pktlen_fwd_std,pktlen_bwd_mean,pktlen_bwd_std,iat_fwd_mean,iat_fwd_std,pps,payload_entropy_fwd,iat_cv_fwd,small_pkt_ratio_fwd,small_pkt_ratio_bwd,ttl_fwd_first,label
34108,0.0019621849060058594,1,1,74,90,74.0,0.0,90.0,0.0,0.0,0.0,1019.2719319562576,0.0,0.0,1.0,1.0,64,1
43104,0.001653909683227539,1,1,74,90,74.0,0.0,90.0,0.0,0.0,0.0,1209.2558742972467,0.0,0.0,1.0,1.0,64,1
49216,0.00220489501953125,1,1,74,90,74.0,0.0,90.0,0.0,0.0,0.0,907.0726643598616,0.0,0.0,1.0,1.0,64,1
