sport,dur,pkts_fwd,pkts_bwd,bytes_fwd,bytes_bwd,pktlen_fwd_mean,pktlen_fwd_std,pktlen_bwd_mean,pktlen_bwd_std,iat_fwd_mean,iat_fwd_std,pps,payload_entropy_fwd,iat_cv_fwd,small_pkt_ratio_fwd,small_pkt_ratio_bwd,ttl_fwd_first,label
41505,0.0019741058349609375,1,1,74,90,74.0,0.0,90.0,0.0,0.0,0.0,1013.1169082125604,0.0,0.0,1.0,1.0,64,1
41402,0.0024051666259765625,1,1,74,90,74.0,0.0,90.0,0.0,0.0,0.0,831.543219666931,0.0,0.0,1.0,1.0,64,1
57315,0.0016558170318603516,1,1,74,90,74.0,0.0,90.0,0.0,0.0,0.0,1207.8629229661626,0.0,0.0,1.0,1.0,64,1
