sport,dur,pkts_fwd,pkts_bwd,bytes_fwd,bytes_bwd,pktlen_fwd_mean,pktlen_fwd_std,pktlen_bwd_mean,pktlen_bwd_std,iat_fwd_mean,iat_fwd_std,pps,payload_entropy_fwd,iat_cv_fwd,small_pkt_ratio_fwd,small_pkt_ratio_bwd,ttl_fwd_first,label
57820,0.001561880111694336,1,1,74,90,74.0,0.0,90.0,0.0,0.0,0.0,1280.5080140436576,0.0,0.0,1.0,1.0,64,1
52715,0.0009799003601074219,1,1,74,90,74.0,0.0,90.0,0.0,0.0,0.0,2000.0,0.0,0.0,1.0,1.0,64,1
47694,0.002479076385498047,1,1,74,90,74.0,0.0,90.0,0.0,0.0,0.0,806.7520677053279,0.0,0.0,1.0,1.0,64,1
56193,0.0016820430755615234,1,1,74,90,74.0,0.0,90.0,0.0,0.0,0.0,1189.0301913536498,0.0,0.0,1.0,1.0,64,1
