sport,dur,pkts_fwd,pkts_bwd,bytes_fwd,bytes_bwd,pktlen_fwd_mean,pktlen_fwd_std,pktlen_bwd_mean,pktlen_bwd_std,iat_fwd_mean,iat_fwd_std,pps,payload_entropy_fwd,iat_cv_fwd,small_pkt_ratio_fwd,small_pkt_ratio_bwd,ttl_fwd_first,label
56359,0.010436058044433594,1,1,74,90,74.0,0.0,90.0,0.0,0.0,0.0,191.64324225532303,0.0,0.0,1.0,1.0,64,1
53732,0.002457141876220703,1,1,74,90,74.0,0.0,90.0,0.0,0.0,0.0,813.9538133126334,0.0,0.0,1.0,1.0,64,1
47551,0.014606952667236328,1,1,74,90,74.0,0.0,90.0,0.0,0.0,0.0,136.92109816211274,0.0,0.0,1.0,1.0,64,1
35549,0.002337932586669922,1,1,74,90,74.0,0.0,90.0,0.0,0.0,0.0,855.456659188252,0.0,0.0,1.0,1.0,64,1
