sport,dur,pkts_fwd,pkts_bwd,bytes_fwd,bytes_bwd,pktlen_fwd_mean,pktlen_fwd_std,pktlen_bwd_mean,pktlen_bwd_std,iat_fwd_mean,iat_fwd_std,pps,payload_entropy_fwd,iat_cv_fwd,small_pkt_ratio_fwd,small_pkt_ratio_bwd,ttl_fwd_first,label
50483,0.0009381771087646484,1,1,74,90,74.0,0.0,90.0,0.0,0.0,0.0,2000.0,0.0,0.0,1.0,1.0,64,1
35723,0.0019409656524658203,1,1,74,90,74.0,0.0,90.0,0.0,0.0,0.0,1030.4149367399582,0.0,0.0,1.0,1.0,64,1
34207,0.0025229454040527344,1,1,74,90,74.0,0.0,90.0,0.0,0.0,0.0,792.7242487242487,0.0,0.0,1.0,1.0,64,1
41417,0.0015399456024169922,1,1,74,90,74.0,0.0,90.0,0.0,0.0,0.0,1298.7471744852144,0.0,0.0,1.0,1.0,64,1
