sport,dur,pkts_fwd,pkts_bwd,bytes_fwd,bytes_bwd,pktlen_fwd_mean,pktlen_fwd_std,pktlen_bwd_mean,pktlen_bwd_std,iat_fwd_mean,iat_fwd_std,pps,payload_entropy_fwd,iat_cv_fwd,small_pkt_ratio_fwd,small_pkt_ratio_bwd,ttl_fwd_first,label
47513,0.0025370121002197266,1,1,74,90,74.0,0.0,90.0,0.0,0.0,0.0,788.3289164552203,0.0,0.0,1.0,1.0,64,1
51496,0.001631021499633789,1,1,74,90,74.0,0.0,90.0,0.0,0.0,0.0,1226.22540564245,0.0,0.0,1.0,1.0,64,1
53115,0.0020389556884765625,1,1,74,90,74.0,0.0,90.0,0.0,0.0,0.0,980.8942937324603,0.0,0.0,1.0,1.0,64,1
54465,0.013098001480102539,1,1,74,90,74.0,0.0,90.0,0.0,0.0,0.0,152.6950506944318,0.0,0.0,1.0,1.0,64,1
