sport,dur,pkts_fwd,pkts_bwd,bytes_fwd,bytes_bwd,pktlen_fwd_mean,pktlen_fwd_std,pktlen_bwd_mean,pktlen_bwd_std,iat_fwd_mean,iat_fwd_std,pps,payload_entropy_fwd,iat_cv_fwd,small_pkt_ratio_fwd,small_pkt_ratio_bwd,ttl_fwd_first,label
37090,0.0031859874725341797,1,1,74,90,74.0,0.0,90.0,0.0,0.0,0.0,627.7488587891941,0.0,0.0,1.0,1.0,64,1
58188,0.012180089950561523,1,1,74,90,74.0,0.0,90.0,0.0,0.0,0.0,164.20239982774484,0.0,0.0,1.0,1.0,64,1
57826,0.0028171539306640625,1,1,74,90,74.0,0.0,90.0,0.0,0.0,0.0,709.9363574813812,0.0,0.0,1.0,1.0,64,1
43599,0.012029170989990234,1,1,74,90,74.0,0.0,90.0,0.0,0.0,0.0,166.26249653149404,0.0,0.0,1.0,1.0,64,1
