sport,dur,pkts_fwd,pkts_bwd,bytes_fwd,bytes_bwd,pktlen_fwd_mean,pktlen_fwd_std,pktlen_bwd_mean,pktlen_bwd_std,iat_fwd_mean,iat_fwd_std,pps,payload_entropy_fwd,iat_cv_fwd,small_pkt_ratio_fwd,small_pkt_ratio_bwd,ttl_fwd_first,label
43897,0.005393028259277344,1,1,74,90,74.0,0.0,90.0,0.0,0.0,0.0,370.84916003536694,0.0,0.0,1.0,1.0,64,1
37114,0.0016679763793945312,1,1,74,90,74.0,0.0,90.0,0.0,0.0,0.0,1199.0577472841624,0.0,0.0,1.0,1.0,64,1
38144,0.0019381046295166016,1,1,74,90,74.0,0.0,90.0,0.0,0.0,0.0,1031.9360314921885,0.0,0.0,1.0,1.0,64,1
36738,0.002707958221435547,1,1,74,90,74.0,0.0,90.0,0.0,0.0,0.0,738.5638316605036,0.0,0.0,1.0,1.0,64,1
