sport,dur,pkts_fwd,pkts_bwd,bytes_fwd,bytes_bwd,pktlen_fwd_mean,pktlen_fwd_std,pktlen_bwd_mean,pktlen_bwd_std,iat_fwd_mean,iat_fwd_std,pps,payload_entropy_fwd,iat_cv_fwd,small_pkt_ratio_fwd,small_pkt_ratio_bwd,ttl_fwd_first,label
52556,0.006455898284912109,1,1,75,279,75.0,0.0,279.0,0.0,0.0,0.0,309.7942240933599,0.0,0.0,1.0,0.0,64,1
43716,0.00639796257019043,1,1,75,279,75.0,0.0,279.0,0.0,0.0,0.0,312.59951555803985,0.0,0.0,1.0,0.0,64,1
50282,0.0062711238861083984,1,1,75,279,75.0,0.0,279.0,0.0,0.0,0.0,318.92210014066836,0.0,0.0,1.0,0.0,64,1
53825,0.006976127624511719,1,1,75,279,75.0,0.0,279.0,0.0,0.0,0.0,286.692002734108,0.0,0.0,1.0,0.0,64,1
33461,0.005205869674682617,1,1,75,279,75.0,0.0,279.0,0.0,0.0,0.0,384.1817265857568,0.0,0.0,1.0,0.0,64,1
51038,0.005797863006591797,1,1,75,279,75.0,0.0,279.0,0.0,0.0,0.0,344.9546837733366,0.0,0.0,1.0,0.0,64,1
36521,0.004663944244384766,1,1,75,279,75.0,0.0,279.0,0.0,0.0,0.0,428.8215928841632,0.0,0.0,1.0,0.0,64,1
