sport,dur,pkts_fwd,pkts_bwd,bytes_fwd,bytes_bwd,pktlen_fwd_mean,pktlen_fwd_std,pktlen_bwd_mean,pktlen_bwd_std,iat_fwd_mean,iat_fwd_std,pps,payload_entropy_fwd,iat_cv_fwd,small_pkt_ratio_fwd,small_pkt_ratio_bwd,ttl_fwd_first,label
59374,0.007118940353393555,1,1,75,276,75.0,0.0,276.0,0.0,0.0,0.0,280.9406878997957,0.0,0.0,1.0,0.0,64,1
33977,0.0021889209747314453,1,1,98,247,98.0,0.0,247.0,0.0,0.0,0.0,913.6921903932033,0.0,0.0,1.0,0.0,64,1
51359,0.012585878372192383,1,1,74,90,74.0,0.0,90.0,0.0,0.0,0.0,158.90825740211028,0.0,0.0,1.0,1.0,64,1
53183,0.00972604751586914,1,1,74,90,74.0,0.0,90.0,0.0,0.0,0.0,205.63337745746924,0.0,0.0,1.0,1.0,64,1
42958,0.0028069019317626953,1,1,74,90,74.0,0.0,90.0,0.0,0.0,0.0,712.5293468104986,0.0,0.0,1.0,1.0,64,1
52470,0.002415895462036133,1,1,74,90,74.0,0.0,90.0,0.0,0.0,0.0,827.8503898154545,0.0,0.0,1.0,1.0,64,1
