sport,dur,pkts_fwd,pkts_bwd,bytes_fwd,bytes_bwd,pktlen_fwd_mean,pktlen_fwd_std,pktlen_bwd_mean,pktlen_bwd_std,iat_fwd_mean,iat_fwd_std,pps,payload_entropy_fwd,iat_cv_fwd,small_pkt_ratio_fwd,small_pkt_ratio_bwd,ttl_fwd_first,label
35461,0.009885072708129883,1,1,74,90,74.0,0.0,90.0,0.0,0.0,0.0,202.32526953040207,0.0,0.0,1.0,1.0,64,1
34601,0.0025200843811035156,1,1,74,90,74.0,0.0,90.0,0.0,0.0,0.0,793.6242194891202,0.0,0.0,1.0,1.0,64,1
41719,0.01437520980834961,1,1,74,90,74.0,0.0,90.0,0.0,0.0,0.0,139.1284041529837,0.0,0.0,1.0,1.0,64,1
33497,0.0032320022583007812,1,1,74,90,74.0,0.0,90.0,0.0,0.0,0.0,618.8114488049572,0.0,0.0,1.0,1.0,64,1
