sport,dur,pkts_fwd,pkts_bwd,bytes_fwd,bytes_bwd,pktlen_fwd_mean,pktlen_fwd_std,pktlen_bwd_mean,pktlen_bwd_std,iat_fwd_mean,iat_fwd_std,pps,payload_entropy_fwd,iat_cv_fwd,small_pkt_ratio_fwd,small_pkt_ratio_bwd,ttl_fwd_first,label
59835,0.010916948318481445,1,1,74,90,74.0,0.0,90.0,0.0,0.0,0.0,183.20138024416346,0.0,0.0,1.0,1.0,64,1
46445,0.002476930618286133,1,1,74,90,74.0,0.0,90.0,0.0,0.0,0.0,807.4509577437674,0.0,0.0,1.0,1.0,64,1
50732,0.002498149871826172,1,1,74,90,74.0,0.0,90.0,0.0,0.0,0.0,800.5924794808169,0.0,0.0,1.0,1.0,64,1
