sport,dur,pkts_fwd,pkts_bwd,bytes_fwd,bytes_bwd,pktlen_fwd_mean,pktlen_fwd_std,pktlen_bwd_mean,pktlen_bwd_std,iat_fwd_mean,iat_fwd_std,pps,payload_entropy_fwd,iat_cv_fwd,small_pkt_ratio_fwd,small_pkt_ratio_bwd,ttl_fwd_first,label
56893,0.002613067626953125,1,1,74,90,74.0,0.0,90.0,0.0,0.0,0.0,765.3839416058394,0.0,0.0,1.0,1.0,64,1
60962,0.009701013565063477,1,1,74,90,74.0,0.0,90.0,0.0,0.0,0.0,206.16402467497358,0.0,0.0,1.0,1.0,64,1
50732,0.0025620460510253906,1,1,74,90,74.0,0.0,90.0,0.0,0.0,0.0,780.6260934301135,0.0,0.0,1.0,1.0,64,1
35986,0.010390996932983398,1,1,74,90,74.0,0.0,90.0,0.0,0.0,0.0,192.47431337906983,0.0,0.0,1.0,1.0,64,1
