sport,dur,pkts_fwd,pkts_bwd,bytes_fwd,bytes_bwd,pktlen_fwd_mean,pktlen_fwd_std,pktlen_bwd_mean,pktlen_bwd_std,iat_fwd_mean,iat_fwd_std,pps,payload_entropy_fwd,iat_cv_fwd,small_pkt_ratio_fwd,small_pkt_ratio_bwd,ttl_fwd_first,label
58305,0.0019481182098388672,1,1,74,90,74.0,0.0,90.0,0.0,0.0,0.0,1026.6317464202668,0.0,0.0,1.0,1.0,64,1
38033,0.0049059391021728516,1,1,75,276,75.0,0.0,276.0,0.0,0.0,0.0,407.6691451620742,0.0,0.0,1.0,0.0,64,1
52960,0.0026209354400634766,1,1,98,247,98.0,0.0,247.0,0.0,0.0,0.0,763.0863276630583,0.0,0.0,1.0,0.0,64,1
35943,0.002443075180053711,1,1,74,90,74.0,0.0,90.0,0.0,0.0,0.0,818.6403825509906,0.0,0.0,1.0,1.0,64,1
49601,0.0021140575408935547,1,1,74,90,74.0,0.0,90.0,0.0,0.0,0.0,946.0480433066426,0.0,0.0,1.0,1.0,64,1
38934,0.0024628639221191406,1,1,74,90,74.0,0.0,90.0,0.0,0.0,0.0,812.0627299128752,0.0,0.0,1.0,1.0,64,1
