sport,dur,pkts_fwd,pkts_bwd,bytes_fwd,bytes_bwd,pktlen_fwd_mean,pktlen_fwd_std,pktlen_bwd_mean,pktlen_bwd_std,iat_fwd_mean,iat_fwd_std,pps,payload_entropy_fwd,iat_cv_fwd,small_pkt_ratio_fwd,small_pkt_ratio_bwd,ttl_fwd_first,label
44677,0.0020918846130371094,1,1,74,90,74.0,0.0,90.0,0.0,0.0,0.0,956.075678139959,0.0,0.0,1.0,1.0,64,1
35275,0.0014469623565673828,1,1,74,90,74.0,0.0,90.0,0.0,0.0,0.0,1382.2059647388367,0.0,0.0,1.0,1.0,64,1
53042,0.002068042755126953,1,1,74,90,74.0,0.0,90.0,0.0,0.0,0.0,967.0979940050727,0.0,0.0,1.0,1.0,64,1
38700,0.001605987548828125,1,1,74,90,74.0,0.0,90.0,0.0,0.0,0.0,1245.3396674584324,0.0,0.0,1.0,1.0,64,1
