sport,dur,pkts_fwd,pkts_bwd,bytes_fwd,bytes_bwd,pktlen_fwd_mean,pktlen_fwd_std,pktlen_bwd_mean,pktlen_bwd_std,iat_fwd_mean,iat_fwd_std,pps,payload_entropy_fwd,iat_cv_fwd,small_pkt_ratio_fwd,small_pkt_ratio_bwd,ttl_fwd_first,label
57681,0.004834890365600586,1,1,75,276,75.0,0.0,276.0,0.0,0.0,0.0,413.65984516001777,0.0,0.0,1.0,0.0,64,1
32773,0.003300905227661133,1,1,98,247,98.0,0.0,247.0,0.0,0.0,0.0,605.8944023113037,0.0,0.0,1.0,0.0,64,1
57988,0.0023589134216308594,1,1,74,90,74.0,0.0,90.0,0.0,0.0,0.0,847.847988680008,0.0,0.0,1.0,1.0,64,1
44916,0.010720014572143555,1,1,74,90,74.0,0.0,90.0,0.0,0.0,0.0,186.56691057091388,0.0,0.0,1.0,1.0,64,1
50956,0.01483607292175293,1,1,74,90,74.0,0.0,90.0,0.0,0.0,0.0,134.80656306747875,0.0,0.0,1.0,1.0,64,1
34175,0.002402067184448242,1,1,74,90,74.0,0.0,90.0,0.0,0.0,0.0,832.6161786600496,0.0,0.0,1.0,1.0,64,1
