sport,dur,pkts_fwd,pkts_bwd,bytes_fwd,bytes_bwd,pktlen_fwd_mean,pktlen_fwd_std,pktlen_bwd_mean,pktlen_bwd_std,iat_fwd_mean,iat_fwd_std,pps,payload_entropy_fwd,iat_cv_fwd,small_pkt_ratio_fwd,small_pkt_ratio_bwd,ttl_fwd_first,label
36588,0.00138092041015625,1,1,75,279,75.0,0.0,279.0,0.0,0.0,0.0,1448.3093922651933,0.0,0.0,1.0,0.0,64,1
48535,0.013278961181640625,1,1,110,126,110.0,0.0,126.0,0.0,0.0,0.0,150.6141913243321,0.0,0.0,0.0,0.0,64,1
34673,0.005133867263793945,1,1,75,279,75.0,0.0,279.0,0.0,0.0,0.0,389.5698695026239,0.0,0.0,1.0,0.0,64,1
51023,0.00537419319152832,1,1,75,279,75.0,0.0,279.0,0.0,0.0,0.0,372.1488842553569,0.0,0.0,1.0,0.0,64,1
54026,0.005676984786987305,1,1,75,279,75.0,0.0,279.0,0.0,0.0,0.0,352.299693419008,0.0,0.0,1.0,0.0,64,1
60994,0.006167173385620117,1,1,75,279,75.0,0.0,279.0,0.0,0.0,0.0,324.2976765763328,0.0,0.0,1.0,0.0,64,1
35935,0.00626683235168457,1,1,75,279,75.0,0.0,279.0,0.0,0.0,0.0,319.14049838310825,0.0,0.0,1.0,0.0,64,1
48794,0.005060911178588867,1,1,75,279,75.0,0.0,279.0,0.0,0.0,0.0,395.18575399255667,0.0,0.0,1.0,0.0,64,1
60638,0.0021560192108154297,1,1,75,279,75.0,0.0,279.0,0.0,0.0,0.0,927.6355191861109,0.0,0.0,1.0,0.0,64,1
