sport,dur,pkts_fwd,pkts_bwd,bytes_fwd,bytes_bwd,pktlen_fwd_mean,pktlen_fwd_std,pktlen_bwd_mean,pktlen_bwd_std,iat_fwd_mean,iat_fwd_std,pps,payload_entropy_fwd,iat_cv_fwd,small_pkt_ratio_fwd,small_pkt_ratio_bwd,ttl_fwd_first,label
40456,0.0077419281005859375,1,1,75,279,75.0,0.0,279.0,0.0,0.0,0.0,258.33357969943336,0.0,0.0,1.0,0.0,64,1
54129,0.004734992980957031,1,1,75,279,75.0,0.0,279.0,0.0,0.0,0.0,422.38710976837865,0.0,0.0,1.0,0.0,64,1
52963,0.0063250064849853516,1,1,75,279,75.0,0.0,279.0,0.0,0.0,0.0,316.20520939349393,0.0,0.0,1.0,0.0,64,1
60074,0.004748106002807617,1,1,75,279,75.0,0.0,279.0,0.0,0.0,0.0,421.22058749686164,0.0,0.0,1.0,0.0,64,1
51436,0.002187013626098633,1,1,75,279,75.0,0.0,279.0,0.0,0.0,0.0,914.4890439332825,0.0,0.0,1.0,0.0,64,1
39540,0.00589299201965332,1,1,75,279,75.0,0.0,279.0,0.0,0.0,0.0,339.3861714609378,0.0,0.0,1.0,0.0,64,1
47462,0.006237030029296875,1,1,75,279,75.0,0.0,279.0,0.0,0.0,0.0,320.66544342507643,0.0,0.0,1.0,0.0,64,1
