sport,dur,pkts_fwd,pkts_bwd,bytes_fwd,bytes_bwd,pktlen_fwd_mean,pktlen_fwd_std,pktlen_bwd_mean,pktlen_bwd_std,iat_fwd_mean,iat_fwd_std,pps,payload_entropy_fwd,iat_cv_fwd,small_pkt_ratio_fwd,small_pkt_ratio_bwd,ttl_fwd_first,label
43590,0.012639999389648438,1,1,74,90,74.0,0.0,90.0,0.0,0.0,0.0,158.2278557416629,0.0,0.0,1.0,1.0,64,1
48554,0.013447046279907227,1,1,74,90,74.0,0.0,90.0,0.0,0.0,0.0,148.7315473129909,0.0,0.0,1.0,1.0,64,1
60583,0.0019919872283935547,1,1,74,90,74.0,0.0,90.0,0.0,0.0,0.0,1004.0225014961101,0.0,0.0,1.0,1.0,64,1
53603,0.002624988555908203,1,1,74,90,74.0,0.0,90.0,0.0,0.0,0.0,761.9080835603996,0.0,0.0,1.0,1.0,64,1
