sport,dur,pkts_fwd,pkts_bwd,bytes_fwd,bytes_bwd,pktlen_fwd_mean,pktlen_fwd_std,pktlen_bwd_mean,pktlen_bwd_std,iat_fwd_mean,iat_fwd_std,pps,payload_entropy_fwd,iat_cv_fwd,small_pkt_ratio_fwd,small_pkt_ratio_bwd,ttl_fwd_first,label
60766,0.002124786376953125,1,1,74,90,74.0,0.0,90.0,0.0,0.0,0.0,941.2710951526033,0.0,0.0,1.0,1.0,64,1
43388,0.0011429786682128906,1,1,74,90,74.0,0.0,90.0,0.0,0.0,0.0,1749.813934084272,0.0,0.0,1.0,1.0,64,1
40540,0.0022318363189697266,1,1,74,90,74.0,0.0,90.0,0.0,0.0,0.0,896.1230637752377,0.0,0.0,1.0,1.0,64,1
37218,0.002087116241455078,1,1,74,90,74.0,0.0,90.0,0.0,0.0,0.0,958.2599954306603,0.0,0.0,1.0,1.0,64,1
