sport,dur,pkts_fwd,pkts_bwd,bytes_fwd,bytes_bwd,pktlen_fwd_mean,pktlen_fwd_std,pktlen_bwd_mean,pktlen_bwd_std,iat_fwd_mean,iat_fwd_std,pps,payload_entropy_fwd,iat_cv_fwd,small_pkt_ratio_fwd,small_pkt_ratio_bwd,ttl_fwd_first,label
40750,0.001983165740966797,1,1,74,90,74.0,0.0,90.0,0.0,0.0,0.0,1008.488578985333,0.0,0.0,1.0,1.0,64,1
34448,0.009799003601074219,1,1,74,90,74.0,0.0,90.0,0.0,0.0,0.0,204.10238442822384,0.0,0.0,1.0,1.0,64,1
42885,0.010384798049926758,1,1,74,90,74.0,0.0,90.0,0.0,0.0,0.0,192.58920494983585,0.0,0.0,1.0,1.0,64,1
