sport,dur,pkts_fwd,pkts_bwd,bytes_fwd,bytes_bwd,pktlen_fwd_mean,pktlen_fwd_std,pktlen_bwd_mean,pktlen_bwd_std,iat_fwd_mean,iat_fwd_std,pps,payload_entropy_fwd,iat_cv_fwd,small_pkt_ratio_fwd,small_pkt_ratio_bwd,ttl_fwd_first,label
43658,0.007586002349853516,1,1,75,276,75.0,0.0,276.0,0.0,0.0,0.0,263.6434722484128,0.0,0.0,1.0,0.0,64,1
60552,0.0033731460571289062,1,1,98,247,98.0,0.0,247.0,0.0,0.0,0.0,592.9182923381396,0.0,0.0,1.0,0.0,64,1
39908,0.0020029544830322266,1,1,74,90,74.0,0.0,90.0,0.0,0.0,0.0,998.5249375074396,0.0,0.0,1.0,1.0,64,1
59496,0.0026578903198242188,1,1,74,90,74.0,0.0,90.0,0.0,0.0,0.0,752.4764980265519,0.0,0.0,1.0,1.0,64,1
40738,0.005615949630737305,1,1,82,215,82.0,0.0,215.0,0.0,0.0,0.0,356.1285502016557,0.0,0.0,1.0,0.0,64,1
47363,0.0021851062774658203,1,1,74,90,74.0,0.0,90.0,0.0,0.0,0.0,915.2872885979269,0.0,0.0,1.0,1.0,64,1
