sport,dur,pkts_fwd,pkts_bwd,bytes_fwd,bytes_bwd,pktlen_fwd_mean,pktlen_fwd_std,pktlen_bwd_mean,pktlen_bwd_std,iat_fwd_mean,iat_fwd_std,pps,payload_entropy_fwd,iat_cv_fwd,small_pkt_ratio_fwd,small_pkt_ratio_bwd,ttl_fwd_first,label
59799,0.0013580322265625,1,1,74,90,74.0,0.0,90.0,0.0,0.0,0.0,1472.7191011235955,0.0,0.0,1.0,1.0,64,1
46462,0.002665996551513672,1,1,74,90,74.0,0.0,90.0,0.0,0.0,0.0,750.1885172598819,0.0,0.0,1.0,1.0,64,1
59611,0.0026679039001464844,1,1,74,90,74.0,0.0,90.0,0.0,0.0,0.0,749.6521894548704,0.0,0.0,1.0,1.0,64,1
52862,0.0023698806762695312,1,1,74,90,74.0,0.0,90.0,0.0,0.0,0.0,843.9243460764587,0.0,0.0,1.0,1.0,64,1
