sport,dur,pkts_fwd,pkts_bwd,bytes_fwd,bytes_bwd,pktlen_fwd_mean,pktlen_fwd_std,pktlen_bwd_mean,pktlen_bwd_std,iat_fwd_mean,iat_fwd_std,pps,payload_entropy_fwd,iat_cv_fwd,small_pkt_ratio_fwd,small_pkt_ratio_bwd,ttl_fwd_first,label
39967,0.004300117492675781,1,1,88,189,88.0,0.0,189.0,0.0,0.0,0.0,465.10357063650474,0.0,0.0,1.0,0.0,64,1
46210,0.2962319850921631,2,2,168,287,84.0,0.0,143.5,6.363961030678928,0.00011110305786132812,0.0,13.502930815372716,0.0,0.0,1.0,0.0,64,1
40938,0.01718878746032715,2,2,168,287,84.0,0.0,143.5,6.363961030678928,0.00010991096496582031,0.0,232.70984118177404,0.0,0.0,1.0,0.0,64,1
48348,0.023025035858154297,2,2,168,344,84.0,0.0,172.0,33.94112549695428,0.00010800361633300781,0.0,173.72394226189243,0.0,0.0,1.0,0.0,64,1
41195,0.02271890640258789,2,2,168,287,84.0,0.0,143.5,6.363961030678928,0.00011110305786132812,0.0,176.064812677091,0.0,0.0,1.0,0.0,64,1
55433,0.07380509376525879,2,2,168,287,84.0,0.0,143.5,6.363961030678928,0.00010895729064941406,0.0,54.1968012766466,0.0,0.0,1.0,0.0,64,1
52458,0.005969047546386719,1,1,82,130,82.0,0.0,130.0,0.0,0.0,0.0,335.06183096341266,0.0,0.0,1.0,0.0,64,1
