sport,dur,pkts_fwd,pkts_bwd,bytes_fwd,bytes_bwd,pktlen_fwd_mean,pktlen_fwd_std,pktlen_bwd_mean,pktlen_bwd_std,iat_fwd_mean,iat_fwd_std,pps,payload_entropy_fwd,iat_cv_fwd,small_pkt_ratio_fwd,small_pkt_ratio_bwd,ttl_fwd_first,label
34463,0.005812168121337891,1,1,88,189,88.0,0.0,189.0,0.0,0.0,0.0,344.105669045861,0.0,0.0,1.0,0.0,64,1
47783,0.008234977722167969,2,2,168,287,84.0,0.0,143.5,6.363961030678928,0.00013303756713867188,0.0,485.7329473074696,0.0,0.0,1.0,0.0,64,1
45701,0.009972095489501953,2,2,168,287,84.0,0.0,143.5,6.363961030678928,0.00011205673217773438,0.0,401.1193037823364,0.0,0.0,1.0,0.0,64,1
39534,0.012029170989990234,2,2,168,344,84.0,0.0,172.0,33.94112549695428,0.00011420249938964844,0.0,332.5249930629881,0.0,0.0,1.0,0.0,64,1
54857,0.04297995567321777,2,2,168,287,84.0,0.0,143.5,6.363961030678928,0.00010800361633300781,0.0,93.06663856083341,0.0,0.0,1.0,0.0,64,1
40906,0.006700038909912109,1,1,89,195,89.0,0.0,195.0,0.0,0.0,0.0,298.50572912959933,0.0,0.0,1.0,0.0,64,1
60566,0.0037300586700439453,1,1,121,197,121.0,0.0,197.0,0.0,0.0,0.0,536.1845957174817,0.0,0.0,0.0,0.0,64,1
37133,0.006501913070678711,1,1,81,179,81.0,0.0,179.0,0.0,0.0,0.0,307.60177477906933,0.0,0.0,1.0,0.0,64,1
60000,0.005427122116088867,1,1,82,130,82.0,0.0,130.0,0.0,0.0,0.0,368.5194394411984,0.0,0.0,1.0,0.0,64,1
