sport,dur,pkts_fwd,pkts_bwd,bytes_fwd,bytes_bwd,pktlen_fwd_mean,pktlen_fwd_std,pktlen_bwd_mean,pktlen_bwd_std,iat_fwd_mean,iat_fwd_std,pps,payload_entropy_fwd,iat_cv_fwd,small_pkt_ratio_fwd,small_pkt_ratio_bwd,ttl_fwd_first,label
53134,0.006618976593017578,1,1,88,189,88.0,0.0,189.0,0.0,0.0,0.0,302.16151574094084,0.0,0.0,1.0,0.0,64,1
42374,0.2848172187805176,2,2,168,287,84.0,0.0,143.5,6.363961030678928,0.00010609626770019531,0.0,14.04409472547526,0.0,0.0,1.0,0.0,64,1
43218,0.021937847137451172,2,2,168,287,84.0,0.0,143.5,6.363961030678928,7.796287536621094e-05,0.0,182.333297106962,0.0,0.0,1.0,0.0,64,1
35175,0.0444180965423584,2,2,168,344,84.0,0.0,172.0,33.94112549695428,0.00011110305786132812,0.0,90.05338615051824,0.0,0.0,1.0,0.0,64,1
35744,0.05343294143676758,2,2,168,287,84.0,0.0,143.5,6.363961030678928,0.0001068115234375,0.0,74.86018722614384,0.0,0.0,1.0,0.0,64,1
56410,0.005324840545654297,1,1,89,195,89.0,0.0,195.0,0.0,0.0,0.0,375.5981015492075,0.0,0.0,1.0,0.0,64,1
41442,0.0022039413452148438,1,1,121,198,121.0,0.0,198.0,0.0,0.0,0.0,907.4651665945478,0.0,0.0,0.0,0.0,64,1
54582,0.005867958068847656,1,1,81,179,81.0,0.0,179.0,0.0,0.0,0.0,340.83406468389404,0.0,0.0,1.0,0.0,64,1
45433,0.005959987640380859,1,1,82,130,82.0,0.0,130.0,0.0,0.0,0.0,335.57116569325547,0.0,0.0,1.0,0.0,64,1
