sport,dur,pkts_fwd,pkts_bwd,bytes_fwd,bytes_bwd,pktlen_fwd_mean,pktlen_fwd_std,pktlen_bwd_mean,pktlen_bwd_std,iat_fwd_mean,iat_fwd_std,pps,payload_entropy_fwd,iat_cv_fwd,small_pkt_ratio_fwd,small_pkt_ratio_bwd,ttl_fwd_first,label
41978,0.005059003829956055,1,1,88,189,88.0,0.0,189.0,0.0,0.0,0.0,395.33474716056367,0.0,0.0,1.0,0.0,64,1
45609,0.011256217956542969,2,2,168,287,84.0,0.0,143.5,6.363961030678928,0.00010514259338378906,0.0,355.35914597983566,0.0,0.0,1.0,0.0,64,1
41390,0.021800994873046875,2,2,168,287,84.0,0.0,143.5,6.363961030678928,0.00010204315185546875,0.0,183.47786526684163,0.0,0.0,1.0,0.0,64,1
44572,0.039032936096191406,2,2,168,344,84.0,0.0,172.0,33.94112549695428,0.0003600120544433594,0.0,102.47755869921083,0.0,0.0,1.0,0.0,64,1
44417,0.012251138687133789,2,2,168,287,84.0,0.0,143.5,6.363961030678928,0.0001049041748046875,0.0,326.5002627225844,0.0,0.0,1.0,0.0,64,1
38899,0.005139827728271484,1,1,89,195,89.0,0.0,195.0,0.0,0.0,0.0,389.11810000927727,0.0,0.0,1.0,0.0,64,1
47204,0.0024111270904541016,1,1,121,197,121.0,0.0,197.0,0.0,0.0,0.0,829.4875902303966,0.0,0.0,0.0,0.0,64,1
59294,0.0059430599212646484,1,1,81,179,81.0,0.0,179.0,0.0,0.0,0.0,336.52697877803183,0.0,0.0,1.0,0.0,64,1
50496,0.006087064743041992,1,1,82,130,82.0,0.0,130.0,0.0,0.0,0.0,328.5655869335318,0.0,0.0,1.0,0.0,64,1
