sport,dur,pkts_fwd,pkts_bwd,bytes_fwd,bytes_bwd,pktlen_fwd_mean,pktlen_fwd_std,pktlen_bwd_mean,pktlen_bwd_std,iat_fwd_mean,iat_fwd_std,pps,payload_entropy_fwd,iat_cv_fwd,small_pkt_ratio_fwd,small_pkt_ratio_bwd,ttl_fwd_first,label
47654,0.00545191764831543,1,1,88,189,88.0,0.0,189.0,0.0,0.0,0.0,366.84339878427426,0.0,0.0,1.0,0.0,64,1
55819,0.05378103256225586,2,2,168,287,84.0,0.0,143.5,6.363961030678928,8.392333984375e-05,0.0,74.37566386196991,0.0,0.0,1.0,0.0,64,1
57689,0.010943889617919922,2,2,168,287,84.0,0.0,143.5,6.363961030678928,0.00013685226440429688,0.0,365.500762494009,0.0,0.0,1.0,0.0,64,1
52508,0.041398048400878906,2,2,168,344,84.0,0.0,172.0,33.94112549695428,0.00010800361633300781,0.0,96.62291229929278,0.0,0.0,1.0,0.0,64,1
59797,0.013549089431762695,2,2,168,287,84.0,0.0,143.5,6.363961030678928,0.00010609626770019531,0.0,295.2227911805592,0.0,0.0,1.0,0.0,64,1
49752,0.005071878433227539,1,1,89,195,89.0,0.0,195.0,0.0,0.0,0.0,394.33121797583794,0.0,0.0,1.0,0.0,64,1
45291,0.003247976303100586,1,1,121,196,121.0,0.0,196.0,0.0,0.0,0.0,615.768039345225,0.0,0.0,0.0,0.0,64,1
40543,0.004643917083740234,1,1,81,179,81.0,0.0,179.0,0.0,0.0,0.0,430.6709107711264,0.0,0.0,1.0,0.0,64,1
37725,0.006265878677368164,1,1,82,130,82.0,0.0,130.0,0.0,0.0,0.0,319.18907195312204,0.0,0.0,1.0,0.0,64,1
