sport,dur,pkts_fwd,pkts_bwd,bytes_fwd,bytes_bwd,pktlen_fwd_mean,pktlen_fwd_std,pktlen_bwd_mean,pktlen_bwd_std,iat_fwd_mean,iat_fwd_std,pps,payload_entropy_fwd,iat_cv_fwd,small_pkt_ratio_fwd,small_pkt_ratio_bwd,ttl_fwd_first,label
33185,0.007066011428833008,1,1,88,189,88.0,0.0,189.0,0.0,0.0,0.0,283.0451125282586,0.0,0.0,1.0,0.0,64,1
37330,0.01293492317199707,2,2,168,287,84.0,0.0,143.5,6.363961030678928,0.00011396408081054688,0.0,309.2403369398927,0.0,0.0,1.0,0.0,64,1
43392,0.00544285774230957,2,2,168,287,84.0,0.0,143.5,6.363961030678928,0.00012683868408203125,0.0,734.9080555433878,0.0,0.0,1.0,0.0,64,1
44867,0.012745141983032227,2,2,168,344,84.0,0.0,172.0,33.94112549695428,0.00010800361633300781,0.0,313.8450717399031,0.0,0.0,1.0,0.0,64,1
49191,0.07577300071716309,2,2,168,287,84.0,0.0,143.5,6.363961030678928,0.00011610984802246094,0.0,52.78925160864025,0.0,0.0,1.0,0.0,64,1
34728,0.003962993621826172,1,1,89,195,89.0,0.0,195.0,0.0,0.0,0.0,504.6689929009746,0.0,0.0,1.0,0.0,64,1
37474,0.0025451183319091797,1,1,121,196,121.0,0.0,196.0,0.0,0.0,0.0,785.8180796252927,0.0,0.0,0.0,0.0,64,1
37440,0.00527501106262207,1,1,81,179,81.0,0.0,179.0,0.0,0.0,0.0,379.1461242937853,0.0,0.0,1.0,0.0,64,1
38088,0.004522085189819336,1,1,82,130,82.0,0.0,130.0,0.0,0.0,0.0,442.2738440449201,0.0,0.0,1.0,0.0,64,1
