sport,dur,pkts_fwd,pkts_bwd,bytes_fwd,bytes_bwd,pktlen_fwd_mean,pktlen_fwd_std,pktlen_bwd_mean,pktlen_bwd_std,iat_fwd_mean,iat_fwd_std,pps,payload_entropy_fwd,iat_cv_fwd,small_pkt_ratio_fwd,small_pkt_ratio_bwd,ttl_fwd_first,label
49877,0.0058100223541259766,1,1,88,189,88.0,0.0,189.0,0.0,0.0,0.0,344.2327547293693,0.0,0.0,1.0,0.0,64,1
39074,0.018459081649780273,2,2,168,287,84.0,0.0,143.5,6.363961030678928,0.00011396408081054688,0.0,216.69550392002375,0.0,0.0,1.0,0.0,64,1
39738,0.041129112243652344,2,2,168,287,84.0,0.0,143.5,6.363961030678928,0.00010800361633300781,0.0,97.25471282491247,0.0,0.0,1.0,0.0,64,1
46645,0.021522998809814453,2,2,168,344,84.0,0.0,172.0,33.94112549695428,0.00011301040649414062,0.0,185.84770808870772,0.0,0.0,1.0,0.0,64,1
58396,0.013042926788330078,2,2,168,287,84.0,0.0,143.5,6.363961030678928,0.0001049041748046875,0.0,306.67963294702594,0.0,0.0,1.0,0.0,64,1
49245,0.0052530765533447266,1,1,82,130,82.0,0.0,130.0,0.0,0.0,0.0,380.729269731766,0.0,0.0,1.0,0.0,64,1
