sport,dur,pkts_fwd,pkts_bwd,bytes_fwd,bytes_bwd,pktlen_fwd_mean,pktlen_fwd_std,pktlen_bwd_mean,pktlen_bwd_std,iat_fwd_mean,iat_fwd_std,pps,payload_entropy_fwd,iat_cv_fwd,small_pkt_ratio_fwd,small_pkt_ratio_bwd,ttl_fwd_first,label
38077,0.028037071228027344,1,1,88,189,88.0,0.0,189.0,0.0,0.0,0.0,71.33412701112283,0.0,0.0,1.0,0.0,64,1
39964,0.07496500015258789,2,2,168,287,84.0,0.0,143.5,6.363961030678928,0.00011396408081054688,0.0,53.35823373385153,0.0,0.0,1.0,0.0,64,1
49138,0.012764930725097656,2,2,168,287,84.0,0.0,143.5,6.363961030678928,5.602836608886719e-05,0.0,313.3585356742622,0.0,0.0,1.0,0.0,64,1
56435,0.13083481788635254,2,2,168,344,84.0,0.0,172.0,33.94112549695428,6.389617919921875e-05,0.0,30.572901499924374,0.0,0.0,1.0,0.0,64,1
39802,0.017321109771728516,2,2,168,287,84.0,0.0,143.5,6.363961030678928,0.00011396408081054688,0.0,230.93208534067446,0.0,0.0,1.0,0.0,64,1
38735,0.00456690788269043,1,1,82,130,82.0,0.0,130.0,0.0,0.0,0.0,437.93307230488125,0.0,0.0,1.0,0.0,64,1
