sport,dur,pkts_fwd,pkts_bwd,bytes_fwd,bytes_bwd,pktlen_fwd_mean,pktlen_fwd_std,pktlen_bwd_mean,pktlen_bwd_std,iat_fwd_mean,iat_fwd_std,pps,payload_entropy_fwd,iat_cv_fwd,small_pkt_ratio_fwd,small_pkt_ratio_bwd,ttl_fwd_first,label
60749,0.005304098129272461,1,1,88,189,88.0,0.0,189.0,0.0,0.0,0.0,377.0669303726345,0.0,0.0,1.0,0.0,64,1
42661,0.011077165603637695,2,2,168,287,84.0,0.0,143.5,6.363961030678928,0.00011515617370605469,0.0,361.1032048384667,0.0,0.0,1.0,0.0,64,1
55253,0.01260995864868164,2,2,168,287,84.0,0.0,143.5,6.363961030678928,0.00011801719665527344,0.0,317.2096048402345,0.0,0.0,1.0,0.0,64,1
45671,0.011644840240478516,2,2,168,344,84.0,0.0,172.0,33.94112549695428,0.0001049041748046875,0.0,343.4997747839974,0.0,0.0,1.0,0.0,64,1
43419,0.012413978576660156,2,2,168,287,84.0,0.0,143.5,6.363961030678928,0.0001239776611328125,0.0,322.21740800491665,0.0,0.0,1.0,0.0,64,1
44973,0.004601001739501953,1,1,89,195,89.0,0.0,195.0,0.0,0.0,0.0,434.68794693750647,0.0,0.0,1.0,0.0,64,1
37487,0.002480030059814453,1,1,121,198,121.0,0.0,198.0,0.0,0.0,0.0,806.4418381080561,0.0,0.0,0.0,0.0,64,1
37553,0.006646156311035156,1,1,81,179,81.0,0.0,179.0,0.0,0.0,0.0,300.9258143205625,0.0,0.0,1.0,0.0,64,1
52933,0.006173133850097656,1,1,82,130,82.0,0.0,130.0,0.0,0.0,0.0,323.9845512127298,0.0,0.0,1.0,0.0,64,1
