sport,dur,pkts_fwd,pkts_bwd,bytes_fwd,bytes_bwd,pktlen_fwd_mean,pktlen_fwd_std,pktlen_bwd_mean,pktlen_bwd_std,iat_fwd_mean,iat_fwd_std,pps,payload_entropy_fwd,iat_cv_fwd,small_pkt_ratio_fwd,small_pkt_ratio_bwd,ttl_fwd_first,label
33965,0.005431175231933594,1,1,88,189,88.0,0.0,189.0,0.0,0.0,0.0,368.2444249341528,0.0,0.0,1.0,0.0,64,1
44762,0.020908832550048828,2,2,168,287,84.0,0.0,143.5,6.363961030678928,0.00012183189392089844,0.0,191.30671166959337,0.0,0.0,1.0,0.0,64,1
45573,0.011433839797973633,2,2,168,287,84.0,0.0,143.5,6.363961030678928,7.891654968261719e-05,0.0,349.8387305294326,0.0,0.0,1.0,0.0,64,1
50231,0.05184197425842285,2,2,168,344,84.0,0.0,172.0,33.94112549695428,0.00010418891906738281,0.0,77.15755538283948,0.0,0.0,1.0,0.0,64,1
44059,0.010023117065429688,2,2,168,287,84.0,0.0,143.5,6.363961030678928,0.00011110305786132812,0.0,399.07745004757373,0.0,0.0,1.0,0.0,64,1
42963,0.01250004768371582,2,2,168,287,84.0,0.0,143.5,6.363961030678928,0.00010204315185546875,0.0,319.9987793015316,0.0,0.0,1.0,0.0,64,1
46514,0.006869077682495117,1,1,82,130,82.0,0.0,130.0,0.0,0.0,0.0,291.1599042032557,0.0,0.0,1.0,0.0,64,1
