sport,dur,pkts_fwd,pkts_bwd,bytes_fwd,bytes_bwd,pktlen_fwd_mean,pktlen_fwd_std,pktlen_bwd_mean,pktlen_bwd_std,iat_fwd_mean,iat_fwd_std,pps,payload_entropy_fwd,iat_cv_fwd,small_pkt_ratio_fwd,small_pkt_ratio_bwd,ttl_fwd_first,label
42393,0.005750894546508789,1,1,88,189,88.0,0.0,189.0,0.0,0.0,0.0,347.7719829194478,0.0,0.0,1.0,0.0,64,1
33467,0.013361930847167969,2,2,168,287,84.0,0.0,143.5,6.363961030678928,0.0001049041748046875,0.0,299.35793305260154,0.0,0.0,1.0,0.0,64,1
34450,0.015719890594482422,2,2,168,287,84.0,0.0,143.5,6.363961030678928,0.00010395050048828125,0.0,254.45469712136378,0.0,0.0,1.0,0.0,64,1
37386,0.04096198081970215,2,2,168,344,84.0,0.0,172.0,33.94112549695428,0.00013899803161621094,0.0,97.65152758618683,0.0,0.0,1.0,0.0,64,1
43784,0.020780086517333984,2,2,168,287,84.0,0.0,143.5,6.363961030678928,0.00010585784912109375,0.0,192.49198008214967,0.0,0.0,1.0,0.0,64,1
41118,0.004403829574584961,1,1,89,195,89.0,0.0,195.0,0.0,0.0,0.0,454.15018136538356,0.0,0.0,1.0,0.0,64,1
36022,0.0024919509887695312,1,1,121,196,121.0,0.0,196.0,0.0,0.0,0.0,802.584003061615,0.0,0.0,0.0,0.0,64,1
36769,0.006971836090087891,1,1,81,179,81.0,0.0,179.0,0.0,0.0,0.0,286.8684768483688,0.0,0.0,1.0,0.0,64,1
59385,0.006260871887207031,1,1,82,130,82.0,0.0,130.0,0.0,0.0,0.0,319.4443259710586,0.0,0.0,1.0,0.0,64,1
