sport,dur,pkts_fwd,pkts_bwd,bytes_fwd,bytes_bwd,pktlen_fwd_mean,pktlen_fwd_std,pktlen_bwd_mean,pktlen_bwd_std,iat_fwd_mean,iat_fwd_std,pps,payload_entropy_fwd,iat_cv_fwd,small_pkt_ratio_fwd,small_pkt_ratio_bwd,ttl_fwd_first,label
38007,0.006495952606201172,1,1,88,189,88.0,0.0,189.0,0.0,0.0,0.0,307.8840196726125,0.0,0.0,1.0,0.0,64,1
60727,0.005105018615722656,2,2,168,287,84.0,0.0,143.5,6.363961030678928,0.00010395050048828125,0.0,783.5426863441061,0.0,0.0,1.0,0.0,64,1
59849,0.00605320930480957,2,2,168,287,84.0,0.0,143.5,6.363961030678928,0.00010418891906738281,0.0,660.8064910000394,0.0,0.0,1.0,0.0,64,1
52993,0.01750802993774414,2,2,168,344,84.0,0.0,172.0,33.94112549695428,0.00010013580322265625,0.0,228.46659585478116,0.0,0.0,1.0,0.0,64,1
47302,0.02179884910583496,2,2,168,287,84.0,0.0,143.5,6.363961030678928,0.00011396408081054688,0.0,183.49592588946857,0.0,0.0,1.0,0.0,64,1
60820,0.014713048934936523,2,2,168,344,84.0,0.0,172.0,33.94112549695428,0.00011301040649414062,0.0,271.86751146473074,0.0,0.0,1.0,0.0,64,1
38717,0.005328178405761719,1,1,82,130,82.0,0.0,130.0,0.0,0.0,0.0,375.3628065151244,0.0,0.0,1.0,0.0,64,1
