sport,dur,pkts_fwd,pkts_bwd,bytes_fwd,bytes_bwd,pktlen_fwd_mean,pktlen_fwd_std,pktlen_bwd_mean,pktlen_bwd_std,iat_fwd_mean,iat_fwd_std,pps,payload_entropy_fwd,iat_cv_fwd,small_pkt_ratio_fwd,small_pkt_ratio_bwd,ttl_fwd_first,label
54836,0.005446910858154297,1,1,88,189,88.0,0.0,189.0,0.0,0.0,0.0,367.1806005427646,0.0,0.0,1.0,0.0,64,1
36122,0.05027198791503906,2,2,168,287,84.0,0.0,143.5,6.363961030678928,0.0001361370086669922,0.0,79.56717380582009,0.0,0.0,1.0,0.0,64,1
48260,0.016633033752441406,2,2,168,287,84.0,0.0,143.5,6.363961030678928,0.00011396408081054688,0.0,240.4852932744682,0.0,0.0,1.0,0.0,64,1
44967,0.07317900657653809,2,2,168,344,84.0,0.0,172.0,33.94112549695428,0.00010395050048828125,0.0,54.660485118999134,0.0,0.0,1.0,0.0,64,1
44180,0.011135101318359375,2,2,168,287,84.0,0.0,143.5,6.363961030678928,0.00012087821960449219,0.0,359.2243919150394,0.0,0.0,1.0,0.0,64,1
44017,0.006170988082885742,1,1,82,130,82.0,0.0,130.0,0.0,0.0,0.0,324.0972066607426,0.0,0.0,1.0,0.0,64,1
