sport,dur,pkts_fwd,pkts_bwd,bytes_fwd,bytes_bwd,pktlen_fwd_mean,pktlen_fwd_std,pktlen_bwd_mean,pktlen_bwd_std,iat_fwd_mean,iat_fwd_std,pps,payload_entropy_fwd,iat_cv_fwd,small_pkt_ratio_fwd,small_pkt_ratio_bwd,ttl_fwd_first,label
38231,0.008733034133911133,1,1,88,189,88.0,0.0,189.0,0.0,0.0,0.0,229.01547953807093,0.0,0.0,1.0,0.0,64,1
39545,0.15976715087890625,2,2,168,287,84.0,0.0,143.5,6.363961030678928,0.00010895729064941406,0.0,25.036435700300846,0.0,0.0,1.0,0.0,64,1
59321,0.022161006927490234,2,2,168,287,84.0,0.0,143.5,6.363961030678928,0.00010609626770019531,0.0,180.4972135556751,0.0,0.0,1.0,0.0,64,1
42074,0.007750034332275391,2,2,168,344,84.0,0.0,172.0,33.94112549695428,0.00010704994201660156,0.0,516.1267458315388,0.0,0.0,1.0,0.0,64,1
58279,0.022665977478027344,2,2,168,287,84.0,0.0,143.5,6.363961030678928,7.891654968261719e-05,0.0,176.47595405394034,0.0,0.0,1.0,0.0,64,1
50542,0.0057909488677978516,1,1,89,195,89.0,0.0,195.0,0.0,0.0,0.0,345.36654452632877,0.0,0.0,1.0,0.0,64,1
60570,0.0024340152740478516,1,1,121,195,121.0,0.0,195.0,0.0,0.0,0.0,821.6875306102459,0.0,0.0,0.0,0.0,64,1
55812,0.005229949951171875,1,1,81,179,81.0,0.0,179.0,0.0,0.0,0.0,382.41283734500365,0.0,0.0,1.0,0.0,64,1
41185,0.006333112716674805,1,1,82,130,82.0,0.0,130.0,0.0,0.0,0.0,315.80047434401234,0.0,0.0,1.0,0.0,64,1
