sport,dur,pkts_fwd,pkts_bwd,bytes_fwd,bytes_bwd,pktlen_fwd_mean,pktlen_fwd_std,pktlen_bwd_mean,pktlen_bwd_std,iat_fwd_mean,iat_fwd_std,pps,payload_entropy_fwd,iat_cv_fwd,small_pkt_ratio_fwd,small_pkt_ratio_bwd,ttl_fwd_first,label
32797,0.00467681884765625,1,1,88,189,88.0,0.0,189.0,0.0,0.0,0.0,427.64110929853183,0.0,0.0,1.0,0.0,64,1
50916,0.006677150726318359,2,2,168,287,84.0,0.0,143.5,6.363961030678928,0.0001270771026611328,0.0,599.0579161608226,0.0,0.0,1.0,0.0,64,1
45969,0.020730972290039062,2,2,168,287,84.0,0.0,143.5,6.363961030678928,0.0001049041748046875,0.0,192.94801729689945,0.0,0.0,1.0,0.0,64,1
47030,0.01719522476196289,2,2,168,344,84.0,0.0,172.0,33.94112549695428,0.00012803077697753906,0.0,232.62272260891268,0.0,0.0,1.0,0.0,64,1
56018,0.01583099365234375,2,2,168,287,84.0,0.0,143.5,6.363961030678928,8.106231689453125e-05,0.0,252.6689156626506,0.0,0.0,1.0,0.0,64,1
34617,0.0040509700775146484,1,1,89,195,89.0,0.0,195.0,0.0,0.0,0.0,493.7089047142605,0.0,0.0,1.0,0.0,64,1
39035,0.0014619827270507812,1,1,121,196,121.0,0.0,196.0,0.0,0.0,0.0,1368.0052185257664,0.0,0.0,0.0,0.0,64,1
38478,0.005146026611328125,1,1,81,179,81.0,0.0,179.0,0.0,0.0,0.0,388.6493699036323,0.0,0.0,1.0,0.0,64,1
45386,0.005838871002197266,1,1,82,130,82.0,0.0,130.0,0.0,0.0,0.0,342.5319722335647,0.0,0.0,1.0,0.0,64,1
