sport,dur,pkts_fwd,pkts_bwd,bytes_fwd,bytes_bwd,pktlen_fwd_mean,pktlen_fwd_std,pktlen_bwd_mean,pktlen_bwd_std,iat_fwd_mean,iat_fwd_std,pps,payload_entropy_fwd,iat_cv_fwd,small_pkt_ratio_fwd,small_pkt_ratio_bwd,ttl_fwd_first,label
50012,0.005471944808959961,1,1,88,189,88.0,0.0,189.0,0.0,0.0,0.0,365.500762494009,0.0,0.0,1.0,0.0,64,1
60938,0.0053670406341552734,2,2,168,287,84.0,0.0,143.5,6.363961030678928,0.00011801719665527344,0.0,745.2896806005953,0.0,0.0,1.0,0.0,64,1
54655,0.009530067443847656,2,2,168,287,84.0,0.0,143.5,6.363961030678928,0.00014901161193847656,0.0,419.7242069448614,0.0,0.0,1.0,0.0,64,1
33467,0.1591320037841797,2,2,168,344,84.0,0.0,172.0,33.94112549695428,0.00010800361633300781,0.0,25.13636418117966,0.0,0.0,1.0,0.0,64,1
36349,0.016518115997314453,2,2,168,287,84.0,0.0,143.5,6.363961030678928,0.00011610984802246094,0.0,242.15836725267746,0.0,0.0,1.0,0.0,64,1
48358,0.005821943283081055,1,1,89,195,89.0,0.0,195.0,0.0,0.0,0.0,343.5279085957656,0.0,0.0,1.0,0.0,64,1
55099,0.0032439231872558594,1,1,121,197,121.0,0.0,197.0,0.0,0.0,0.0,616.5374099661914,0.0,0.0,0.0,0.0,64,1
57472,0.005546092987060547,1,1,81,179,81.0,0.0,179.0,0.0,0.0,0.0,360.61422061731577,0.0,0.0,1.0,0.0,64,1
49868,0.0045871734619140625,1,1,82,130,82.0,0.0,130.0,0.0,0.0,0.0,435.9983367983368,0.0,0.0,1.0,0.0,64,1
