sport,dur,pkts_fwd,pkts_bwd,bytes_fwd,bytes_bwd,pktlen_fwd_mean,pktlen_fwd_std,pktlen_bwd_mean,pktlen_bwd_std,iat_fwd_mean,iat_fwd_std,pps,payload_entropy_fwd,iat_cv_fwd,small_pkt_ratio_fwd,small_pkt_ratio_bwd,ttl_fwd_first,label
43337,0.004767894744873047,1,1,88,189,88.0,0.0,189.0,0.0,0.0,0.0,419.4723472347235,0.0,0.0,1.0,0.0,64,1
59648,0.020787954330444336,2,2,168,287,84.0,0.0,143.5,6.363961030678928,0.00010800361633300781,0.0,192.41912582720693,0.0,0.0,1.0,0.0,64,1
43464,0.09374117851257324,2,2,168,287,84.0,0.0,143.5,6.363961030678928,0.00010800361633300781,0.0,42.670681801418695,0.0,0.0,1.0,0.0,64,1
57595,0.018638134002685547,2,2,168,344,84.0,0.0,172.0,33.94112549695428,0.00012493133544921875,0.0,214.61375905032364,0.0,0.0,1.0,0.0,64,1
59014,0.04420781135559082,2,2,168,287,84.0,0.0,143.5,6.363961030678928,6.4849853515625e-05,0.0,90.48174694344222,0.0,0.0,1.0,0.0,64,1
57159,0.005918025970458984,1,1,89,195,89.0,0.0,195.0,0.0,0.0,0.0,337.95052775763435,0.0,0.0,1.0,0.0,64,1
43866,0.009041070938110352,1,1,121,196,121.0,0.0,196.0,0.0,0.0,0.0,221.21273173175814,0.0,0.0,0.0,0.0,64,1
51369,0.006719827651977539,1,1,81,179,81.0,0.0,179.0,0.0,0.0,0.0,297.62668085861276,0.0,0.0,1.0,0.0,64,1
40950,0.004557132720947266,1,1,82,130,82.0,0.0,130.0,0.0,0.0,0.0,438.87244951344564,0.0,0.0,1.0,0.0,64,1
