sport,dur,pkts_fwd,pkts_bwd,bytes_fwd,bytes_bwd,pktlen_fwd_mean,pktlen_fwd_std,pktlen_bwd_mean,pktlen_bwd_std,iat_fwd_mean,iat_fwd_std,pps,payload_entropy_fwd,iat_cv_fwd,small_pkt_ratio_fwd,small_pkt_ratio_bwd,ttl_fwd_first,label
38207,0.0072138309478759766,1,1,88,189,88.0,0.0,189.0,0.0,0.0,0.0,277.24519945797664,0.0,0.0,1.0,0.0,64,1
50162,0.014058113098144531,2,2,168,287,84.0,0.0,143.5,6.363961030678928,0.0001380443572998047,0.0,284.5332067023947,0.0,0.0,1.0,0.0,64,1
35571,0.2860109806060791,2,2,168,287,84.0,0.0,143.5,6.363961030678928,0.00012493133544921875,0.0,13.985477031419194,0.0,0.0,1.0,0.0,64,1
43554,0.012639999389648438,2,2,168,344,84.0,0.0,172.0,33.94112549695428,0.0001461505889892578,0.0,316.4557114833258,0.0,0.0,1.0,0.0,64,1
35512,0.021044015884399414,2,2,168,287,84.0,0.0,143.5,6.363961030678928,0.00010704994201660156,0.0,190.07778847787912,0.0,0.0,1.0,0.0,64,1
41237,0.006810903549194336,1,1,82,130,82.0,0.0,130.0,0.0,0.0,0.0,293.64679525326426,0.0,0.0,1.0,0.0,64,1
