sport,dur,pkts_fwd,pkts_bwd,bytes_fwd,bytes_bwd,pktlen_fwd_mean,pktlen_fwd_std,pktlen_bwd_mean,pktlen_bwd_std,iat_fwd_mean,iat_fwd_std,pps,payload_entropy_fwd,iat_cv_fwd,small_pkt_ratio_fwd,small_pkt_ratio_bwd,ttl_fwd_first,label
39573,0.007380008697509766,1,1,88,189,88.0,0.0,189.0,0.0,0.0,0.0,271.0023906441817,0.0,0.0,1.0,0.0,64,1
48611,0.0435640811920166,2,2,168,287,84.0,0.0,143.5,6.363961030678928,0.00011706352233886719,0.0,91.81876193759885,0.0,0.0,1.0,0.0,64,1
43302,0.01822495460510254,2,2,168,287,84.0,0.0,143.5,6.363961030678928,0.00011682510375976562,0.0,219.4792846770712,0.0,0.0,1.0,0.0,64,1
55192,0.009723186492919922,2,2,168,344,84.0,0.0,172.0,33.94112549695428,0.00010800361633300781,0.0,411.38776911382473,0.0,0.0,1.0,0.0,64,1
59890,0.011469125747680664,2,2,168,287,84.0,0.0,143.5,6.363961030678928,0.00011897087097167969,0.0,348.7624155493192,0.0,0.0,1.0,0.0,64,1
34097,0.005667924880981445,1,1,89,195,89.0,0.0,195.0,0.0,0.0,0.0,352.8628275775039,0.0,0.0,1.0,0.0,64,1
49877,0.0033838748931884766,1,1,121,197,121.0,0.0,197.0,0.0,0.0,0.0,591.0383992108787,0.0,0.0,0.0,0.0,64,1
37988,0.006269931793212891,1,1,81,179,81.0,0.0,179.0,0.0,0.0,0.0,318.9827363297589,0.0,0.0,1.0,0.0,64,1
56275,0.005331993103027344,1,1,82,130,82.0,0.0,130.0,0.0,0.0,0.0,375.09425862994095,0.0,0.0,1.0,0.0,64,1
