sport,dur,pkts_fwd,pkts_bwd,bytes_fwd,bytes_bwd,pktlen_fwd_mean,pktlen_fwd_std,pktlen_bwd_mean,pktlen_bwd_std,iat_fwd_mean,iat_fwd_std,pps,payload_entropy_fwd,iat_cv_fwd,small_pkt_ratio_fwd,small_pkt_ratio_bwd,ttl_fwd_first,label
40209,0.005273103713989258,1,1,88,189,88.0,0.0,189.0,0.0,0.0,0.0,379.2832662657684,0.0,0.0,1.0,0.0,64,1
37001,0.09225583076477051,2,2,168,287,84.0,0.0,143.5,6.363961030678928,0.00011086463928222656,0.0,43.357693132686734,0.0,0.0,1.0,0.0,64,1
38633,0.02020096778869629,2,2,168,287,84.0,0.0,143.5,6.363961030678928,5.984306335449219e-05,0.0,198.01031524035454,0.0,0.0,1.0,0.0,64,1
45742,0.022368907928466797,2,2,168,344,84.0,0.0,172.0,33.94112549695428,0.000102996826171875,0.0,178.81963718530835,0.0,0.0,1.0,0.0,64,1
42046,0.0726170539855957,2,2,168,287,84.0,0.0,143.5,6.363961030678928,0.00010704994201660156,0.0,55.08347943712284,0.0,0.0,1.0,0.0,64,1
46911,0.020838022232055664,2,2,168,287,84.0,0.0,143.5,6.363961030678928,0.00010514259338378906,0.0,191.95679683298818,0.0,0.0,1.0,0.0,64,1
53130,0.005378007888793945,1,1,82,130,82.0,0.0,130.0,0.0,0.0,0.0,371.88491377399475,0.0,0.0,1.0,0.0,64,1
