sport,dur,pkts_fwd,pkts_bwd,bytes_fwd,bytes_bwd,pktlen_fwd_mean,pktlen_fwd_std,pktlen_bwd_mean,pktlen_bwd_std,iat_fwd_mean,iat_fwd_std,pps,payload_entropy_fwd,iat_cv_fwd,small_pkt_ratio_fwd,small_pkt_ratio_bwd,ttl_fwd_first,label
49182,0.0045239925384521484,1,1,88,189,88.0,0.0,189.0,0.0,0.0,0.0,442.08737812911727,0.0,0.0,1.0,0.0,64,1
47726,0.015153884887695312,2,2,168,287,84.0,0.0,143.5,6.363961030678928,0.00010704994201660156,0.0,263.95871617369414,0.0,0.0,1.0,0.0,64,1
54924,0.012253046035766602,2,2,168,287,84.0,0.0,143.5,6.363961030678928,0.0001010894775390625,0.0,326.44943863950346,0.0,0.0,1.0,0.0,64,1
40903,0.016177892684936523,2,2,168,344,84.0,0.0,172.0,33.94112549695428,9.989738464355469e-05,0.0,247.25099108392897,0.0,0.0,1.0,0.0,64,1
55116,0.011288166046142578,2,2,168,287,84.0,0.0,143.5,6.363961030678928,0.00010704994201660156,0.0,354.3533983863473,0.0,0.0,1.0,0.0,64,1
38982,0.005185842514038086,1,1,82,130,82.0,0.0,130.0,0.0,0.0,0.0,385.6653946944968,0.0,0.0,1.0,0.0,64,1
