sport,dur,pkts_fwd,pkts_bwd,bytes_fwd,bytes_bwd,pktlen_fwd_mean,pktlen_fwd_std,pktlen_bwd_mean,pktlen_bwd_std,iat_fwd_mean,iat_fwd_std,pps,payload_entropy_fwd,iat_cv_fwd,small_pkt_ratio_fwd,small_pkt_ratio_bwd,ttl_fwd_first,label
45783,0.007009983062744141,1,1,88,189,88.0,0.0,189.0,0.0,0.0,0.0,285.3073940548262,0.0,0.0,1.0,0.0,64,1
58401,0.2949361801147461,2,2,168,287,84.0,0.0,143.5,6.363961030678928,5.602836608886719e-05,0.0,13.562256073309772,0.0,0.0,1.0,0.0,64,1
53988,0.004085063934326172,2,2,168,287,84.0,0.0,143.5,6.363961030678928,0.0001850128173828125,0.0,979.1768413680402,0.0,0.0,1.0,0.0,64,1
51012,0.02598285675048828,2,2,168,344,84.0,0.0,172.0,33.94112549695428,0.002991914749145508,0.0,153.94766012112314,0.0,0.0,1.0,0.0,64,1
40161,0.020781993865966797,2,2,168,287,84.0,0.0,143.5,6.363961030678928,0.000102996826171875,0.0,192.47431337906983,0.0,0.0,1.0,0.0,64,1
47137,0.004271030426025391,1,1,89,195,89.0,0.0,195.0,0.0,0.0,0.0,468.2710729038741,0.0,0.0,1.0,0.0,64,1
57014,0.001964092254638672,1,1,121,197,121.0,0.0,197.0,0.0,0.0,0.0,1018.282107307599,0.0,0.0,0.0,0.0,64,1
38885,0.006247997283935547,1,1,81,179,81.0,0.0,179.0,0.0,0.0,0.0,320.1025719300923,0.0,0.0,1.0,0.0,64,1
51095,0.006575822830200195,1,1,82,130,82.0,0.0,130.0,0.0,0.0,0.0,304.14444726442116,0.0,0.0,1.0,0.0,64,1
