sport,dur,pkts_fwd,pkts_bwd,bytes_fwd,bytes_bwd,pktlen_fwd_mean,pktlen_fwd_std,pktlen_bwd_mean,pktlen_bwd_std,iat_fwd_mean,iat_fwd_std,pps,payload_entropy_fwd,iat_cv_fwd,small_pkt_ratio_fwd,small_pkt_ratio_bwd,ttl_fwd_first,label
54657,0.0068819522857666016,1,1,88,189,88.0,0.0,189.0,0.0,0.0,0.0,290.6152087302962,0.0,0.0,1.0,0.0,64,1
35335,0.26015591621398926,2,2,168,287,84.0,0.0,143.5,6.363961030678928,0.00013685226440429688,0.0,15.375395102334826,0.0,0.0,1.0,0.0,64,1
55554,0.020769119262695312,2,2,168,287,84.0,0.0,143.5,6.363961030678928,0.00010609626770019531,0.0,192.59362659564698,0.0,0.0,1.0,0.0,64,1
50761,0.02354288101196289,2,2,168,344,84.0,0.0,172.0,33.94112549695428,0.00010800361633300781,0.0,169.90274036416665,0.0,0.0,1.0,0.0,64,1
48587,0.013877153396606445,2,2,168,287,84.0,0.0,143.5,6.363961030678928,0.0001220703125,0.0,288.2435529593678,0.0,0.0,1.0,0.0,64,1
47767,0.007028102874755859,1,1,82,130,82.0,0.0,130.0,0.0,0.0,0.0,284.5718162697605,0.0,0.0,1.0,0.0,64,1
