sport,dur,pkts_fwd,pkts_bwd,bytes_fwd,bytes_bwd,pktlen_fwd_mean,pktlen_fwd_std,pktlen_bwd_mean,pktlen_bwd_std,iat_fwd_mean,iat_fwd_std,pps,payload_entropy_fwd,iat_cv_fwd,small_pkt_ratio_fwd,small_pkt_ratio_bwd,ttl_fwd_first,label
37698,0.005670070648193359,1,1,88,189,88.0,0.0,189.0,0.0,0.0,0.0,352.7292910604659,0.0,0.0,1.0,0.0,64,1
42400,0.020244121551513672,2,2,168,287,84.0,0.0,143.5,6.363961030678928,0.00010204315185546875,0.0,197.58822282416676,0.0,0.0,1.0,0.0,64,1
43451,0.011120080947875977,2,2,168,287,84.0,0.0,143.5,6.363961030678928,0.00010800361633300781,0.0,359.70961171501466,0.0,0.0,1.0,0.0,64,1
45481,0.016924142837524414,2,2,168,344,84.0,0.0,172.0,33.94112549695428,0.000102996826171875,0.0,236.34874973585968,0.0,0.0,1.0,0.0,64,1
42878,0.013815164566040039,2,2,168,287,84.0,0.0,143.5,6.363961030678928,0.000102996826171875,0.0,289.5369056864268,0.0,0.0,1.0,0.0,64,1
58433,0.004867076873779297,1,1,89,195,89.0,0.0,195.0,0.0,0.0,0.0,410.9242676594494,0.0,0.0,1.0,0.0,64,1
59910,0.00905299186706543,1,1,121,198,121.0,0.0,198.0,0.0,0.0,0.0,220.92144004635117,0.0,0.0,0.0,0.0,64,1
44048,0.007081031799316406,1,1,81,179,81.0,0.0,179.0,0.0,0.0,0.0,282.4447138047138,0.0,0.0,1.0,0.0,64,1
44394,0.004761934280395508,1,1,82,130,82.0,0.0,130.0,0.0,0.0,0.0,419.9973964852551,0.0,0.0,1.0,0.0,64,1
