sport,dur,pkts_fwd,pkts_bwd,bytes_fwd,bytes_bwd,pktlen_fwd_mean,pktlen_fwd_std,pktlen_bwd_mean,pktlen_bwd_std,iat_fwd_mean,iat_fwd_std,pps,payload_entropy_fwd,iat_cv_fwd,small_pkt_ratio_fwd,small_pkt_ratio_bwd,ttl_fwd_first,label
35641,0.005839109420776367,1,1,88,189,88.0,0.0,189.0,0.0,0.0,0.0,342.5179861990119,0.0,0.0,1.0,0.0,64,1
39878,0.02167201042175293,2,2,168,287,84.0,0.0,143.5,6.363961030678928,0.0001068115234375,0.0,184.56986325482129,0.0,0.0,1.0,0.0,64,1
45620,0.01719808578491211,2,2,168,287,84.0,0.0,143.5,6.363961030678928,0.00010323524475097656,0.0,232.58402417722573,0.0,0.0,1.0,0.0,64,1
41845,0.19315004348754883,2,2,168,344,84.0,0.0,172.0,33.94112549695428,0.00011587142944335938,0.0,20.70928863268858,0.0,0.0,1.0,0.0,64,1
35306,0.012209892272949219,2,2,168,287,84.0,0.0,143.5,6.363961030678928,0.00011491775512695312,0.0,327.60321799578224,0.0,0.0,1.0,0.0,64,1
55073,0.006205081939697266,1,1,89,195,89.0,0.0,195.0,0.0,0.0,0.0,322.31645277799123,0.0,0.0,1.0,0.0,64,1
53939,0.0021309852600097656,1,1,121,197,121.0,0.0,197.0,0.0,0.0,0.0,938.5330051465652,0.0,0.0,0.0,0.0,64,1
38874,0.0053119659423828125,1,1,81,179,81.0,0.0,179.0,0.0,0.0,0.0,376.5084380610413,0.0,0.0,1.0,0.0,64,1
47342,0.007091045379638672,1,1,82,130,82.0,0.0,130.0,0.0,0.0,0.0,282.0458610718849,0.0,0.0,1.0,0.0,64,1
