sport,dur,pkts_fwd,pkts_bwd,bytes_fwd,bytes_bwd,pktlen_fwd_mean,pktlen_fwd_std,pktlen_bwd_mean,pktlen_bwd_std,iat_fwd_mean,iat_fwd_std,pps,payload_entropy_fwd,iat_cv_fwd,small_pkt_ratio_fwd,small_pkt_ratio_bwd,ttl_fwd_first,label
47309,0.00595402717590332,1,1,88,189,88.0,0.0,189.0,0.0,0.0,0.0,335.90709966764103,0.0,0.0,1.0,0.0,64,1
45833,0.010022878646850586,2,2,168,287,84.0,0.0,143.5,6.363961030678928,0.00012087821960449219,0.0,399.0869430766669,0.0,0.0,1.0,0.0,64,1
41497,0.01170492172241211,2,2,168,287,84.0,0.0,143.5,6.363961030678928,0.00013494491577148438,0.0,341.73658695563614,0.0,0.0,1.0,0.0,64,1
51819,0.012949943542480469,2,2,168,344,84.0,0.0,172.0,33.94112549695428,8.702278137207031e-05,0.0,308.8816554974593,0.0,0.0,1.0,0.0,64,1
43243,0.021839141845703125,2,2,168,287,84.0,0.0,143.5,6.363961030678928,6.508827209472656e-05,0.0,183.15737991266374,0.0,0.0,1.0,0.0,64,1
37941,0.004901885986328125,1,1,82,130,82.0,0.0,130.0,0.0,0.0,0.0,408.0062256809339,0.0,0.0,1.0,0.0,64,1
