sport,dur,pkts_fwd,pkts_bwd,bytes_fwd,bytes_bwd,pktlen_fwd_mean,pktlen_fwd_std,pktlen_bwd_mean,pktlen_bwd_std,iat_fwd_mean,iat_fwd_std,pps,payload_entropy_fwd,iat_cv_fwd,small_pkt_ratio_fwd,small_pkt_ratio_bwd,ttl_fwd_first,label
49485,0.006141185760498047,1,1,88,189,88.0,0.0,189.0,0.0,0.0,0.0,325.6700054352046,0.0,0.0,1.0,0.0,64,1
51837,0.07473278045654297,2,2,168,287,84.0,0.0,143.5,6.363961030678928,0.00013184547424316406,0.0,53.52403557801514,0.0,0.0,1.0,0.0,64,1
51648,0.0055501461029052734,2,2,168,287,84.0,0.0,143.5,6.363961030678928,0.00010609626770019531,0.0,720.7017483568882,0.0,0.0,1.0,0.0,64,1
55983,0.017307043075561523,2,2,168,344,84.0,0.0,172.0,33.94112549695428,0.00011801719665527344,0.0,231.11978068906615,0.0,0.0,1.0,0.0,64,1
56770,0.04180002212524414,2,2,168,287,84.0,0.0,143.5,6.363961030678928,6.604194641113281e-05,0.0,95.69372925246118,0.0,0.0,1.0,0.0,64,1
50843,0.012634038925170898,1,1,82,130,82.0,0.0,130.0,0.0,0.0,0.0,158.30250419882623,0.0,0.0,1.0,0.0,64,1
