sport,dur,pkts_fwd,pkts_bwd,bytes_fwd,bytes_bwd,pktlen_fwd_mean,pktlen_fwd_std,pktlen_bwd_mean,pktlen_bwd_std,iat_fwd_mean,iat_fwd_std,pps,payload_entropy_fwd,iat_cv_fwd,small_pkt_ratio_fwd,small_pkt_ratio_bwd,ttl_fwd_first,label
35188,0.005547046661376953,1,1,88,189,88.0,0.0,189.0,0.0,0.0,0.0,360.5522221267085,0.0,0.0,1.0,0.0,64,1
58114,0.010154008865356445,2,2,168,287,84.0,0.0,143.5,6.363961030678928,7.605552673339844e-05,0.0,393.9330813120759,0.0,0.0,1.0,0.0,64,1
37447,0.01657891273498535,2,2,168,287,84.0,0.0,143.5,6.363961030678928,4.482269287109375e-05,0.0,241.27034528380574,0.0,0.0,1.0,0.0,64,1
54636,0.038012027740478516,2,2,168,344,84.0,0.0,172.0,33.94112549695428,0.000102996826171875,0.0,105.22985059648506,0.0,0.0,1.0,0.0,64,1
48894,0.017782926559448242,2,2,168,287,84.0,0.0,143.5,6.363961030678928,0.00011110305786132812,0.0,224.93485459932697,0.0,0.0,1.0,0.0,64,1
45744,0.005579948425292969,1,1,89,195,89.0,0.0,195.0,0.0,0.0,0.0,358.42625192274824,0.0,0.0,1.0,0.0,64,1
33888,0.0031900405883789062,1,1,121,196,121.0,0.0,196.0,0.0,0.0,0.0,626.9512705530643,0.0,0.0,0.0,0.0,64,1
38618,0.004432201385498047,1,1,81,179,81.0,0.0,179.0,0.0,0.0,0.0,451.24303388918776,0.0,0.0,1.0,0.0,64,1
38160,0.013725996017456055,1,1,82,130,82.0,0.0,130.0,0.0,0.0,0.0,145.70891594726513,0.0,0.0,1.0,0.0,64,1
