sport,dur,pkts_fwd,pkts_bwd,bytes_fwd,bytes_bwd,pktlen_fwd_mean,pktlen_fwd_std,pktlen_bwd_mean,pktlen_bwd_std,iat_fwd_mean,iat_fwd_std,pps,payload_entropy_fwd,iat_cv_fwd,small_pkt_ratio_fwd,small_pkt_ratio_bwd,ttl_fwd_first,label
44589,0.006611824035644531,1,1,88,189,88.0,0.0,189.0,0.0,0.0,0.0,302.4883888648493,0.0,0.0,1.0,0.0,64,1
54561,0.14124488830566406,2,2,168,287,84.0,0.0,143.5,6.363961030678928,0.00011301040649414062,0.0,28.319608928740227,0.0,0.0,1.0,0.0,64,1
50552,0.022327184677124023,2,2,168,287,84.0,0.0,143.5,6.363961030678928,0.00011301040649414062,0.0,179.15380097600564,0.0,0.0,1.0,0.0,64,1
40017,0.023152828216552734,2,2,168,344,84.0,0.0,172.0,33.94112549695428,0.00010395050048828125,0.0,172.76507053856452,0.0,0.0,1.0,0.0,64,1
56076,0.016738176345825195,2,2,168,287,84.0,0.0,143.5,6.363961030678928,0.00010800361633300781,0.0,238.9746599245068,0.0,0.0,1.0,0.0,64,1
48964,0.006303071975708008,1,1,82,130,82.0,0.0,130.0,0.0,0.0,0.0,317.305594432046,0.0,0.0,1.0,0.0,64,1
