sport,dur,pkts_fwd,pkts_bwd,bytes_fwd,bytes_bwd,pktlen_fwd_mean,pktlen_fwd_std,pktlen_bwd_mean,pktlen_bwd_std,iat_fwd_mean,iat_fwd_std,pps,payload_entropy_fwd,iat_cv_fwd,small_pkt_ratio_fwd,small_pkt_ratio_bwd,ttl_fwd_first,label
58525,0.005239009857177734,1,1,88,189,88.0,0.0,189.0,0.0,0.0,0.0,381.7515245289888,0.0,0.0,1.0,0.0,64,1
49194,0.015051126480102539,2,2,168,287,84.0,0.0,143.5,6.363961030678928,8.0108642578125e-05,0.0,265.7608389171379,0.0,0.0,1.0,0.0,64,1
46684,0.017004013061523438,2,2,168,287,84.0,0.0,143.5,6.363961030678928,0.00011301040649414062,0.0,235.2385866517106,0.0,0.0,1.0,0.0,64,1
36443,0.013923168182373047,2,2,168,344,84.0,0.0,172.0,33.94112549695428,0.00011014938354492188,0.0,287.2909346210487,0.0,0.0,1.0,0.0,64,1
52378,0.021693944931030273,2,2,168,287,84.0,0.0,143.5,6.363961030678928,0.00010895729064941406,0.0,184.38324669472806,0.0,0.0,1.0,0.0,64,1
52351,0.005137920379638672,1,1,89,195,89.0,0.0,195.0,0.0,0.0,0.0,389.26255220417636,0.0,0.0,1.0,0.0,64,1
55119,0.002385854721069336,1,1,121,198,121.0,0.0,198.0,0.0,0.0,0.0,838.2740081942641,0.0,0.0,0.0,0.0,64,1
51473,0.0061359405517578125,1,1,81,179,81.0,0.0,179.0,0.0,0.0,0.0,325.94839912962385,0.0,0.0,1.0,0.0,64,1
44204,0.005300998687744141,1,1,82,130,82.0,0.0,130.0,0.0,0.0,0.0,377.28739767923,0.0,0.0,1.0,0.0,64,1
