sport,dur,pkts_fwd,pkts_bwd,bytes_fwd,bytes_bwd,pktlen_fwd_mean,pktlen_fwd_std,pktlen_bwd_mean,pktlen_bwd_std,iat_fwd_mean,iat_fwd_std,pps,payload_entropy_fwd,iat_cv_fwd,small_pkt_ratio_fwd,small_pkt_ratio_bwd,ttl_fwd_first,label
38562,0.005491018295288086,1,1,88,189,88.0,0.0,189.0,0.0,0.0,0.0,364.23116668837656,0.0,0.0,1.0,0.0,64,1
36698,0.016667842864990234,2,2,168,287,84.0,0.0,143.5,6.363961030678928,0.00013399124145507812,0.0,239.9830639393506,0.0,0.0,1.0,0.0,64,1
40260,0.03832197189331055,2,2,168,287,84.0,0.0,143.5,6.363961030678928,0.0005578994750976562,0.0,104.37876242736446,0.0,0.0,1.0,0.0,64,1
37986,0.07528996467590332,2,2,168,344,84.0,0.0,172.0,33.94112549695428,9.894371032714844e-05,0.0,53.1279303585622,0.0,0.0,1.0,0.0,64,1
48541,0.02293086051940918,2,2,168,287,84.0,0.0,143.5,6.363961030678928,0.00010800361633300781,0.0,174.43741357260942,0.0,0.0,1.0,0.0,64,1
52218,0.19309496879577637,2,2,168,287,84.0,0.0,143.5,6.363961030678928,0.000102996826171875,0.0,20.71519535151914,0.0,0.0,1.0,0.0,64,1
35094,0.006239891052246094,1,1,82,130,82.0,0.0,130.0,0.0,0.0,0.0,320.5184166284579,0.0,0.0,1.0,0.0,64,1
