sport,dur,pkts_fwd,pkts_bwd,bytes_fwd,bytes_bwd,pktlen_fwd_mean,pktlen_fwd_std,pktlen_bwd_mean,pktlen_bwd_std,iat_fwd_mean,iat_fwd_std,pps,payload_entropy_fwd,iat_cv_fwd,small_pkt_ratio_fwd,small_pkt_ratio_bwd,ttl_fwd_first,label
52666,0.004255056381225586,1,1,88,189,88.0,0.0,189.0,0.0,0.0,0.0,470.029024485908,0.0,0.0,1.0,0.0,64,1
34735,0.009896993637084961,2,2,168,287,84.0,0.0,143.5,6.363961030678928,0.00011396408081054688,0.0,404.1631374816314,0.0,0.0,1.0,0.0,64,1
52918,0.04214906692504883,2,2,168,287,84.0,0.0,143.5,6.363961030678928,0.000102996826171875,0.0,94.90127046259319,0.0,0.0,1.0,0.0,64,1
51607,0.284412145614624,2,2,168,344,84.0,0.0,172.0,33.94112549695428,0.00010609626770019531,0.0,14.06409698627978,0.0,0.0,1.0,0.0,64,1
43423,0.04234910011291504,2,2,168,287,84.0,0.0,143.5,6.363961030678928,0.00011110305786132812,0.0,94.45301055594652,0.0,0.0,1.0,0.0,64,1
52127,0.0051479339599609375,1,1,89,195,89.0,0.0,195.0,0.0,0.0,0.0,388.5053723601334,0.0,0.0,1.0,0.0,64,1
38101,0.0017249584197998047,1,1,121,196,121.0,0.0,196.0,0.0,0.0,0.0,1159.4482377332413,0.0,0.0,0.0,0.0,64,1
34385,0.005312919616699219,1,1,81,179,81.0,0.0,179.0,0.0,0.0,0.0,376.44085442469935,0.0,0.0,1.0,0.0,64,1
58052,0.006320953369140625,1,1,82,130,82.0,0.0,130.0,0.0,0.0,0.0,316.4079662039831,0.0,0.0,1.0,0.0,64,1
