sport,dur,pkts_fwd,pkts_bwd,bytes_fwd,bytes_bwd,pktlen_fwd_mean,pktlen_fwd_std,pktlen_bwd_mean,pktlen_bwd_std,iat_fwd_mean,iat_fwd_std,pps,payload_entropy_fwd,iat_cv_fwd,small_pkt_ratio_fwd,small_pkt_ratio_bwd,ttl_fwd_first,label
56256,0.005224943161010742,1,1,88,189,88.0,0.0,189.0,0.0,0.0,0.0,382.7792835957107,0.0,0.0,1.0,0.0,64,1
56157,0.013844013214111328,2,2,168,287,84.0,0.0,143.5,6.363961030678928,0.00011396408081054688,0.0,288.93355836461956,0.0,0.0,1.0,0.0,64,1
48921,0.025596141815185547,2,2,168,287,84.0,0.0,143.5,6.363961030678928,0.00010919570922851562,0.0,156.27355204083534,0.0,0.0,1.0,0.0,64,1
48302,0.021121978759765625,2,2,168,344,84.0,0.0,172.0,33.94112549695428,0.00014209747314453125,0.0,189.37619649629764,0.0,0.0,1.0,0.0,64,1
58000,0.038388967514038086,2,2,168,287,84.0,0.0,143.5,6.363961030678928,0.00011014938354492188,0.0,104.19660280098128,0.0,0.0,1.0,0.0,64,1
35349,0.006124973297119141,1,1,82,130,82.0,0.0,130.0,0.0,0.0,0.0,326.5320358115998,0.0,0.0,1.0,0.0,64,1
