sport,dur,pkts_fwd,pkts_bwd,bytes_fwd,bytes_bwd,pktlen_fwd_mean,pktlen_fwd_std,pktlen_bwd_mean,pktlen_bwd_std,iat_fwd_mean,iat_fwd_std,pps,payload_entropy_fwd,iat_cv_fwd,small_pkt_ratio_fwd,small_pkt_ratio_bwd,ttl_fwd_first,label
56343,0.00523686408996582,1,1,88,189,88.0,0.0,189.0,0.0,0.0,0.0,381.9079444570908,0.0,0.0,1.0,0.0,64,1
59769,0.020921945571899414,2,2,168,287,84.0,0.0,143.5,6.363961030678928,0.00011610984802246094,0.0,191.18680842820189,0.0,0.0,1.0,0.0,64,1
41173,0.010818958282470703,2,2,168,287,84.0,0.0,143.5,6.363961030678928,0.0001220703125,0.0,369.72136277491296,0.0,0.0,1.0,0.0,64,1
44074,0.02033686637878418,2,2,168,344,84.0,0.0,172.0,33.94112549695428,0.00010895729064941406,0.0,196.68713583981054,0.0,0.0,1.0,0.0,64,1
59497,0.4700639247894287,2,2,168,287,84.0,0.0,143.5,6.363961030678928,6.29425048828125e-05,0.0,8.509480921753042,0.0,0.0,1.0,0.0,64,1
47263,0.0045621395111083984,1,1,89,195,89.0,0.0,195.0,0.0,0.0,0.0,438.39080219493076,0.0,0.0,1.0,0.0,64,1
48723,0.002454996109008789,1,1,121,198,121.0,0.0,198.0,0.0,0.0,0.0,814.6652423035836,0.0,0.0,0.0,0.0,64,1
40346,0.005948781967163086,1,1,81,179,81.0,0.0,179.0,0.0,0.0,0.0,336.2032784257144,0.0,0.0,1.0,0.0,64,1
56268,0.005619049072265625,1,1,82,130,82.0,0.0,130.0,0.0,0.0,0.0,355.93211133740664,0.0,0.0,1.0,0.0,64,1
