sport,dur,pkts_fwd,pkts_bwd,bytes_fwd,bytes_bwd,pktlen_fwd_mean,pktlen_fwd_std,pktlen_bwd_mean,pktlen_bwd_std,iat_fwd_mean,iat_fwd_std,pps,payload_entropy_fwd,iat_cv_fwd,small_pkt_ratio_fwd,small_pkt_ratio_bwd,ttl_fwd_first,label
55794,0.004602193832397461,1,1,88,189,88.0,0.0,189.0,0.0,0.0,0.0,434.5753509817127,0.0,0.0,1.0,0.0,64,1
36824,0.017812013626098633,2,2,168,287,84.0,0.0,143.5,6.363961030678928,0.00011587142944335938,0.0,224.56753537057114,0.0,0.0,1.0,0.0,64,1
48294,0.1610870361328125,2,2,168,287,84.0,0.0,143.5,6.363961030678928,9.989738464355469e-05,0.0,24.831296769915696,0.0,0.0,1.0,0.0,64,1
37701,0.00857090950012207,2,2,168,344,84.0,0.0,172.0,33.94112549695428,0.00010991096496582031,0.0,466.69492892709115,0.0,0.0,1.0,0.0,64,1
57267,0.13650107383728027,2,2,168,287,84.0,0.0,143.5,6.363961030678928,0.00010800361633300781,0.0,29.303798772808967,0.0,0.0,1.0,0.0,64,1
34341,0.006777048110961914,1,1,89,195,89.0,0.0,195.0,0.0,0.0,0.0,295.1137379067722,0.0,0.0,1.0,0.0,64,1
56786,0.0065500736236572266,1,1,121,197,121.0,0.0,197.0,0.0,0.0,0.0,305.34007935063516,0.0,0.0,0.0,0.0,64,1
56185,0.004374027252197266,1,1,81,179,81.0,0.0,179.0,0.0,0.0,0.0,457.24452196664123,0.0,0.0,1.0,0.0,64,1
41439,0.005936861038208008,1,1,82,130,82.0,0.0,130.0,0.0,0.0,0.0,336.8783582988635,0.0,0.0,1.0,0.0,64,1
