sport,dur,pkts_fwd,pkts_bwd,bytes_fwd,bytes_bwd,pktlen_fwd_mean,pktlen_fwd_std,pktlen_bwd_mean,pktlen_bwd_std,iat_fwd_mean,iat_fwd_std,pps,payload_entropy_fwd,iat_cv_fwd,small_pkt_ratio_fwd,small_pkt_ratio_bwd,ttl_fwd_first,label
49806,0.004953861236572266,1,1,88,189,88.0,0.0,189.0,0.0,0.0,0.0,403.7254788718837,0.0,0.0,1.0,0.0,64,1
34112,0.01689291000366211,2,2,168,287,84.0,0.0,143.5,6.363961030678928,0.00010585784912109375,0.0,236.7857283992435,0.0,0.0,1.0,0.0,64,1
34108,0.00569915771484375,2,2,168,287,84.0,0.0,143.5,6.363961030678928,0.000102996826171875,0.0,701.8580990629183,0.0,0.0,1.0,0.0,64,1
33539,0.01985907554626465,2,2,168,344,84.0,0.0,172.0,33.94112549695428,0.000102996826171875,0.0,201.4192448526322,0.0,0.0,1.0,0.0,64,1
52733,0.015099048614501953,2,2,168,287,84.0,0.0,143.5,6.363961030678928,0.00010609626770019531,0.0,264.9173535449234,0.0,0.0,1.0,0.0,64,1
42188,0.1088860034942627,2,2,168,287,84.0,0.0,143.5,6.363961030678928,0.000102996826171875,0.0,36.73566731844248,0.0,0.0,1.0,0.0,64,1
44180,0.0064809322357177734,1,1,82,130,82.0,0.0,130.0,0.0,0.0,0.0,308.59757936945886,0.0,0.0,1.0,0.0,64,1
