sport,dur,pkts_fwd,pkts_bwd,bytes_fwd,bytes_bwd,pktlen_fwd_mean,pktlen_fwd_std,pktlen_bwd_mean,pktlen_bwd_std,iat_fwd_mean,iat_fwd_std,pps,payload_entropy_fwd,iat_cv_fwd,small_pkt_ratio_fwd,small_pkt_ratio_bwd,ttl_fwd_first,label
57374,0.004190921783447266,1,1,88,189,88.0,0.0,189.0,0.0,0.0,0.0,477.2219820229833,0.0,0.0,1.0,0.0,64,1
33747,0.02168893814086914,2,2,168,287,84.0,0.0,143.5,6.363961030678928,0.00010895729064941406,0.0,184.42581070682644,0.0,0.0,1.0,0.0,64,1
59831,0.020637989044189453,2,2,168,287,84.0,0.0,143.5,6.363961030678928,0.00010800361633300781,0.0,193.81733324091402,0.0,0.0,1.0,0.0,64,1
59086,0.01835799217224121,2,2,168,344,84.0,0.0,172.0,33.94112549695428,0.0001010894775390625,0.0,217.88875180197147,0.0,0.0,1.0,0.0,64,1
50946,0.014667034149169922,2,2,168,287,84.0,0.0,143.5,6.363961030678928,0.00010704994201660156,0.0,272.72043954614907,0.0,0.0,1.0,0.0,64,1
47342,0.006989955902099609,1,1,89,195,89.0,0.0,195.0,0.0,0.0,0.0,286.1248379834914,0.0,0.0,1.0,0.0,64,1
37880,0.009598970413208008,1,1,121,198,121.0,0.0,198.0,0.0,0.0,0.0,208.35567919326397,0.0,0.0,0.0,0.0,64,1
60331,0.0058939456939697266,1,1,81,179,81.0,0.0,179.0,0.0,0.0,0.0,339.33125682618015,0.0,0.0,1.0,0.0,64,1
36854,0.0059659481048583984,1,1,82,130,82.0,0.0,130.0,0.0,0.0,0.0,335.2359029692683,0.0,0.0,1.0,0.0,64,1
