sport,dur,pkts_fwd,pkts_bwd,bytes_fwd,bytes_bwd,pktlen_fwd_mean,pktlen_fwd_std,pktlen_bwd_mean,pktlen_bwd_std,iat_fwd_mean,iat_fwd_std,pps,payload_entropy_fwd,iat_cv_fwd,small_pkt_ratio_fwd,small_pkt_ratio_bwd,ttl_fwd_first,label
48040,0.006272077560424805,1,1,88,189,88.0,0.0,189.0,0.0,0.0,0.0,318.8736077850002,0.0,0.0,1.0,0.0,64,1
44519,0.011561155319213867,2,2,168,287,84.0,0.0,143.5,6.363961030678928,7.319450378417969e-05,0.0,345.9861830030315,0.0,0.0,1.0,0.0,64,1
60083,0.0386810302734375,2,2,168,287,84.0,0.0,143.5,6.363961030678928,0.00010609626770019531,0.0,103.40986193293885,0.0,0.0,1.0,0.0,64,1
36938,0.019057035446166992,2,2,168,344,84.0,0.0,172.0,33.94112549695428,0.00011110305786132812,0.0,209.89623550312143,0.0,0.0,1.0,0.0,64,1
33845,0.018373966217041016,2,2,168,287,84.0,0.0,143.5,6.363961030678928,0.00012302398681640625,0.0,217.6993226585005,0.0,0.0,1.0,0.0,64,1
38263,0.009002923965454102,1,1,82,130,82.0,0.0,130.0,0.0,0.0,0.0,222.1500489923466,0.0,0.0,1.0,0.0,64,1
