sport,dur,pkts_fwd,pkts_bwd,bytes_fwd,bytes_bwd,pktlen_fwd_mean,pktlen_fwd_std,pktlen_bwd_mean,pktlen_bwd_std,iat_fwd_mean,iat_fwd_std,pps,payload_entropy_fwd,iat_cv_fwd,small_pkt_ratio_fwd,small_pkt_ratio_bwd,ttl_fwd_first,label
55611,0.005114078521728516,1,1,88,189,88.0,0.0,189.0,0.0,0.0,0.0,391.07729603729604,0.0,0.0,1.0,0.0,64,1
38744,0.011574029922485352,2,2,168,287,84.0,0.0,143.5,6.363961030678928,6.914138793945312e-05,0.0,345.60131836440416,0.0,0.0,1.0,0.0,64,1
50553,0.006258964538574219,2,2,168,287,84.0,0.0,143.5,6.363961030678928,0.00010704994201660156,0.0,639.0833460307786,0.0,0.0,1.0,0.0,64,1
47545,0.027423858642578125,2,2,168,344,84.0,0.0,172.0,33.94112549695428,0.00010895729064941406,0.0,145.85839476978717,0.0,0.0,1.0,0.0,64,1
43739,0.021638870239257812,2,2,168,287,84.0,0.0,143.5,6.363961030678928,0.0001239776611328125,0.0,184.85253415601588,0.0,0.0,1.0,0.0,64,1
60326,0.006431102752685547,1,1,82,130,82.0,0.0,130.0,0.0,0.0,0.0,310.9886557425669,0.0,0.0,1.0,0.0,64,1
