sport,dur,pkts_fwd,pkts_bwd,bytes_fwd,bytes_bwd,pktlen_fwd_mean,pktlen_fwd_std,pktlen_bwd_mean,pktlen_bwd_std,iat_fwd_mean,iat_fwd_std,pps,payload_entropy_fwd,iat_cv_fwd,small_pkt_ratio_fwd,small_pkt_ratio_bwd,ttl_fwd_first,label
56842,0.006197214126586914,1,1,88,189,88.0,0.0,189.0,0.0,0.0,0.0,322.725656907629,0.0,0.0,1.0,0.0,64,1
59912,0.020943880081176758,2,2,168,287,84.0,0.0,143.5,6.363961030678928,0.00011801719665527344,0.0,190.98657863281917,0.0,0.0,1.0,0.0,64,1
60935,0.018002033233642578,2,2,168,287,84.0,0.0,143.5,6.363961030678928,0.00010895729064941406,0.0,222.19712340741134,0.0,0.0,1.0,0.0,64,1
58356,0.02324199676513672,2,2,168,344,84.0,0.0,172.0,33.94112549695428,0.00010895729064941406,0.0,172.10225267736243,0.0,0.0,1.0,0.0,64,1
46624,0.00857400894165039,2,2,168,287,84.0,0.0,143.5,6.363961030678928,0.00010991096496582031,0.0,466.52622212335245,0.0,0.0,1.0,0.0,64,1
37680,0.005349874496459961,1,1,82,130,82.0,0.0,130.0,0.0,0.0,0.0,373.84054547885376,0.0,0.0,1.0,0.0,64,1
