sport,dur,pkts_fwd,pkts_bwd,bytes_fwd,bytes_bwd,pktlen_fwd_mean,pktlen_fwd_std,pktlen_bwd_mean,pktlen_bwd_std,iat_fwd_mean,iat_fwd_std,pps,payload_entropy_fwd,iat_cv_fwd,small_pkt_ratio_fwd,small_pkt_ratio_bwd,ttl_fwd_first,label
58996,0.029154062271118164,1,1,88,189,88.0,0.0,189.0,0.0,0.0,0.0,68.60107457413662,0.0,0.0,1.0,0.0,64,1
55868,0.04904603958129883,2,2,168,287,84.0,0.0,143.5,6.363961030678928,0.00010395050048828125,0.0,81.5560243833672,0.0,0.0,1.0,0.0,64,1
49806,0.042814016342163086,2,2,168,287,84.0,0.0,143.5,6.363961030678928,0.00010514259338378906,0.0,93.42734790477516,0.0,0.0,1.0,0.0,64,1
52206,0.05265378952026367,2,2,168,344,84.0,0.0,172.0,33.94112549695428,0.00010800361633300781,0.0,75.96794146147089,0.0,0.0,1.0,0.0,64,1
49204,0.14839601516723633,2,2,168,287,84.0,0.0,143.5,6.363961030678928,0.00010800361633300781,0.0,26.954901689861153,0.0,0.0,1.0,0.0,64,1
47270,0.003756999969482422,1,1,89,195,89.0,0.0,195.0,0.0,0.0,0.0,532.3396370097728,0.0,0.0,1.0,0.0,64,1
38709,0.002395153045654297,1,1,121,196,121.0,0.0,196.0,0.0,0.0,0.0,835.0197093370496,0.0,0.0,0.0,0.0,64,1
43812,0.005486011505126953,1,1,81,179,81.0,0.0,179.0,0.0,0.0,0.0,364.56358105171665,0.0,0.0,1.0,0.0,64,1
35886,0.00506901741027832,1,1,82,130,82.0,0.0,130.0,0.0,0.0,0.0,394.55378392361604,0.0,0.0,1.0,0.0,64,1
