sport,dur,pkts_fwd,pkts_bwd,bytes_fwd,bytes_bwd,pktlen_fwd_mean,pktlen_fwd_std,pktlen_bwd_mean,pktlen_bwd_std,iat_fwd_mean,iat_fwd_std,pps,payload_entropy_fwd,iat_cv_fwd,small_pkt_ratio_fwd,small_pkt_ratio_bwd,ttl_fwd_first,label
42636,0.004410982131958008,1,1,88,189,88.0,0.0,189.0,0.0,0.0,0.0,453.4137614183017,0.0,0.0,1.0,0.0,64,1
36304,0.005847930908203125,2,2,168,287,84.0,0.0,143.5,6.363961030678928,0.00011491775512695312,0.0,684.0026092628832,0.0,0.0,1.0,0.0,64,1
45849,0.012386083602905273,2,2,168,287,84.0,0.0,143.5,6.363961030678928,0.00010895729064941406,0.0,322.9430809801544,0.0,0.0,1.0,0.0,64,1
48951,0.014831066131591797,2,2,168,344,84.0,0.0,172.0,33.94112549695428,0.00013303756713867188,0.0,269.70414429476256,0.0,0.0,1.0,0.0,64,1
36842,0.02183079719543457,2,2,168,287,84.0,0.0,143.5,6.363961030678928,0.00011777877807617188,0.0,183.2273903784197,0.0,0.0,1.0,0.0,64,1
49399,0.005767107009887695,1,1,82,130,82.0,0.0,130.0,0.0,0.0,0.0,346.7943280003307,0.0,0.0,1.0,0.0,64,1
