sport,dur,pkts_fwd,pkts_bwd,bytes_fwd,bytes_bwd,pktlen_fwd_mean,pktlen_fwd_std,pktlen_bwd_mean,pktlen_bwd_std,iat_fwd_mean,iat_fwd_std,pps,payload_entropy_fwd,iat_cv_fwd,small_pkt_ratio_fwd,small_pkt_ratio_bwd,ttl_fwd_first,label
57714,0.0065670013427734375,1,1,88,189,88.0,0.0,189.0,0.0,0.0,0.0,304.553006099332,0.0,0.0,1.0,0.0,64,1
42279,0.018360137939453125,2,2,168,287,84.0,0.0,143.5,6.363961030678928,6.914138793945312e-05,0.0,217.86328693122792,0.0,0.0,1.0,0.0,64,1
53626,0.020997047424316406,2,2,168,287,84.0,0.0,143.5,6.363961030678928,0.00010013580322265625,0.0,190.50297497388382,0.0,0.0,1.0,0.0,64,1
53204,0.10901904106140137,2,2,168,344,84.0,0.0,172.0,33.94112549695428,0.00010895729064941406,0.0,36.690838233911194,0.0,0.0,1.0,0.0,64,1
42019,0.021198034286499023,2,2,168,287,84.0,0.0,143.5,6.363961030678928,0.00010514259338378906,0.0,188.69674168550574,0.0,0.0,1.0,0.0,64,1
57915,0.006891965866088867,1,1,89,195,89.0,0.0,195.0,0.0,0.0,0.0,290.19296364202444,0.0,0.0,1.0,0.0,64,1
56178,0.004187107086181641,1,1,82,130,82.0,0.0,130.0,0.0,0.0,0.0,477.65675891128575,0.0,0.0,1.0,0.0,64,1
