sport,dur,pkts_fwd,pkts_bwd,bytes_fwd,bytes_bwd,pktlen_fwd_mean,pktlen_fwd_std,pktlen_bwd_mean,pktlen_bwd_std,iat_fwd_mean,iat_fwd_std,pps,payload_entropy_fwd,iat_cv_fwd,small_pkt_ratio_fwd,small_pkt_ratio_bwd,ttl_fwd_first,label
37509,0.005290985107421875,1,1,88,189,88.0,0.0,189.0,0.0,0.0,0.0,378.00144196106703,0.0,0.0,1.0,0.0,64,1
53960,0.02217388153076172,2,2,168,287,84.0,0.0,143.5,6.363961030678928,0.00011086463928222656,0.0,180.3924132295385,0.0,0.0,1.0,0.0,64,1
43068,0.02206897735595703,2,2,168,287,84.0,0.0,143.5,6.363961030678928,7.891654968261719e-05,0.0,181.24990276997536,0.0,0.0,1.0,0.0,64,1
40886,0.3049740791320801,2,2,168,344,84.0,0.0,172.0,33.94112549695428,0.00011205673217773438,0.0,13.11586876951485,0.0,0.0,1.0,0.0,64,1
54755,0.01599597930908203,2,2,168,287,84.0,0.0,143.5,6.363961030678928,0.00011301040649414062,0.0,250.06283908662732,0.0,0.0,1.0,0.0,64,1
42688,0.0059931278228759766,1,1,82,130,82.0,0.0,130.0,0.0,0.0,0.0,333.71555873811513,0.0,0.0,1.0,0.0,64,1
