sport,dur,pkts_fwd,pkts_bwd,bytes_fwd,bytes_bwd,pktlen_fwd_mean,pktlen_fwd_std,pktlen_bwd_mean,pktlen_bwd_std,iat_fwd_mean,iat_fwd_std,pps,payload_entropy_fwd,iat_cv_fwd,small_pkt_ratio_fwd,small_pkt_ratio_bwd,ttl_fwd_first,label
53757,0.008935928344726562,1,1,88,189,88.0,0.0,189.0,0.0,0.0,0.0,223.81558164354323,0.0,0.0,1.0,0.0,64,1
41923,0.04035496711730957,2,2,168,287,84.0,0.0,143.5,6.363961030678928,0.0001010894775390625,0.0,99.12038803977289,0.0,0.0,1.0,0.0,64,1
37694,0.010912895202636719,2,2,168,287,84.0,0.0,143.5,6.363961030678928,0.00010895729064941406,0.0,366.5388447085555,0.0,0.0,1.0,0.0,64,1
51604,0.0408167839050293,2,2,168,344,84.0,0.0,172.0,33.94112549695428,0.0001049041748046875,0.0,97.9989018563301,0.0,0.0,1.0,0.0,64,1
34444,0.0126800537109375,2,2,168,287,84.0,0.0,143.5,6.363961030678928,0.00010204315185546875,0.0,315.4560770156438,0.0,0.0,1.0,0.0,64,1
46482,0.007462024688720703,1,1,82,130,82.0,0.0,130.0,0.0,0.0,0.0,268.023771486996,0.0,0.0,1.0,0.0,64,1
46231,0.005921840667724609,1,1,89,195,89.0,0.0,195.0,0.0,0.0,0.0,337.7328287301715,0.0,0.0,1.0,0.0,64,1
57148,0.002482891082763672,1,1,121,195,121.0,0.0,195.0,0.0,0.0,0.0,805.5125792202804,0.0,0.0,0.0,0.0,64,1
42863,0.005316019058227539,1,1,81,179,81.0,0.0,179.0,0.0,0.0,0.0,376.22137507287977,0.0,0.0,1.0,0.0,64,1
