sport,dur,pkts_fwd,pkts_bwd,bytes_fwd,bytes_bwd,pktlen_fwd_mean,pktlen_fwd_std,pktlen_bwd_mean,pktlen_bwd_std,iat_fwd_mean,iat_fwd_std,pps,payload_entropy_fwd,iat_cv_fwd,small_pkt_ratio_fwd,small_pkt_ratio_bwd,ttl_fwd_first,label
52653,0.0059549808502197266,1,1,88,189,88.0,0.0,189.0,0.0,0.0,0.0,335.8533050406374,0.0,0.0,1.0,0.0,64,1
52887,0.005383014678955078,2,2,168,287,84.0,0.0,143.5,6.363961030678928,8.0108642578125e-05,0.0,743.0780405704668,0.0,0.0,1.0,0.0,64,1
54156,0.023792028427124023,2,2,168,287,84.0,0.0,143.5,6.363961030678928,0.00012111663818359375,0.0,168.12353819482718,0.0,0.0,1.0,0.0,64,1
45520,0.09340190887451172,2,2,168,344,84.0,0.0,172.0,33.94112549695428,0.000125885009765625,0.0,42.82567720724124,0.0,0.0,1.0,0.0,64,1
58591,0.015325069427490234,2,2,168,287,84.0,0.0,143.5,6.363961030678928,0.0001990795135498047,0.0,261.0102367839696,0.0,0.0,1.0,0.0,64,1
51308,0.00568389892578125,1,1,82,130,82.0,0.0,130.0,0.0,0.0,0.0,351.8711409395973,0.0,0.0,1.0,0.0,64,1
