sport,dur,pkts_fwd,pkts_bwd,bytes_fwd,bytes_bwd,pktlen_fwd_mean,pktlen_fwd_std,pktlen_bwd_mean,pktlen_bwd_std,iat_fwd_mean,iat_fwd_std,pps,payload_entropy_fwd,iat_cv_fwd,small_pkt_ratio_fwd,small_pkt_ratio_bwd,ttl_fwd_first,label
44578,0.005972862243652344,1,1,88,189,88.0,0.0,189.0,0.0,0.0,0.0,334.84783650007984,0.0,0.0,1.0,0.0,64,1
58810,0.09372305870056152,2,2,168,287,84.0,0.0,143.5,6.363961030678928,0.00011110305786132812,0.0,42.67893147597449,0.0,0.0,1.0,0.0,64,1
35864,0.02178192138671875,2,2,168,287,84.0,0.0,143.5,6.363961030678928,0.00011301040649414062,0.0,183.6385288966725,0.0,0.0,1.0,0.0,64,1
53149,0.016546010971069336,2,2,168,344,84.0,0.0,172.0,33.94112549695428,0.00011801719665527344,0.0,241.75011167307886,0.0,0.0,1.0,0.0,64,1
47127,0.007425069808959961,2,2,168,287,84.0,0.0,143.5,6.363961030678928,0.00013113021850585938,0.0,538.7154737822303,0.0,0.0,1.0,0.0,64,1
51025,0.005149126052856445,1,1,89,195,89.0,0.0,195.0,0.0,0.0,0.0,388.41542806871325,0.0,0.0,1.0,0.0,64,1
46196,0.0020859241485595703,1,1,121,198,121.0,0.0,198.0,0.0,0.0,0.0,958.8076351583038,0.0,0.0,0.0,0.0,64,1
48880,0.0038709640502929688,1,1,81,179,81.0,0.0,179.0,0.0,0.0,0.0,516.6671593988667,0.0,0.0,1.0,0.0,64,1
54231,0.007539987564086914,1,1,82,130,82.0,0.0,130.0,0.0,0.0,0.0,265.2524268774703,0.0,0.0,1.0,0.0,64,1
