sport,dur,pkts_fwd,pkts_bwd,bytes_fwd,bytes_bwd,pktlen_fwd_mean,pktlen_fwd_std,pktlen_bwd_mean,pktlen_bwd_std,iat_fwd_mean,iat_fwd_std,pps,payload_entropy_fwd,iat_cv_fwd,small_pkt_ratio_fwd,small_pkt_ratio_bwd,ttl_fwd_first,label
51953,0.0062029361724853516,1,1,88,189,88.0,0.0,189.0,0.0,0.0,0.0,322.4279509551447,0.0,0.0,1.0,0.0,64,1
36650,0.018188953399658203,2,2,168,287,84.0,0.0,143.5,6.363961030678928,0.000102996826171875,0.0,219.91369773233714,0.0,0.0,1.0,0.0,64,1
51864,0.01992201805114746,2,2,168,287,84.0,0.0,143.5,6.363961030678928,0.00010395050048828125,0.0,200.78287198267094,0.0,0.0,1.0,0.0,64,1
37395,0.020219087600708008,2,2,168,344,84.0,0.0,172.0,33.94112549695428,0.00010704994201660156,0.0,197.8328636283238,0.0,0.0,1.0,0.0,64,1
54992,0.016049861907958984,2,2,168,287,84.0,0.0,143.5,6.363961030678928,0.00010895729064941406,0.0,249.2233280846133,0.0,0.0,1.0,0.0,64,1
51295,0.005190134048461914,1,1,82,130,82.0,0.0,130.0,0.0,0.0,0.0,385.34650190638064,0.0,0.0,1.0,0.0,64,1
