sport,dur,pkts_fwd,pkts_bwd,bytes_fwd,bytes_bwd,pktlen_fwd_mean,pktlen_fwd_std,pktlen_bwd_mean,pktlen_bwd_std,iat_fwd_mean,iat_fwd_std,pps,payload_entropy_fwd,iat_cv_fwd,small_pkt_ratio_fwd,small_pkt_ratio_bwd,ttl_fwd_first,label
37214,0.007084846496582031,1,1,88,189,88.0,0.0,189.0,0.0,0.0,0.0,282.2926369632521,0.0,0.0,1.0,0.0,64,1
53630,0.012840986251831055,2,2,168,287,84.0,0.0,143.5,6.363961030678928,0.0001220703125,0.0,311.5025529623647,0.0,0.0,1.0,0.0,64,1
57648,0.021528005599975586,2,2,168,287,84.0,0.0,143.5,6.363961030678928,0.00011610984802246094,0.0,185.80448529818926,0.0,0.0,1.0,0.0,64,1
34322,0.013109922409057617,2,2,168,344,84.0,0.0,172.0,33.94112549695428,0.00010395050048828125,0.0,305.11240838743703,0.0,0.0,1.0,0.0,64,1
58315,0.022530794143676758,2,2,168,287,84.0,0.0,143.5,6.363961030678928,0.00010180473327636719,0.0,177.53479857356007,0.0,0.0,1.0,0.0,64,1
55811,0.003701925277709961,1,1,89,195,89.0,0.0,195.0,0.0,0.0,0.0,540.2594190764474,0.0,0.0,1.0,0.0,64,1
44974,0.002872943878173828,1,1,121,197,121.0,0.0,197.0,0.0,0.0,0.0,696.1500414937759,0.0,0.0,0.0,0.0,64,1
49353,0.004939079284667969,1,1,81,179,81.0,0.0,179.0,0.0,0.0,0.0,404.9337709982622,0.0,0.0,1.0,0.0,64,1
34739,0.0062961578369140625,1,1,82,130,82.0,0.0,130.0,0.0,0.0,0.0,317.6540442290215,0.0,0.0,1.0,0.0,64,1
