sport,dur,pkts_fwd,pkts_bwd,bytes_fwd,bytes_bwd,pktlen_fwd_mean,pktlen_fwd_std,pktlen_bwd_mean,pktlen_bwd_std,iat_fwd_mean,iat_fwd_std,pps,payload_entropy_fwd,iat_cv_fwd,small_pkt_ratio_fwd,small_pkt_ratio_bwd,ttl_fwd_first,label
57416,0.006170034408569336,1,1,88,189,88.0,0.0,189.0,0.0,0.0,0.0,324.1473009003439,0.0,0.0,1.0,0.0,64,1
46970,0.012313127517700195,2,2,168,287,84.0,0.0,143.5,6.363961030678928,7.510185241699219e-05,0.0,324.85653983928745,0.0,0.0,1.0,0.0,64,1
41136,0.07256007194519043,2,2,168,287,84.0,0.0,143.5,6.363961030678928,0.00013208389282226562,0.0,55.12673696108616,0.0,0.0,1.0,0.0,64,1
55007,0.012669086456298828,2,2,168,344,84.0,0.0,172.0,33.94112549695428,0.00011491775512695312,0.0,315.72915804132634,0.0,0.0,1.0,0.0,64,1
54698,0.012929916381835938,2,2,168,287,84.0,0.0,143.5,6.363961030678928,0.00011205673217773438,0.0,309.3600826080543,0.0,0.0,1.0,0.0,64,1
51890,0.006510019302368164,1,1,82,130,82.0,0.0,130.0,0.0,0.0,0.0,307.21875114447903,0.0,0.0,1.0,0.0,64,1
