sport,dur,pkts_fwd,pkts_bwd,bytes_fwd,bytes_bwd,pktlen_fwd_mean,pktlen_fwd_std,pktlen_bwd_mean,pktlen_bwd_std,iat_fwd_mean,iat_fwd_std,pps,payload_entropy_fwd,iat_cv_fwd,small_pkt_ratio_fwd,small_pkt_ratio_bwd,ttl_fwd_first,label
57487,0.005793094635009766,1,1,88,189,88.0,0.0,189.0,0.0,0.0,0.0,345.2386204625895,0.0,0.0,1.0,0.0,64,1
43199,0.020910024642944336,2,2,168,287,84.0,0.0,143.5,6.363961030678928,0.00010895729064941406,0.0,191.29580516059883,0.0,0.0,1.0,0.0,64,1
48679,0.2221980094909668,2,2,168,287,84.0,0.0,143.5,6.363961030678928,0.0001010894775390625,0.0,18.001961444945415,0.0,0.0,1.0,0.0,64,1
57077,0.005990028381347656,2,2,168,344,84.0,0.0,172.0,33.94112549695428,0.00012803077697753906,0.0,667.7764687151728,0.0,0.0,1.0,0.0,64,1
58705,0.01831197738647461,2,2,168,287,84.0,0.0,143.5,6.363961030678928,0.000102996826171875,0.0,218.43626799989585,0.0,0.0,1.0,0.0,64,1
57480,0.0047719478607177734,1,1,89,195,89.0,0.0,195.0,0.0,0.0,0.0,419.1160629527854,0.0,0.0,1.0,0.0,64,1
34636,0.0025620460510253906,1,1,121,197,121.0,0.0,197.0,0.0,0.0,0.0,780.6260934301135,0.0,0.0,0.0,0.0,64,1
57989,0.004210948944091797,1,1,81,179,81.0,0.0,179.0,0.0,0.0,0.0,474.95232702978143,0.0,0.0,1.0,0.0,64,1
47711,0.006143093109130859,1,1,82,130,82.0,0.0,130.0,0.0,0.0,0.0,325.5688892338741,0.0,0.0,1.0,0.0,64,1
