sport,dur,pkts_fwd,pkts_bwd,bytes_fwd,bytes_bwd,pktlen_fwd_mean,pktlen_fwd_std,pktlen_bwd_mean,pktlen_bwd_std,iat_fwd_mean,iat_fwd_std,pps,payload_entropy_fwd,iat_cv_fwd,small_pkt_ratio_fwd,small_pkt_ratio_bwd,ttl_fwd_first,label
51169,0.004801034927368164,1,1,88,189,88.0,0.0,189.0,0.0,0.0,0.0,416.57684858717784,0.0,0.0,1.0,0.0,64,1
56732,0.010769128799438477,2,2,168,287,84.0,0.0,143.5,6.363961030678928,0.00010895729064941406,0.0,371.43208837919815,0.0,0.0,1.0,0.0,64,1
57371,0.021020889282226562,2,2,168,287,84.0,0.0,143.5,6.363961030678928,0.00010085105895996094,0.0,190.2869068142637,0.0,0.0,1.0,0.0,64,1
57777,0.2857508659362793,2,2,168,344,84.0,0.0,172.0,33.94112549695428,0.000102996826171875,0.0,13.998207798579255,0.0,0.0,1.0,0.0,64,1
57918,0.13587498664855957,2,2,168,287,84.0,0.0,143.5,6.363961030678928,0.00010514259338378906,0.0,29.438825339839727,0.0,0.0,1.0,0.0,64,1
57274,0.0045108795166015625,1,1,89,195,89.0,0.0,195.0,0.0,0.0,0.0,443.37251585623676,0.0,0.0,1.0,0.0,64,1
41820,0.0032138824462890625,1,1,121,197,121.0,0.0,197.0,0.0,0.0,0.0,622.300296735905,0.0,0.0,0.0,0.0,64,1
48809,0.028298139572143555,1,1,81,179,81.0,0.0,179.0,0.0,0.0,0.0,70.67602429838826,0.0,0.0,1.0,0.0,64,1
39825,0.006845951080322266,1,1,82,130,82.0,0.0,130.0,0.0,0.0,0.0,292.14348401476633,0.0,0.0,1.0,0.0,64,1
