sport,dur,pkts_fwd,pkts_bwd,bytes_fwd,bytes_bwd,pktlen_fwd_mean,pktlen_fwd_std,pktlen_bwd_mean,pktlen_bwd_std,iat_fwd_mean,iat_fwd_std,pps,payload_entropy_fwd,iat_cv_fwd,small_pkt_ratio_fwd,small_pkt_ratio_bwd,ttl_fwd_first,label
47973,0.004585981369018555,1,1,88,189,88.0,0.0,189.0,0.0,0.0,0.0,436.1116714322849,0.0,0.0,1.0,0.0,64,1
39416,0.017873048782348633,2,2,168,287,84.0,0.0,143.5,6.363961030678928,0.00011610984802246094,0.0,223.80065363836457,0.0,0.0,1.0,0.0,64,1
38300,0.01771712303161621,2,2,168,287,84.0,0.0,143.5,6.363961030678928,0.00010800361633300781,0.0,225.77028972830402,0.0,0.0,1.0,0.0,64,1
36086,0.020193099975585938,2,2,168,344,84.0,0.0,172.0,33.94112549695428,0.00014400482177734375,0.0,198.0874657598942,0.0,0.0,1.0,0.0,64,1
56297,0.005937099456787109,2,2,168,287,84.0,0.0,143.5,6.363961030678928,0.00011396408081054688,0.0,673.7296602682516,0.0,0.0,1.0,0.0,64,1
36937,0.0051288604736328125,1,1,89,195,89.0,0.0,195.0,0.0,0.0,0.0,389.95016734845666,0.0,0.0,1.0,0.0,64,1
56568,0.008495092391967773,1,1,121,197,121.0,0.0,197.0,0.0,0.0,0.0,235.43004686929922,0.0,0.0,0.0,0.0,64,1
35730,0.006773948669433594,1,1,81,179,81.0,0.0,179.0,0.0,0.0,0.0,295.2487681261439,0.0,0.0,1.0,0.0,64,1
35578,0.005749940872192383,1,1,82,130,82.0,0.0,130.0,0.0,0.0,0.0,347.82966372268527,0.0,0.0,1.0,0.0,64,1
