sport,dur,pkts_fwd,pkts_bwd,bytes_fwd,bytes_bwd,pktlen_fwd_mean,pktlen_fwd_std,pktlen_bwd_mean,pktlen_bwd_std,iat_fwd_mean,iat_fwd_std,pps,payload_entropy_fwd,iat_cv_fwd,small_pkt_ratio_fwd,small_pkt_ratio_bwd,ttl_fwd_first,label
39620,0.004945039749145508,1,1,88,189,88.0,0.0,189.0,0.0,0.0,0.0,404.4456872860518,0.0,0.0,1.0,0.0,64,1
42195,0.01597309112548828,2,2,168,287,84.0,0.0,143.5,6.363961030678928,7.295608520507812e-05,0.0,250.4211594722073,0.0,0.0,1.0,0.0,64,1
60274,0.28664112091064453,2,2,168,287,84.0,0.0,143.5,6.363961030678928,0.00010013580322265625,0.0,13.954731921547753,0.0,0.0,1.0,0.0,64,1
57240,0.006844043731689453,2,2,168,344,84.0,0.0,172.0,33.94112549695428,0.0001361370086669922,0.0,584.44980143524,0.0,0.0,1.0,0.0,64,1
53341,0.017359018325805664,2,2,168,287,84.0,0.0,143.5,6.363961030678928,9.799003601074219e-05,0.0,230.42777678583693,0.0,0.0,1.0,0.0,64,1
59641,0.006556987762451172,1,1,82,130,82.0,0.0,130.0,0.0,0.0,0.0,305.0181077739801,0.0,0.0,1.0,0.0,64,1
