sport,dur,pkts_fwd,pkts_bwd,bytes_fwd,bytes_bwd,pktlen_fwd_mean,pktlen_fwd_std,pktlen_bwd_mean,pktlen_bwd_std,iat_fwd_mean,iat_fwd_std,pps,payload_entropy_fwd,iat_cv_fwd,small_pkt_ratio_fwd,small_pkt_ratio_bwd,ttl_fwd_first,label
36450,0.004703998565673828,1,1,88,189,88.0,0.0,189.0,0.0,0.0,0.0,425.1701976685251,0.0,0.0,1.0,0.0,64,1
37579,0.008529901504516602,2,2,168,287,84.0,0.0,143.5,6.363961030678928,0.00010895729064941406,0.0,468.9385918327417,0.0,0.0,1.0,0.0,64,1
33722,0.018145084381103516,2,2,168,287,84.0,0.0,143.5,6.363961030678928,0.0001049041748046875,0.0,220.44537881375976,0.0,0.0,1.0,0.0,64,1
44900,0.018058061599731445,2,2,168,344,84.0,0.0,172.0,33.94112549695428,0.00011205673217773438,0.0,221.50771708849896,0.0,0.0,1.0,0.0,64,1
55827,0.014419078826904297,2,2,168,287,84.0,0.0,143.5,6.363961030678928,0.00010800361633300781,0.0,277.4102318198353,0.0,0.0,1.0,0.0,64,1
41747,0.0058400630950927734,1,1,89,195,89.0,0.0,195.0,0.0,0.0,0.0,342.4620534803021,0.0,0.0,1.0,0.0,64,1
52920,0.002774953842163086,1,1,121,198,121.0,0.0,198.0,0.0,0.0,0.0,720.7327089956182,0.0,0.0,0.0,0.0,64,1
40736,0.004923820495605469,1,1,81,179,81.0,0.0,179.0,0.0,0.0,0.0,406.1886500096843,0.0,0.0,1.0,0.0,64,1
38814,0.006384849548339844,1,1,82,130,82.0,0.0,130.0,0.0,0.0,0.0,313.2415235250187,0.0,0.0,1.0,0.0,64,1
