sport,dur,pkts_fwd,pkts_bwd,bytes_fwd,bytes_bwd,pktlen_fwd_mean,pktlen_fwd_std,pktlen_bwd_mean,pktlen_bwd_std,iat_fwd_mean,iat_fwd_std,pps,payload_entropy_fwd,iat_cv_fwd,small_pkt_ratio_fwd,small_pkt_ratio_bwd,ttl_fwd_first,label
52249,0.004631996154785156,1,1,88,189,88.0,0.0,189.0,0.0,0.0,0.0,431.7792876261066,0.0,0.0,1.0,0.0,64,1
53681,0.02201700210571289,2,2,168,287,84.0,0.0,143.5,6.363961030678928,0.00012183189392089844,0.0,181.67777705585516,0.0,0.0,1.0,0.0,64,1
57972,0.16231012344360352,2,2,168,287,84.0,0.0,143.5,6.363961030678928,0.00010704994201660156,0.0,24.64418062863371,0.0,0.0,1.0,0.0,64,1
49983,0.0185091495513916,2,2,168,344,84.0,0.0,172.0,33.94112549695428,0.00011515617370605469,0.0,216.10933494776705,0.0,0.0,1.0,0.0,64,1
39610,0.07501697540283203,2,2,168,287,84.0,0.0,143.5,6.363961030678928,0.00010585784912109375,0.0,53.32126466737011,0.0,0.0,1.0,0.0,64,1
49169,0.006411075592041016,1,1,82,130,82.0,0.0,130.0,0.0,0.0,0.0,311.96013387876536,0.0,0.0,1.0,0.0,64,1
