sport,dur,pkts_fwd,pkts_bwd,bytes_fwd,bytes_bwd,pktlen_fwd_mean,pktlen_fwd_std,pktlen_bwd_mean,pktlen_bwd_std,iat_fwd_mean,iat_fwd_std,pps,payload_entropy_fwd,iat_cv_fwd,small_pkt_ratio_fwd,small_pkt_ratio_bwd,ttl_fwd_first,label
53315,0.005430936813354492,1,1,88,189,88.0,0.0,189.0,0.0,0.0,0.0,368.2605908951227,0.0,0.0,1.0,0.0,64,1
33537,0.2614321708679199,2,2,168,287,84.0,0.0,143.5,6.363961030678928,7.605552673339844e-05,0.0,15.300335787751498,0.0,0.0,1.0,0.0,64,1
45238,0.02225494384765625,2,2,168,287,84.0,0.0,143.5,6.363961030678928,0.00010991096496582031,0.0,179.7353445320535,0.0,0.0,1.0,0.0,64,1
52518,0.02203202247619629,2,2,168,344,84.0,0.0,172.0,33.94112549695428,0.00010204315185546875,0.0,181.55391790842884,0.0,0.0,1.0,0.0,64,1
35731,0.02567601203918457,2,2,168,287,84.0,0.0,143.5,6.363961030678928,0.00023102760314941406,0.0,155.7874327950749,0.0,0.0,1.0,0.0,64,1
36753,0.005447864532470703,1,1,89,195,89.0,0.0,195.0,0.0,0.0,0.0,367.1163238512035,0.0,0.0,1.0,0.0,64,1
59758,0.0024950504302978516,1,1,121,197,121.0,0.0,197.0,0.0,0.0,0.0,801.5870043000477,0.0,0.0,0.0,0.0,64,1
34371,0.0054700374603271484,1,1,81,179,81.0,0.0,179.0,0.0,0.0,0.0,365.6282090397943,0.0,0.0,1.0,0.0,64,1
60099,0.007048130035400391,1,1,82,130,82.0,0.0,130.0,0.0,0.0,0.0,283.7632095257425,0.0,0.0,1.0,0.0,64,1
