sport,dur,pkts_fwd,pkts_bwd,bytes_fwd,bytes_bwd,pktlen_fwd_mean,pktlen_fwd_std,pktlen_bwd_mean,pktlen_bwd_std,iat_fwd_mean,iat_fwd_std,pps,payload_entropy_fwd,iat_cv_fwd,small_pkt_ratio_fwd,small_pkt_ratio_bwd,ttl_fwd_first,label
53178,0.004494905471801758,1,1,88,189,88.0,0.0,189.0,0.0,0.0,0.0,444.948178008805,0.0,0.0,1.0,0.0,64,1
38241,0.01043391227722168,2,2,168,287,84.0,0.0,143.5,6.363961030678928,7.891654968261719e-05,0.0,383.3653085940178,0.0,0.0,1.0,0.0,64,1
45911,0.02063894271850586,2,2,168,287,84.0,0.0,143.5,6.363961030678928,0.00010204315185546875,0.0,193.80837742300673,0.0,0.0,1.0,0.0,64,1
49692,0.019938230514526367,2,2,168,344,84.0,0.0,172.0,33.94112549695428,0.0001010894775390625,0.0,200.61960849964726,0.0,0.0,1.0,0.0,64,1
43085,0.022788047790527344,2,2,168,287,84.0,0.0,143.5,6.363961030678928,0.00011205673217773438,0.0,175.53061309897467,0.0,0.0,1.0,0.0,64,1
41512,0.00551295280456543,1,1,82,130,82.0,0.0,130.0,0.0,0.0,0.0,362.78199195606106,0.0,0.0,1.0,0.0,64,1
