sport,dur,pkts_fwd,pkts_bwd,bytes_fwd,bytes_bwd,pktlen_fwd_mean,pktlen_fwd_std,pktlen_bwd_mean,pktlen_bwd_std,iat_fwd_mean,iat_fwd_std,pps,payload_entropy_fwd,iat_cv_fwd,small_pkt_ratio_fwd,small_pkt_ratio_bwd,ttl_fwd_first,label
39950,0.005241870880126953,1,1,88,189,88.0,0.0,189.0,0.0,0.0,0.0,381.54316383152917,0.0,0.0,1.0,0.0,64,1
39814,0.015931129455566406,2,2,168,287,84.0,0.0,143.5,6.363961030678928,0.00010800361633300781,0.0,251.08075426519005,0.0,0.0,1.0,0.0,64,1
46604,0.10810494422912598,2,2,168,287,84.0,0.0,143.5,6.363961030678928,0.00010800361633300781,0.0,37.00108286927276,0.0,0.0,1.0,0.0,64,1
39009,0.15222907066345215,2,2,168,344,84.0,0.0,172.0,33.94112549695428,0.00011205673217773438,0.0,26.276190103289768,0.0,0.0,1.0,0.0,64,1
52387,0.01160883903503418,2,2,168,287,84.0,0.0,143.5,6.363961030678928,0.00010895729064941406,0.0,344.565032552217,0.0,0.0,1.0,0.0,64,1
43788,0.014780998229980469,1,1,82,130,82.0,0.0,130.0,0.0,0.0,0.0,135.30885863604104,0.0,0.0,1.0,0.0,64,1
