sport,dur,pkts_fwd,pkts_bwd,bytes_fwd,bytes_bwd,pktlen_fwd_mean,pktlen_fwd_std,pktlen_bwd_mean,pktlen_bwd_std,iat_fwd_mean,iat_fwd_std,pps,payload_entropy_fwd,iat_cv_fwd,small_pkt_ratio_fwd,small_pkt_ratio_bwd,ttl_fwd_first,label
55062,0.004839897155761719,1,1,88,189,88.0,0.0,189.0,0.0,0.0,0.0,413.23192118226603,0.0,0.0,1.0,0.0,64,1
47997,0.05127382278442383,2,2,168,287,84.0,0.0,143.5,6.363961030678928,0.00011491775512695312,0.0,78.0125175534042,0.0,0.0,1.0,0.0,64,1
39017,0.011461973190307617,2,2,168,287,84.0,0.0,143.5,6.363961030678928,0.00013303756713867188,0.0,348.9800520020801,0.0,0.0,1.0,0.0,64,1
53817,0.014137983322143555,2,2,168,344,84.0,0.0,172.0,33.94112549695428,0.00010800361633300781,0.0,282.9257828968448,0.0,0.0,1.0,0.0,64,1
36893,0.015102863311767578,2,2,168,287,84.0,0.0,143.5,6.363961030678928,0.0001049041748046875,0.0,264.85044043822813,0.0,0.0,1.0,0.0,64,1
40825,0.021867036819458008,2,2,168,287,84.0,0.0,143.5,6.363961030678928,0.0003268718719482422,0.0,182.92373278672437,0.0,0.0,1.0,0.0,64,1
46790,0.006145000457763672,1,1,82,130,82.0,0.0,130.0,0.0,0.0,0.0,325.4678358035229,0.0,0.0,1.0,0.0,64,1
