sport,dur,pkts_fwd,pkts_bwd,bytes_fwd,bytes_bwd,pktlen_fwd_mean,pktlen_fwd_std,pktlen_bwd_mean,pktlen_bwd_std,iat_fwd_mean,iat_fwd_std,pps,payload_entropy_fwd,iat_cv_fwd,small_pkt_ratio_fwd,small_pkt_ratio_bwd,ttl_fwd_first,label
44665,0.00459599494934082,1,1,88,189,88.0,0.0,189.0,0.0,0.0,0.0,435.1614877833688,0.0,0.0,1.0,0.0,64,1
37884,0.00678706169128418,2,2,168,287,84.0,0.0,143.5,6.363961030678928,0.00010991096496582031,0.0,589.3566585871359,0.0,0.0,1.0,0.0,64,1
54606,0.021555185317993164,2,2,168,287,84.0,0.0,143.5,6.363961030678928,0.00030112266540527344,0.0,185.5701976573129,0.0,0.0,1.0,0.0,64,1
49701,0.04515790939331055,2,2,168,344,84.0,0.0,172.0,33.94112549695428,9.989738464355469e-05,0.0,88.57805982915008,0.0,0.0,1.0,0.0,64,1
53802,0.005772113800048828,2,2,168,287,84.0,0.0,143.5,6.363961030678928,0.00010013580322265625,0.0,692.9870301528294,0.0,0.0,1.0,0.0,64,1
34366,0.004503011703491211,1,1,89,195,89.0,0.0,195.0,0.0,0.0,0.0,444.1471911897072,0.0,0.0,1.0,0.0,64,1
50902,0.0024890899658203125,1,1,121,196,121.0,0.0,196.0,0.0,0.0,0.0,803.5065134099617,0.0,0.0,0.0,0.0,64,1
34222,0.00605010986328125,1,1,81,179,81.0,0.0,179.0,0.0,0.0,0.0,330.57250945775536,0.0,0.0,1.0,0.0,64,1
56207,0.00642085075378418,1,1,82,130,82.0,0.0,130.0,0.0,0.0,0.0,311.4852029259961,0.0,0.0,1.0,0.0,64,1
