sport,dur,pkts_fwd,pkts_bwd,bytes_fwd,bytes_bwd,pktlen_fwd_mean,pktlen_fwd_std,pktlen_bwd_mean,pktlen_bwd_std,iat_fwd_mean,iat_fwd_std,pps,payload_entropy_fwd,iat_cv_fwd,small_pkt_ratio_fwd,small_pkt_ratio_bwd,ttl_fwd_first,label
49911,0.006381034851074219,1,1,88,189,88.0,0.0,189.0,0.0,0.0,0.0,313.4287849349873,0.0,0.0,1.0,0.0,64,1
48132,0.0746619701385498,2,2,168,287,84.0,0.0,143.5,6.363961030678928,0.00010395050048828125,0.0,53.574798422506426,0.0,0.0,1.0,0.0,64,1
54117,0.013458013534545898,2,2,168,287,84.0,0.0,143.5,6.363961030678928,0.00010585784912109375,0.0,297.22068489025105,0.0,0.0,1.0,0.0,64,1
41817,0.0265350341796875,2,2,168,344,84.0,0.0,172.0,33.94112549695428,0.00011706352233886719,0.0,150.7441058079356,0.0,0.0,1.0,0.0,64,1
50798,0.019227027893066406,2,2,168,287,84.0,0.0,143.5,6.363961030678928,0.00010418891906738281,0.0,208.04047418282823,0.0,0.0,1.0,0.0,64,1
56917,0.005805015563964844,1,1,89,195,89.0,0.0,195.0,0.0,0.0,0.0,344.52965335961886,0.0,0.0,1.0,0.0,64,1
58781,0.011564970016479492,1,1,121,197,121.0,0.0,197.0,0.0,0.0,0.0,172.93602985136167,0.0,0.0,0.0,0.0,64,1
54100,0.007417917251586914,1,1,81,179,81.0,0.0,179.0,0.0,0.0,0.0,269.61745893999296,0.0,0.0,1.0,0.0,64,1
48669,0.005568027496337891,1,1,82,130,82.0,0.0,130.0,0.0,0.0,0.0,359.193628500471,0.0,0.0,1.0,0.0,64,1
