sport,dur,pkts_fwd,pkts_bwd,bytes_fwd,bytes_bwd,pktlen_fwd_mean,pktlen_fwd_std,pktlen_bwd_mean,pktlen_bwd_std,iat_fwd_mean,iat_fwd_std,pps,payload_entropy_fwd,iat_cv_fwd,small_pkt_ratio_fwd,small_pkt_ratio_bwd,ttl_fwd_first,label
42986,0.004578828811645508,1,1,88,189,88.0,0.0,189.0,0.0,0.0,0.0,436.7929185108045,0.0,0.0,1.0,0.0,64,1
44507,0.28560900688171387,2,2,168,287,84.0,0.0,143.5,6.363961030678928,7.82012939453125e-05,0.0,14.005160564339683,0.0,0.0,1.0,0.0,64,1
54725,0.017531871795654297,2,2,168,287,84.0,0.0,143.5,6.363961030678928,0.00010991096496582031,0.0,228.1559006717981,0.0,0.0,1.0,0.0,64,1
45642,0.09307980537414551,2,2,168,344,84.0,0.0,172.0,33.94112549695428,0.00010991096496582031,0.0,42.973875846876965,0.0,0.0,1.0,0.0,64,1
44394,0.013163089752197266,2,2,168,287,84.0,0.0,143.5,6.363961030678928,0.00011801719665527344,0.0,303.8800217351929,0.0,0.0,1.0,0.0,64,1
33060,0.0065441131591796875,1,1,82,130,82.0,0.0,130.0,0.0,0.0,0.0,305.6181871174585,0.0,0.0,1.0,0.0,64,1
