sport,dur,pkts_fwd,pkts_bwd,bytes_fwd,bytes_bwd,pktlen_fwd_mean,pktlen_fwd_std,pktlen_bwd_mean,pktlen_bwd_std,iat_fwd_mean,iat_fwd_std,pps,payload_entropy_fwd,iat_cv_fwd,small_pkt_ratio_fwd,small_pkt_ratio_bwd,ttl_fwd_first,label
43176,0.0056591033935546875,1,1,92,201,92.0,0.0,201.0,0.0,0.0,0.0,353.4128749578699,0.0,0.0,1.0,0.0,64,1
41856,0.006600141525268555,1,1,82,130,82.0,0.0,130.0,0.0,0.0,0.0,303.0238052234223,0.0,0.0,1.0,0.0,64,1
39887,0.1396629810333252,2,2,168,287,84.0,0.0,143.5,6.363961030678928,0.0001201629638671875,0.0,28.64037392303372,0.0,0.0,1.0,0.0,64,1
56572,0.006690025329589844,2,2,168,287,84.0,0.0,143.5,6.363961030678928,0.00011491775512695312,0.0,597.9050605844619,0.0,0.0,1.0,0.0,64,1
41065,0.10335993766784668,2,2,168,344,84.0,0.0,172.0,33.94112549695428,0.0036890506744384766,0.0,38.69971374067812,0.0,0.0,1.0,0.0,64,1
50698,0.16730904579162598,2,2,168,287,84.0,0.0,143.5,6.363961030678928,0.00010895729064941406,0.0,23.907852567528092,0.0,0.0,1.0,0.0,64,1
46339,0.007113933563232422,1,1,89,195,89.0,0.0,195.0,0.0,0.0,0.0,281.1384141028219,0.0,0.0,1.0,0.0,64,1
46121,0.0014259815216064453,1,1,121,197,121.0,0.0,197.0,0.0,0.0,0.0,1402.5427186089282,0.0,0.0,0.0,0.0,64,1
58132,0.00527501106262207,1,1,81,179,81.0,0.0,179.0,0.0,0.0,0.0,379.1461242937853,0.0,0.0,1.0,0.0,64,1
