sport,dur,pkts_fwd,pkts_bwd,bytes_fwd,bytes_bwd,pktlen_fwd_mean,pktlen_fwd_std,pktlen_bwd_mean,pktlen_bwd_std,iat_fwd_mean,iat_fwd_std,pps,payload_entropy_fwd,iat_cv_fwd,small_pkt_ratio_fwd,small_pkt_ratio_bwd,ttl_fwd_first,label
36446,0.00522613525390625,1,1,88,189,88.0,0.0,189.0,0.0,0.0,0.0,382.6919708029197,0.0,0.0,1.0,0.0,64,1
46995,0.027348995208740234,2,2,168,287,84.0,0.0,143.5,6.363961030678928,0.00011515617370605469,0.0,146.25765844303024,0.0,0.0,1.0,0.0,64,1
48058,0.03943204879760742,2,2,168,287,84.0,0.0,143.5,6.363961030678928,0.00010609626770019531,0.0,101.44032891952355,0.0,0.0,1.0,0.0,64,1
40370,0.01821422576904297,2,2,168,344,84.0,0.0,172.0,33.94112549695428,0.00011014938354492188,0.0,219.6085658935023,0.0,0.0,1.0,0.0,64,1
39097,0.01742386817932129,2,2,168,287,84.0,0.0,143.5,6.363961030678928,0.00010800361633300781,0.0,229.57014819173247,0.0,0.0,1.0,0.0,64,1
38416,0.005337953567504883,1,1,89,195,89.0,0.0,195.0,0.0,0.0,0.0,374.6754209656528,0.0,0.0,1.0,0.0,64,1
51638,0.0063321590423583984,1,1,121,196,121.0,0.0,196.0,0.0,0.0,0.0,315.8480364471554,0.0,0.0,0.0,0.0,64,1
49107,0.00684809684753418,1,1,81,179,81.0,0.0,179.0,0.0,0.0,0.0,292.05194443477353,0.0,0.0,1.0,0.0,64,1
58991,0.006868839263916016,1,1,82,130,82.0,0.0,130.0,0.0,0.0,0.0,291.17001041305105,0.0,0.0,1.0,0.0,64,1
