sport,dur,pkts_fwd,pkts_bwd,bytes_fwd,bytes_bwd,pktlen_fwd_mean,pktlen_fwd_std,pktlen_bwd_mean,pktlen_bwd_std,iat_fwd_mean,iat_fwd_std,pps,payload_entropy_fwd,iat_cv_fwd,small_pkt_ratio_fwd,small_pkt_ratio_bwd,ttl_fwd_first,label
40132,0.005645036697387695,1,1,88,189,88.0,0.0,189.0,0.0,0.0,0.0,354.2935338091819,0.0,0.0,1.0,0.0,64,1
33632,0.04395294189453125,2,2,168,287,84.0,0.0,143.5,6.363961030678928,0.0001289844512939453,0.0,91.00642249609443,0.0,0.0,1.0,0.0,64,1
53892,0.014168024063110352,2,2,168,287,84.0,0.0,143.5,6.363961030678928,0.00010704994201660156,0.0,282.3258897770299,0.0,0.0,1.0,0.0,64,1
53527,0.13822388648986816,2,2,168,344,84.0,0.0,172.0,33.94112549695428,0.00011610984802246094,0.0,28.93855831707641,0.0,0.0,1.0,0.0,64,1
34601,0.006634950637817383,2,2,168,287,84.0,0.0,143.5,6.363961030678928,0.00010704994201660156,0.0,602.8680872471164,0.0,0.0,1.0,0.0,64,1
41323,0.005537986755371094,1,1,82,130,82.0,0.0,130.0,0.0,0.0,0.0,361.14206991561906,0.0,0.0,1.0,0.0,64,1
