sport,dur,pkts_fwd,pkts_bwd,bytes_fwd,bytes_bwd,pktlen_fwd_mean,pktlen_fwd_std,pktlen_bwd_mean,pktlen_bwd_std,iat_fwd_mean,iat_fwd_std,pps,payload_entropy_fwd,iat_cv_fwd,small_pkt_ratio_fwd,small_pkt_ratio_bwd,ttl_fwd_first,label
41472,0.006185054779052734,1,1,88,189,88.0,0.0,189.0,0.0,0.0,0.0,323.3601110168838,0.0,0.0,1.0,0.0,64,1
37134,0.02063298225402832,2,2,168,287,84.0,0.0,143.5,6.363961030678928,0.00011992454528808594,0.0,193.86436486751944,0.0,0.0,1.0,0.0,64,1
40834,0.012893915176391602,2,2,168,287,84.0,0.0,143.5,6.363961030678928,0.0001068115234375,0.0,310.22384941106856,0.0,0.0,1.0,0.0,64,1
37382,0.017960071563720703,2,2,168,344,84.0,0.0,172.0,33.94112549695428,0.00010395050048828125,0.0,222.71626178149475,0.0,0.0,1.0,0.0,64,1
43167,0.018329143524169922,2,2,168,287,84.0,0.0,143.5,6.363961030678928,0.00011706352233886719,0.0,218.23169177137802,0.0,0.0,1.0,0.0,64,1
56715,0.005604982376098633,1,1,78,173,78.0,0.0,173.0,0.0,0.0,0.0,356.8253860223744,0.0,0.0,1.0,0.0,64,1
59617,0.005991935729980469,1,1,82,130,82.0,0.0,130.0,0.0,0.0,0.0,333.78195129715107,0.0,0.0,1.0,0.0,64,1
