sport,dur,pkts_fwd,pkts_bwd,bytes_fwd,bytes_bwd,pktlen_fwd_mean,pktlen_fwd_std,pktlen_bwd_mean,pktlen_bwd_std,iat_fwd_mean,iat_fwd_std,pps,payload_entropy_fwd,iat_cv_fwd,small_pkt_ratio_fwd,small_pkt_ratio_bwd,ttl_fwd_first,label
50875,0.005282878875732422,1,1,88,189,88.0,0.0,189.0,0.0,0.0,0.0,378.5814604206156,0.0,0.0,1.0,0.0,64,1
40820,0.015393972396850586,2,2,168,287,84.0,0.0,143.5,6.363961030678928,7.081031799316406e-05,0.0,259.8419626124801,0.0,0.0,1.0,0.0,64,1
51091,0.039916038513183594,2,2,168,287,84.0,0.0,143.5,6.363961030678928,0.000102996826171875,0.0,100.21034523951738,0.0,0.0,1.0,0.0,64,1
52751,0.10796499252319336,2,2,168,344,84.0,0.0,172.0,33.94112549695428,6.103515625e-05,0.0,37.049046237285744,0.0,0.0,1.0,0.0,64,1
39098,0.042932987213134766,2,2,168,287,84.0,0.0,143.5,6.363961030678928,0.00010895729064941406,0.0,93.16845296933482,0.0,0.0,1.0,0.0,64,1
56164,0.006220817565917969,1,1,89,195,89.0,0.0,195.0,0.0,0.0,0.0,321.50114977770966,0.0,0.0,1.0,0.0,64,1
41838,0.006525993347167969,1,1,121,197,121.0,0.0,197.0,0.0,0.0,0.0,306.4667543475084,0.0,0.0,0.0,0.0,64,1
54725,0.005223989486694336,1,1,81,179,81.0,0.0,179.0,0.0,0.0,0.0,382.8491625211081,0.0,0.0,1.0,0.0,64,1
52255,0.0057849884033203125,1,1,82,130,82.0,0.0,130.0,0.0,0.0,0.0,345.7223870755028,0.0,0.0,1.0,0.0,64,1
