sport,dur,pkts_fwd,pkts_bwd,bytes_fwd,bytes_bwd,pktlen_fwd_mean,pktlen_fwd_std,pktlen_bwd_mean,pktlen_bwd_std,iat_fwd_mean,iat_fwd_std,pps,payload_entropy_fwd,iat_cv_fwd,small_pkt_ratio_fwd,small_pkt_ratio_bwd,ttl_fwd_first,label
57237,0.004807949066162109,1,1,88,189,88.0,0.0,189.0,0.0,0.0,0.0,415.9777843895666,0.0,0.0,1.0,0.0,64,1
38708,0.015132904052734375,2,2,168,287,84.0,0.0,143.5,6.363961030678928,0.00011086463928222656,0.0,264.3246785984371,0.0,0.0,1.0,0.0,64,1
55800,0.02273702621459961,2,2,168,287,84.0,0.0,143.5,6.363961030678928,0.0001380443572998047,0.0,175.92450139462701,0.0,0.0,1.0,0.0,64,1
57465,0.19231200218200684,2,2,168,344,84.0,0.0,172.0,33.94112549695428,0.00010204315185546875,0.0,20.79953385444109,0.0,0.0,1.0,0.0,64,1
39703,0.052683115005493164,2,2,168,287,84.0,0.0,143.5,6.363961030678928,0.00010800361633300781,0.0,75.92565472984899,0.0,0.0,1.0,0.0,64,1
57662,0.004637002944946289,1,1,89,195,89.0,0.0,195.0,0.0,0.0,0.0,431.3130752223765,0.0,0.0,1.0,0.0,64,1
58859,0.002067089080810547,1,1,121,196,121.0,0.0,196.0,0.0,0.0,0.0,967.5441753171857,0.0,0.0,0.0,0.0,64,1
56324,0.006549835205078125,1,1,81,179,81.0,0.0,179.0,0.0,0.0,0.0,305.3511939429237,0.0,0.0,1.0,0.0,64,1
48073,0.004884958267211914,1,1,82,130,82.0,0.0,130.0,0.0,0.0,0.0,409.42007906681636,0.0,0.0,1.0,0.0,64,1
