sport,dur,pkts_fwd,pkts_bwd,bytes_fwd,bytes_bwd,pktlen_fwd_mean,pktlen_fwd_std,pktlen_bwd_mean,pktlen_bwd_std,iat_fwd_mean,iat_fwd_std,pps,payload_entropy_fwd,iat_cv_fwd,small_pkt_ratio_fwd,small_pkt_ratio_bwd,ttl_fwd_first,label
39923,0.006279945373535156,1,1,88,189,88.0,0.0,189.0,0.0,0.0,0.0,318.4741078208049,0.0,0.0,1.0,0.0,64,1
35889,0.011389970779418945,2,2,168,287,84.0,0.0,143.5,6.363961030678928,6.890296936035156e-05,0.0,351.18615117325686,0.0,0.0,1.0,0.0,64,1
54411,0.012471914291381836,2,2,168,287,84.0,0.0,143.5,6.363961030678928,0.00010585784912109375,0.0,320.72061325533826,0.0,0.0,1.0,0.0,64,1
40083,0.022395849227905273,2,2,168,344,84.0,0.0,172.0,33.94112549695428,0.00010991096496582031,0.0,178.60452440517378,0.0,0.0,1.0,0.0,64,1
34395,0.017702817916870117,2,2,168,287,84.0,0.0,143.5,6.363961030678928,0.00010776519775390625,0.0,225.95272790938841,0.0,0.0,1.0,0.0,64,1
39097,0.007898092269897461,1,1,82,130,82.0,0.0,130.0,0.0,0.0,0.0,253.22570712711686,0.0,0.0,1.0,0.0,64,1
