sport,dur,pkts_fwd,pkts_bwd,bytes_fwd,bytes_bwd,pktlen_fwd_mean,pktlen_fwd_std,pktlen_bwd_mean,pktlen_bwd_std,iat_fwd_mean,iat_fwd_std,pps,payload_entropy_fwd,iat_cv_fwd,small_pkt_ratio_fwd,small_pkt_ratio_bwd,ttl_fwd_first,label
54577,0.006912946701049805,1,1,88,189,88.0,0.0,189.0,0.0,0.0,0.0,289.31222624590447,0.0,0.0,1.0,0.0,64,1
50624,0.13776707649230957,2,2,168,287,84.0,0.0,143.5,6.363961030678928,0.00011301040649414062,0.0,29.03451319316693,0.0,0.0,1.0,0.0,64,1
42155,0.13861489295959473,2,2,168,287,84.0,0.0,143.5,6.363961030678928,0.0001659393310546875,0.0,28.85692810198953,0.0,0.0,1.0,0.0,64,1
46956,0.016389846801757812,2,2,168,344,84.0,0.0,172.0,33.94112549695428,0.00011301040649414062,0.0,244.05353194460608,0.0,0.0,1.0,0.0,64,1
55684,0.020273208618164062,2,2,168,287,84.0,0.0,143.5,6.363961030678928,7.319450378417969e-05,0.0,197.3047323360617,0.0,0.0,1.0,0.0,64,1
55289,0.004763126373291016,1,1,89,195,89.0,0.0,195.0,0.0,0.0,0.0,419.8922815096606,0.0,0.0,1.0,0.0,64,1
56116,0.003155946731567383,1,1,121,196,121.0,0.0,196.0,0.0,0.0,0.0,633.7242577623329,0.0,0.0,0.0,0.0,64,1
56687,0.0051920413970947266,1,1,81,179,81.0,0.0,179.0,0.0,0.0,0.0,385.20494099279057,0.0,0.0,1.0,0.0,64,1
34533,0.006070137023925781,1,1,82,130,82.0,0.0,130.0,0.0,0.0,0.0,329.48185388845246,0.0,0.0,1.0,0.0,64,1
