sport,dur,pkts_fwd,pkts_bwd,bytes_fwd,bytes_bwd,pktlen_fwd_mean,pktlen_fwd_std,pktlen_bwd_mean,pktlen_bwd_std,iat_fwd_mean,iat_fwd_std,pps,payload_entropy_fwd,iat_cv_fwd,small_pkt_ratio_fwd,small_pkt_ratio_bwd,ttl_fwd_first,label
60664,0.005279064178466797,1,1,88,189,88.0,0.0,189.0,0.0,0.0,0.0,378.85502664619275,0.0,0.0,1.0,0.0,64,1
51368,0.039710044860839844,2,2,168,287,84.0,0.0,143.5,6.363961030678928,0.00011587142944335938,0.0,100.73018084007781,0.0,0.0,1.0,0.0,64,1
48399,0.02433300018310547,2,2,168,287,84.0,0.0,143.5,6.363961030678928,0.00011515617370605469,0.0,164.38581226729374,0.0,0.0,1.0,0.0,64,1
48600,0.10823893547058105,2,2,168,344,84.0,0.0,172.0,33.94112549695428,0.00013113021850585938,0.0,36.95527845510995,0.0,0.0,1.0,0.0,64,1
52381,0.0924229621887207,2,2,168,287,84.0,0.0,143.5,6.363961030678928,0.0001308917999267578,0.0,43.279288017541596,0.0,0.0,1.0,0.0,64,1
46390,0.00572514533996582,1,1,89,195,89.0,0.0,195.0,0.0,0.0,0.0,349.33610960729607,0.0,0.0,1.0,0.0,64,1
60567,0.0021059513092041016,1,1,121,196,121.0,0.0,196.0,0.0,0.0,0.0,949.6895731914412,0.0,0.0,0.0,0.0,64,1
60111,0.00610804557800293,1,1,81,179,81.0,0.0,179.0,0.0,0.0,0.0,327.4369803661345,0.0,0.0,1.0,0.0,64,1
59111,0.012871980667114258,1,1,82,130,82.0,0.0,130.0,0.0,0.0,0.0,155.37624330882215,0.0,0.0,1.0,0.0,64,1
