sport,dur,pkts_fwd,pkts_bwd,bytes_fwd,bytes_bwd,pktlen_fwd_mean,pktlen_fwd_std,pktlen_bwd_mean,pktlen_bwd_std,iat_fwd_mean,iat_fwd_std,pps,payload_entropy_fwd,iat_cv_fwd,small_pkt_ratio_fwd,small_pkt_ratio_bwd,ttl_fwd_first,label
37000,0.0057010650634765625,1,1,88,189,88.0,0.0,189.0,0.0,0.0,0.0,350.8116426898628,0.0,0.0,1.0,0.0,64,1
46623,0.01894402503967285,2,2,168,287,84.0,0.0,143.5,6.363961030678928,0.00010514259338378906,0.0,211.14836955837748,0.0,0.0,1.0,0.0,64,1
55106,0.042413949966430664,2,2,168,287,84.0,0.0,143.5,6.363961030678928,8.20159912109375e-05,0.0,94.30859429894826,0.0,0.0,1.0,0.0,64,1
42533,0.0415339469909668,2,2,168,344,84.0,0.0,172.0,33.94112549695428,0.00010895729064941406,0.0,96.30676325729308,0.0,0.0,1.0,0.0,64,1
57612,0.022471189498901367,2,2,168,287,84.0,0.0,143.5,6.363961030678928,0.00010800361633300781,0.0,178.00570816224763,0.0,0.0,1.0,0.0,64,1
47274,0.007266998291015625,1,1,89,195,89.0,0.0,195.0,0.0,0.0,0.0,275.21679790026246,0.0,0.0,1.0,0.0,64,1
37386,0.0025420188903808594,1,1,121,198,121.0,0.0,198.0,0.0,0.0,0.0,786.7762145938848,0.0,0.0,0.0,0.0,64,1
53618,0.004673004150390625,1,1,81,179,81.0,0.0,179.0,0.0,0.0,0.0,427.99020408163267,0.0,0.0,1.0,0.0,64,1
39382,0.006407976150512695,1,1,82,130,82.0,0.0,130.0,0.0,0.0,0.0,312.11102429586634,0.0,0.0,1.0,0.0,64,1
