sport,dur,pkts_fwd,pkts_bwd,bytes_fwd,bytes_bwd,pktlen_fwd_mean,pktlen_fwd_std,pktlen_bwd_mean,pktlen_bwd_std,iat_fwd_mean,iat_fwd_std,pps,payload_entropy_fwd,iat_cv_fwd,small_pkt_ratio_fwd,small_pkt_ratio_bwd,ttl_fwd_first,label
39639,0.0057370662689208984,1,1,88,189,88.0,0.0,189.0,0.0,0.0,0.0,348.6102314757096,0.0,0.0,1.0,0.0,64,1
39976,0.01147317886352539,2,2,168,287,84.0,0.0,143.5,6.363961030678928,0.00010704994201660156,0.0,348.63920867794354,0.0,0.0,1.0,0.0,64,1
40653,0.007408857345581055,2,2,168,287,84.0,0.0,143.5,6.363961030678928,0.00010585784912109375,0.0,539.8943201930813,0.0,0.0,1.0,0.0,64,1
53511,0.10948395729064941,2,2,168,344,84.0,0.0,172.0,33.94112549695428,0.00010395050048828125,0.0,36.53503306773169,0.0,0.0,1.0,0.0,64,1
56876,0.013055086135864258,2,2,168,287,84.0,0.0,143.5,6.363961030678928,0.00010800361633300781,0.0,306.39399528827363,0.0,0.0,1.0,0.0,64,1
57561,0.006072044372558594,1,1,89,195,89.0,0.0,195.0,0.0,0.0,0.0,329.37835715407573,0.0,0.0,1.0,0.0,64,1
56430,0.002518177032470703,1,1,121,196,121.0,0.0,196.0,0.0,0.0,0.0,794.2253361105851,0.0,0.0,0.0,0.0,64,1
58247,0.006863832473754883,1,1,81,179,81.0,0.0,179.0,0.0,0.0,0.0,291.38240300114626,0.0,0.0,1.0,0.0,64,1
48511,0.005724906921386719,1,1,82,130,82.0,0.0,130.0,0.0,0.0,0.0,349.3506580043312,0.0,0.0,1.0,0.0,64,1
