sport,dur,pkts_fwd,pkts_bwd,bytes_fwd,bytes_bwd,pktlen_fwd_mean,pktlen_fwd_std,pktlen_bwd_mean,pktlen_bwd_std,iat_fwd_mean,iat_fwd_std,pps,payload_entropy_fwd,iat_cv_fwd,small_pkt_ratio_fwd,small_pkt_ratio_bwd,ttl_fwd_first,label
35133,0.005698204040527344,1,1,88,189,88.0,0.0,189.0,0.0,0.0,0.0,350.98778242677827,0.0,0.0,1.0,0.0,64,1
43690,0.021380901336669922,2,2,168,287,84.0,0.0,143.5,6.363961030678928,0.00013184547424316406,0.0,187.08285198153393,0.0,0.0,1.0,0.0,64,1
58349,0.025700092315673828,2,2,168,287,84.0,0.0,143.5,6.363961030678928,9.894371032714844e-05,0.0,155.64146427444942,0.0,0.0,1.0,0.0,64,1
52042,0.017580032348632812,2,2,168,344,84.0,0.0,172.0,33.94112549695428,9.989738464355469e-05,0.0,227.530866876424,0.0,0.0,1.0,0.0,64,1
41891,0.007075071334838867,2,2,168,287,84.0,0.0,143.5,6.363961030678928,0.0001010894775390625,0.0,565.3653243470935,0.0,0.0,1.0,0.0,64,1
43787,0.004870176315307617,1,1,89,195,89.0,0.0,195.0,0.0,0.0,0.0,410.66275028149016,0.0,0.0,1.0,0.0,64,1
33358,0.0027170181274414062,1,1,121,198,121.0,0.0,198.0,0.0,0.0,0.0,736.1010881010881,0.0,0.0,0.0,0.0,64,1
45987,0.005207061767578125,1,1,81,179,81.0,0.0,179.0,0.0,0.0,0.0,384.0937728937729,0.0,0.0,1.0,0.0,64,1
54351,0.006309032440185547,1,1,82,130,82.0,0.0,130.0,0.0,0.0,0.0,317.0058196659361,0.0,0.0,1.0,0.0,64,1
