sport,dur,pkts_fwd,pkts_bwd,bytes_fwd,bytes_bwd,pktlen_fwd_mean,pktlen_fwd_std,pktlen_bwd_mean,pktlen_bwd_std,iat_fwd_mean,iat_fwd_std,pps,payload_entropy_fwd,iat_cv_fwd,small_pkt_ratio_fwd,small_pkt_ratio_bwd,ttl_fwd_first,label
39976,0.00555109977722168,1,1,88,189,88.0,0.0,189.0,0.0,0.0,0.0,360.28896619851395,0.0,0.0,1.0,0.0,64,1
50381,0.1320509910583496,2,2,168,287,84.0,0.0,143.5,6.363961030678928,0.00010800361633300781,0.0,30.291328886979066,0.0,0.0,1.0,0.0,64,1
42904,0.021553993225097656,2,2,168,287,84.0,0.0,143.5,6.363961030678928,0.00012421607971191406,0.0,185.58046104154684,0.0,0.0,1.0,0.0,64,1
56999,0.013872861862182617,2,2,168,344,84.0,0.0,172.0,33.94112549695428,0.0001049041748046875,0.0,288.3327203670923,0.0,0.0,1.0,0.0,64,1
60111,0.011733055114746094,2,2,168,287,84.0,0.0,143.5,6.363961030678928,0.000102996826171875,0.0,340.917174672844,0.0,0.0,1.0,0.0,64,1
40494,0.006541013717651367,1,1,82,130,82.0,0.0,130.0,0.0,0.0,0.0,305.76300346273007,0.0,0.0,1.0,0.0,64,1
