sport,dur,pkts_fwd,pkts_bwd,bytes_fwd,bytes_bwd,pktlen_fwd_mean,pktlen_fwd_std,pktlen_bwd_mean,pktlen_bwd_std,iat_fwd_mean,iat_fwd_std,pps,payload_entropy_fwd,iat_cv_fwd,small_pkt_ratio_fwd,small_pkt_ratio_bwd,ttl_fwd_first,label
38936,0.0056650638580322266,1,1,88,189,88.0,0.0,189.0,0.0,0.0,0.0,353.04103362653086,0.0,0.0,1.0,0.0,64,1
47055,0.04335498809814453,2,2,168,287,84.0,0.0,143.5,6.363961030678928,0.00011801719665527344,0.0,92.26158685466663,0.0,0.0,1.0,0.0,64,1
40006,0.021290063858032227,2,2,168,287,84.0,0.0,143.5,6.363961030678928,0.00010991096496582031,0.0,187.88107103262146,0.0,0.0,1.0,0.0,64,1
38989,0.013138055801391602,2,2,168,344,84.0,0.0,172.0,33.94112549695428,0.0001308917999267578,0.0,304.4590509028219,0.0,0.0,1.0,0.0,64,1
52119,0.007297992706298828,2,2,168,287,84.0,0.0,143.5,6.363961030678928,0.00011992454528808594,0.0,548.0959163672003,0.0,0.0,1.0,0.0,64,1
60781,0.0032918453216552734,2,2,168,287,84.0,0.0,143.5,6.363961030678928,0.0001049041748046875,0.0,1215.1239226479322,0.0,0.0,1.0,0.0,64,1
38369,0.004438877105712891,1,1,82,130,82.0,0.0,130.0,0.0,0.0,0.0,450.56440004296917,0.0,0.0,1.0,0.0,64,1
