sport,dur,pkts_fwd,pkts_bwd,bytes_fwd,bytes_bwd,pktlen_fwd_mean,pktlen_fwd_std,pktlen_bwd_mean,pktlen_bwd_std,iat_fwd_mean,iat_fwd_std,pps,payload_entropy_fwd,iat_cv_fwd,small_pkt_ratio_fwd,small_pkt_ratio_bwd,ttl_fwd_first,label
46140,0.006114959716796875,1,1,88,189,88.0,0.0,189.0,0.0,0.0,0.0,327.0667498440424,0.0,0.0,1.0,0.0,64,1
38156,0.13846993446350098,2,2,168,287,84.0,0.0,143.5,6.363961030678928,0.00011396408081054688,0.0,28.88713723667106,0.0,0.0,1.0,0.0,64,1
37116,0.006159067153930664,2,2,168,287,84.0,0.0,143.5,6.363961030678928,0.00011801719665527344,0.0,649.448999341927,0.0,0.0,1.0,0.0,64,1
58786,0.021914005279541016,2,2,168,344,84.0,0.0,172.0,33.94112549695428,0.00010585784912109375,0.0,182.53167090976348,0.0,0.0,1.0,0.0,64,1
46473,0.07401585578918457,2,2,168,287,84.0,0.0,143.5,6.363961030678928,7.605552673339844e-05,0.0,54.0424745123935,0.0,0.0,1.0,0.0,64,1
51148,0.005488157272338867,1,1,89,195,89.0,0.0,195.0,0.0,0.0,0.0,364.4210434858161,0.0,0.0,1.0,0.0,64,1
52011,0.002911090850830078,1,1,121,197,121.0,0.0,197.0,0.0,0.0,0.0,687.0276822276822,0.0,0.0,0.0,0.0,64,1
59204,0.005450010299682617,1,1,81,179,81.0,0.0,179.0,0.0,0.0,0.0,366.97178354258716,0.0,0.0,1.0,0.0,64,1
47706,0.004383087158203125,1,1,82,130,82.0,0.0,130.0,0.0,0.0,0.0,456.2993907745866,0.0,0.0,1.0,0.0,64,1
