sport,dur,pkts_fwd,pkts_bwd,bytes_fwd,bytes_bwd,pktlen_fwd_mean,pktlen_fwd_std,pktlen_bwd_mean,pktlen_bwd_std,iat_fwd_mean,iat_fwd_std,pps,payload_entropy_fwd,iat_cv_fwd,small_pkt_ratio_fwd,small_pkt_ratio_bwd,ttl_fwd_first,label
34592,0.03238797187805176,1,1,88,189,88.0,0.0,189.0,0.0,0.0,0.0,61.751319518568955,0.0,0.0,1.0,0.0,64,1
52262,0.020695924758911133,2,2,168,287,84.0,0.0,143.5,6.363961030678928,0.00010395050048828125,0.0,193.2747652784978,0.0,0.0,1.0,0.0,64,1
39978,0.02155590057373047,2,2,168,287,84.0,0.0,143.5,6.363961030678928,0.00010204315185546875,0.0,185.56404017165863,0.0,0.0,1.0,0.0,64,1
57433,0.01105499267578125,2,2,168,344,84.0,0.0,172.0,33.94112549695428,0.00010204315185546875,0.0,361.8274672187716,0.0,0.0,1.0,0.0,64,1
35303,0.02076578140258789,2,2,168,287,84.0,0.0,143.5,6.363961030678928,9.989738464355469e-05,0.0,192.6245838021539,0.0,0.0,1.0,0.0,64,1
38936,0.0059299468994140625,1,1,82,130,82.0,0.0,130.0,0.0,0.0,0.0,337.27114827918945,0.0,0.0,1.0,0.0,64,1
