sport,dur,pkts_fwd,pkts_bwd,bytes_fwd,bytes_bwd,pktlen_fwd_mean,pktlen_fwd_std,pktlen_bwd_mean,pktlen_bwd_std,iat_fwd_mean,iat_fwd_std,pps,payload_entropy_fwd,iat_cv_fwd,small_pkt_ratio_fwd,small_pkt_ratio_bwd,ttl_fwd_first,label
50228,0.0040857791900634766,1,1,88,189,88.0,0.0,189.0,0.0,0.0,0.0,489.5027134270876,0.0,0.0,1.0,0.0,64,1
36918,0.00732111930847168,2,2,168,287,84.0,0.0,143.5,6.363961030678928,0.00011801719665527344,0.0,546.364542286775,0.0,0.0,1.0,0.0,64,1
46164,0.05105400085449219,2,2,168,287,84.0,0.0,143.5,6.363961030678928,8.988380432128906e-05,0.0,78.34841409197892,0.0,0.0,1.0,0.0,64,1
43312,0.01698613166809082,2,2,168,344,84.0,0.0,172.0,33.94112549695428,0.00010514259338378906,0.0,235.48622359463823,0.0,0.0,1.0,0.0,64,1
55389,0.017854928970336914,2,2,168,287,84.0,0.0,143.5,6.363961030678928,0.0001010894775390625,0.0,224.0277744395038,0.0,0.0,1.0,0.0,64,1
40672,0.004500865936279297,1,1,89,195,89.0,0.0,195.0,0.0,0.0,0.0,444.3589363280008,0.0,0.0,1.0,0.0,64,1
56945,0.0020418167114257812,1,1,121,197,121.0,0.0,197.0,0.0,0.0,0.0,979.5198505371321,0.0,0.0,0.0,0.0,64,1
48716,0.005227088928222656,1,1,81,179,81.0,0.0,179.0,0.0,0.0,0.0,382.6221492428389,0.0,0.0,1.0,0.0,64,1
45395,0.004540205001831055,1,1,82,130,82.0,0.0,130.0,0.0,0.0,0.0,440.50874337026727,0.0,0.0,1.0,0.0,64,1
