sport,dur,pkts_fwd,pkts_bwd,bytes_fwd,bytes_bwd,pktlen_fwd_mean,pktlen_fwd_std,pktlen_bwd_mean,pktlen_bwd_std,iat_fwd_mean,iat_fwd_std,pps,payload_entropy_fwd,iat_cv_fwd,small_pkt_ratio_fwd,small_pkt_ratio_bwd,ttl_fwd_first,label
33806,0.0055141448974609375,1,1,88,189,88.0,0.0,189.0,0.0,0.0,0.0,362.70356278104464,0.0,0.0,1.0,0.0,64,1
54465,0.014662027359008789,2,2,168,287,84.0,0.0,143.5,6.363961030678928,0.00010800361633300781,0.0,272.81356814153537,0.0,0.0,1.0,0.0,64,1
36358,0.04198002815246582,2,2,168,287,84.0,0.0,143.5,6.363961030678928,0.00012087821960449219,0.0,95.28340441965732,0.0,0.0,1.0,0.0,64,1
47111,0.07477021217346191,2,2,168,344,84.0,0.0,172.0,33.94112549695428,0.00010514259338378906,0.0,53.49724019399954,0.0,0.0,1.0,0.0,64,1
46635,0.04414010047912598,2,2,168,287,84.0,0.0,143.5,6.363961030678928,0.00011301040649414062,0.0,90.62054586603435,0.0,0.0,1.0,0.0,64,1
48445,0.0067288875579833984,1,1,82,130,82.0,0.0,130.0,0.0,0.0,0.0,297.22595046593204,0.0,0.0,1.0,0.0,64,1
