sport,dur,pkts_fwd,pkts_bwd,bytes_fwd,bytes_bwd,pktlen_fwd_mean,pktlen_fwd_std,pktlen_bwd_mean,pktlen_bwd_std,iat_fwd_mean,iat_fwd_std,pps,payload_entropy_fwd,iat_cv_fwd,small_pkt_ratio_fwd,small_pkt_ratio_bwd,ttl_fwd_first,label
48296,0.006799221038818359,1,1,88,189,88.0,0.0,189.0,0.0,0.0,0.0,294.1513430114314,0.0,0.0,1.0,0.0,64,1
42335,0.03774118423461914,2,2,168,287,84.0,0.0,143.5,6.363961030678928,0.00011014938354492188,0.0,105.98501560348204,0.0,0.0,1.0,0.0,64,1
52266,0.013125181198120117,2,2,168,287,84.0,0.0,143.5,6.363961030678928,0.0005571842193603516,0.0,304.7576974078582,0.0,0.0,1.0,0.0,64,1
36856,0.13295888900756836,2,2,168,344,84.0,0.0,172.0,33.94112549695428,0.00010609626770019531,0.0,30.084487241558627,0.0,0.0,1.0,0.0,64,1
37563,0.04318094253540039,2,2,168,287,84.0,0.0,143.5,6.363961030678928,0.002524852752685547,0.0,92.63345738043442,0.0,0.0,1.0,0.0,64,1
40829,0.005261898040771484,1,1,89,195,89.0,0.0,195.0,0.0,0.0,0.0,380.0909832351609,0.0,0.0,1.0,0.0,64,1
52585,0.0024361610412597656,1,1,121,197,121.0,0.0,197.0,0.0,0.0,0.0,820.9637893912703,0.0,0.0,0.0,0.0,64,1
50131,0.00442194938659668,1,1,81,179,81.0,0.0,179.0,0.0,0.0,0.0,452.2892111931849,0.0,0.0,1.0,0.0,64,1
53442,0.0060558319091796875,1,1,82,130,82.0,0.0,130.0,0.0,0.0,0.0,330.26015748031494,0.0,0.0,1.0,0.0,64,1
