sport,dur,pkts_fwd,pkts_bwd,bytes_fwd,bytes_bwd,pktlen_fwd_mean,pktlen_fwd_std,pktlen_bwd_mean,pktlen_bwd_std,iat_fwd_mean,iat_fwd_std,pps,payload_entropy_fwd,iat_cv_fwd,small_pkt_ratio_fwd,small_pkt_ratio_bwd,ttl_fwd_first,label
40143,0.0044820308685302734,1,1,88,189,88.0,0.0,189.0,0.0,0.0,0.0,446.22628863237406,0.0,0.0,1.0,0.0,64,1
42691,0.01622319221496582,2,2,168,287,84.0,0.0,143.5,6.363961030678928,0.00011014938354492188,0.0,246.56059960320377,0.0,0.0,1.0,0.0,64,1
47329,0.02162909507751465,2,2,168,287,84.0,0.0,143.5,6.363961030678928,0.00012612342834472656,0.0,184.93607733771316,0.0,0.0,1.0,0.0,64,1
54889,0.01547384262084961,2,2,168,344,84.0,0.0,172.0,33.94112549695428,0.00010776519775390625,0.0,258.50075498443806,0.0,0.0,1.0,0.0,64,1
53273,0.01287698745727539,2,2,168,287,84.0,0.0,143.5,6.363961030678928,6.985664367675781e-05,0.0,310.6316608035549,0.0,0.0,1.0,0.0,64,1
44526,0.004167079925537109,1,1,89,195,89.0,0.0,195.0,0.0,0.0,0.0,479.9523972994622,0.0,0.0,1.0,0.0,64,1
38914,0.0032138824462890625,1,1,121,197,121.0,0.0,197.0,0.0,0.0,0.0,622.300296735905,0.0,0.0,0.0,0.0,64,1
53688,0.00445103645324707,1,1,81,179,81.0,0.0,179.0,0.0,0.0,0.0,449.33354759226523,0.0,0.0,1.0,0.0,64,1
58766,0.0073659420013427734,1,1,82,130,82.0,0.0,130.0,0.0,0.0,0.0,271.5199223175271,0.0,0.0,1.0,0.0,64,1
