sport,dur,pkts_fwd,pkts_bwd,bytes_fwd,bytes_bwd,pktlen_fwd_mean,pktlen_fwd_std,pktlen_bwd_mean,pktlen_bwd_std,iat_fwd_mean,iat_fwd_std,pps,payload_entropy_fwd,iat_cv_fwd,small_pkt_ratio_fwd,small_pkt_ratio_bwd,ttl_fwd_first,label
45559,0.005983829498291016,1,1,88,189,88.0,0.0,189.0,0.0,0.0,0.0,334.234122240816,0.0,0.0,1.0,0.0,64,1
45932,0.016420841217041016,2,2,168,287,84.0,0.0,143.5,6.363961030678928,0.0001239776611328125,0.0,243.59287975143016,0.0,0.0,1.0,0.0,64,1
44901,0.28600001335144043,2,2,168,287,84.0,0.0,143.5,6.363961030678928,0.0001049041748046875,0.0,13.986013333099917,0.0,0.0,1.0,0.0,64,1
49341,0.006272792816162109,1,1,89,195,89.0,0.0,195.0,0.0,0.0,0.0,318.8372481946028,0.0,0.0,1.0,0.0,64,1
56267,0.0032770633697509766,1,1,121,197,121.0,0.0,197.0,0.0,0.0,0.0,610.3025100036377,0.0,0.0,0.0,0.0,64,1
56681,0.020202159881591797,2,2,168,344,84.0,0.0,172.0,33.94112549695428,7.700920104980469e-05,0.0,197.9986310099842,0.0,0.0,1.0,0.0,64,1
33943,0.005425930023193359,1,1,81,179,81.0,0.0,179.0,0.0,0.0,0.0,368.6004042534493,0.0,0.0,1.0,0.0,64,1
36211,0.022096872329711914,2,2,168,287,84.0,0.0,143.5,6.363961030678928,1.5020370483398438e-05,0.0,181.02109385958286,0.0,0.0,1.0,0.0,64,1
54996,0.02835988998413086,1,1,82,130,82.0,0.0,130.0,0.0,0.0,0.0,70.52213535098781,0.0,0.0,1.0,0.0,64,1
