sport,dur,pkts_fwd,pkts_bwd,bytes_fwd,bytes_bwd,pktlen_fwd_mean,pktlen_fwd_std,pktlen_bwd_mean,pktlen_bwd_std,iat_fwd_mean,iat_fwd_std,pps,payload_entropy_fwd,iat_cv_fwd,small_pkt_ratio_fwd,small_pkt_ratio_bwd,ttl_fwd_first,label
43996,0.005869865417480469,1,1,88,189,88.0,0.0,189.0,0.0,0.0,0.0,340.723314378554,0.0,0.0,1.0,0.0,64,1
58401,0.26066088676452637,2,2,168,287,84.0,0.0,143.5,6.363961030678928,0.00010704994201660156,0.0,15.345608808633749,0.0,0.0,1.0,0.0,64,1
48779,0.015290975570678711,2,2,168,287,84.0,0.0,143.5,6.363961030678928,0.0001220703125,0.0,261.59220394480394,0.0,0.0,1.0,0.0,64,1
45202,0.017654895782470703,2,2,168,344,84.0,0.0,172.0,33.94112549695428,0.00011396408081054688,0.0,226.56604996623904,0.0,0.0,1.0,0.0,64,1
51156,0.14169812202453613,2,2,168,287,84.0,0.0,143.5,6.363961030678928,0.00010418891906738281,0.0,28.229026206200313,0.0,0.0,1.0,0.0,64,1
52096,0.0046539306640625,1,1,89,195,89.0,0.0,195.0,0.0,0.0,0.0,429.74426229508197,0.0,0.0,1.0,0.0,64,1
40485,0.0027091503143310547,1,1,121,197,121.0,0.0,197.0,0.0,0.0,0.0,738.238845375341,0.0,0.0,0.0,0.0,64,1
46927,0.0038750171661376953,1,1,81,179,81.0,0.0,179.0,0.0,0.0,0.0,516.1267458315388,0.0,0.0,1.0,0.0,64,1
57910,0.004736900329589844,1,1,82,130,82.0,0.0,130.0,0.0,0.0,0.0,422.217032413932,0.0,0.0,1.0,0.0,64,1
