sport,dur,pkts_fwd,pkts_bwd,bytes_fwd,bytes_bwd,pktlen_fwd_mean,pktlen_fwd_std,pktlen_bwd_mean,pktlen_bwd_std,iat_fwd_mean,iat_fwd_std,pps,payload_entropy_fwd,iat_cv_fwd,small_pkt_ratio_fwd,small_pkt_ratio_bwd,ttl_fwd_first,label
42814,0.005424022674560547,1,1,88,189,88.0,0.0,189.0,0.0,0.0,0.0,368.73002197802197,0.0,0.0,1.0,0.0,64,1
55581,0.02251291275024414,2,2,168,287,84.0,0.0,143.5,6.363961030678928,0.00011301040649414062,0.0,177.67580962870395,0.0,0.0,1.0,0.0,64,1
39330,0.012748003005981445,2,2,168,287,84.0,0.0,143.5,6.363961030678928,0.00010800361633300781,0.0,313.7746357702594,0.0,0.0,1.0,0.0,64,1
45819,0.07372093200683594,2,2,168,344,84.0,0.0,172.0,33.94112549695428,0.00010704994201660156,0.0,54.25867377299423,0.0,0.0,1.0,0.0,64,1
35478,0.017094850540161133,2,2,168,287,84.0,0.0,143.5,6.363961030678928,0.00010800361633300781,0.0,233.98859151197334,0.0,0.0,1.0,0.0,64,1
35300,0.0059719085693359375,1,1,89,195,89.0,0.0,195.0,0.0,0.0,0.0,334.9013094857873,0.0,0.0,1.0,0.0,64,1
37214,0.002504110336303711,1,1,121,196,121.0,0.0,196.0,0.0,0.0,0.0,798.6868513757973,0.0,0.0,0.0,0.0,64,1
59995,0.0055010318756103516,1,1,81,179,81.0,0.0,179.0,0.0,0.0,0.0,363.56815325271964,0.0,0.0,1.0,0.0,64,1
56729,0.006670236587524414,1,1,82,130,82.0,0.0,130.0,0.0,0.0,0.0,299.8394395396218,0.0,0.0,1.0,0.0,64,1
