sport,dur,pkts_fwd,pkts_bwd,bytes_fwd,bytes_bwd,pktlen_fwd_mean,pktlen_fwd_std,pktlen_bwd_mean,pktlen_bwd_std,iat_fwd_mean,iat_fwd_std,pps,payload_entropy_fwd,iat_cv_fwd,small_pkt_ratio_fwd,small_pkt_ratio_bwd,ttl_fwd_first,label
48095,0.005580902099609375,1,1,88,189,88.0,0.0,189.0,0.0,0.0,0.0,358.365003417635,0.0,0.0,1.0,0.0,64,1
39085,0.13923883438110352,2,2,168,287,84.0,0.0,143.5,6.363961030678928,0.00011706352233886719,0.0,28.72761767777949,0.0,0.0,1.0,0.0,64,1
56048,0.07311487197875977,2,2,168,287,84.0,0.0,143.5,6.363961030678928,0.00011801719665527344,0.0,54.70843197485212,0.0,0.0,1.0,0.0,64,1
54311,0.022370100021362305,2,2,168,344,84.0,0.0,172.0,33.94112549695428,0.00011205673217773438,0.0,178.81010796465836,0.0,0.0,1.0,0.0,64,1
47405,0.026987075805664062,2,2,168,287,84.0,0.0,143.5,6.363961030678928,0.00010704994201660156,0.0,148.2190967559545,0.0,0.0,1.0,0.0,64,1
44774,0.004663944244384766,1,1,89,195,89.0,0.0,195.0,0.0,0.0,0.0,428.8215928841632,0.0,0.0,1.0,0.0,64,1
56094,0.0033180713653564453,1,1,121,196,121.0,0.0,196.0,0.0,0.0,0.0,602.7597901846663,0.0,0.0,0.0,0.0,64,1
56805,0.0064771175384521484,1,1,81,179,81.0,0.0,179.0,0.0,0.0,0.0,308.77932786100786,0.0,0.0,1.0,0.0,64,1
44112,0.007093906402587891,1,1,82,130,82.0,0.0,130.0,0.0,0.0,0.0,281.9321099684076,0.0,0.0,1.0,0.0,64,1
