sport,dur,pkts_fwd,pkts_bwd,bytes_fwd,bytes_bwd,pktlen_fwd_mean,pktlen_fwd_std,pktlen_bwd_mean,pktlen_bwd_std,iat_fwd_mean,iat_fwd_std,pps,payload_entropy_fwd,iat_cv_fwd,small_pkt_ratio_fwd,small_pkt_ratio_bwd,ttl_fwd_first,label
59826,0.004212856292724609,1,1,88,189,88.0,0.0,189.0,0.0,0.0,0.0,474.7372948500283,0.0,0.0,1.0,0.0,64,1
46988,0.04458498954772949,2,2,168,287,84.0,0.0,143.5,6.363961030678928,0.00011205673217773438,0.0,89.71629332149752,0.0,0.0,1.0,0.0,64,1
52977,0.026736021041870117,2,2,168,287,84.0,0.0,143.5,6.363961030678928,0.00010609626770019531,0.0,149.61089362309278,0.0,0.0,1.0,0.0,64,1
58695,0.0275418758392334,2,2,168,344,84.0,0.0,172.0,33.94112549695428,0.000164031982421875,0.0,145.2333901782391,0.0,0.0,1.0,0.0,64,1
34640,0.02146601676940918,2,2,168,287,84.0,0.0,143.5,6.363961030678928,0.00010585784912109375,0.0,186.34104514910868,0.0,0.0,1.0,0.0,64,1
34554,0.005772829055786133,1,1,89,195,89.0,0.0,195.0,0.0,0.0,0.0,346.4505843968116,0.0,0.0,1.0,0.0,64,1
41586,0.003409862518310547,1,1,121,197,121.0,0.0,197.0,0.0,0.0,0.0,586.5339113410712,0.0,0.0,0.0,0.0,64,1
54141,0.004587888717651367,1,1,81,179,81.0,0.0,179.0,0.0,0.0,0.0,435.93036428831266,0.0,0.0,1.0,0.0,64,1
48229,0.0056760311126708984,1,1,82,130,82.0,0.0,130.0,0.0,0.0,0.0,352.35888604192047,0.0,0.0,1.0,0.0,64,1
