sport,dur,pkts_fwd,pkts_bwd,bytes_fwd,bytes_bwd,pktlen_fwd_mean,pktlen_fwd_std,pktlen_bwd_mean,pktlen_bwd_std,iat_fwd_mean,iat_fwd_std,pps,payload_entropy_fwd,iat_cv_fwd,small_pkt_ratio_fwd,small_pkt_ratio_bwd,ttl_fwd_first,label
41221,0.004470109939575195,1,1,88,189,88.0,0.0,189.0,0.0,0.0,0.0,447.4162888687397,0.0,0.0,1.0,0.0,64,1
40456,0.021500825881958008,2,2,168,287,84.0,0.0,143.5,6.363961030678928,5.4836273193359375e-05,0.0,186.0393652764995,0.0,0.0,1.0,0.0,64,1
45008,0.07525992393493652,2,2,168,287,84.0,0.0,143.5,6.363961030678928,7.295608520507812e-05,0.0,53.149136895993514,0.0,0.0,1.0,0.0,64,1
38493,0.012714862823486328,2,2,168,344,84.0,0.0,172.0,33.94112549695428,0.00012183189392089844,0.0,314.5924620288768,0.0,0.0,1.0,0.0,64,1
53023,0.017475128173828125,2,2,168,287,84.0,0.0,143.5,6.363961030678928,0.00010704994201660156,0.0,228.89674743505785,0.0,0.0,1.0,0.0,64,1
57975,0.005944013595581055,1,1,82,130,82.0,0.0,130.0,0.0,0.0,0.0,336.4729854398139,0.0,0.0,1.0,0.0,64,1
