sport,dur,pkts_fwd,pkts_bwd,bytes_fwd,bytes_bwd,pktlen_fwd_mean,pktlen_fwd_std,pktlen_bwd_mean,pktlen_bwd_std,iat_fwd_mean,iat_fwd_std,pps,payload_entropy_fwd,iat_cv_fwd,small_pkt_ratio_fwd,small_pkt_ratio_bwd,ttl_fwd_first,label
46987,0.005217075347900391,1,1,88,189,88.0,0.0,189.0,0.0,0.0,0.0,383.35654876153916,0.0,0.0,1.0,0.0,64,1
35032,0.010804176330566406,2,2,168,287,84.0,0.0,143.5,6.363961030678928,0.00010704994201660156,0.0,370.22720451937505,0.0,0.0,1.0,0.0,64,1
57128,0.192047119140625,2,2,168,287,84.0,0.0,143.5,6.363961030678928,7.295608520507812e-05,0.0,20.82822183378357,0.0,0.0,1.0,0.0,64,1
53091,0.018661975860595703,2,2,168,344,84.0,0.0,172.0,33.94112549695428,0.00011086463928222656,0.0,214.33957635996626,0.0,0.0,1.0,0.0,64,1
46836,0.013271093368530273,2,2,168,287,84.0,0.0,143.5,6.363961030678928,0.00014090538024902344,0.0,301.4069669259652,0.0,0.0,1.0,0.0,64,1
49581,0.00574493408203125,1,1,82,130,82.0,0.0,130.0,0.0,0.0,0.0,348.132802124834,0.0,0.0,1.0,0.0,64,1
