sport,dur,pkts_fwd,pkts_bwd,bytes_fwd,bytes_bwd,pktlen_fwd_mean,pktlen_fwd_std,pktlen_bwd_mean,pktlen_bwd_std,iat_fwd_mean,iat_fwd_std,pps,payload_entropy_fwd,iat_cv_fwd,small_pkt_ratio_fwd,small_pkt_ratio_bwd,ttl_fwd_first,label
35792,0.009887933731079102,1,1,88,189,88.0,0.0,189.0,0.0,0.0,0.0,202.26672775058472,0.0,0.0,1.0,0.0,64,1
38811,0.01466679573059082,2,2,168,287,84.0,0.0,143.5,6.363961030678928,8.678436279296875e-05,0.0,272.7248727993888,0.0,0.0,1.0,0.0,64,1
60342,0.04207491874694824,2,2,168,287,84.0,0.0,143.5,6.363961030678928,0.00010585784912109375,0.0,95.06851395381783,0.0,0.0,1.0,0.0,64,1
37692,0.1093149185180664,2,2,168,344,84.0,0.0,172.0,33.94112549695428,0.00010609626770019531,0.0,36.59152889858233,0.0,0.0,1.0,0.0,64,1
50334,0.02097296714782715,2,2,168,287,84.0,0.0,143.5,6.363961030678928,0.00011301040649414062,0.0,190.72170245660305,0.0,0.0,1.0,0.0,64,1
59952,0.005216121673583984,1,1,89,195,89.0,0.0,195.0,0.0,0.0,0.0,383.42663863241614,0.0,0.0,1.0,0.0,64,1
48231,0.002048015594482422,1,1,121,198,121.0,0.0,198.0,0.0,0.0,0.0,976.5550640279395,0.0,0.0,0.0,0.0,64,1
48495,0.0053730010986328125,1,1,81,179,81.0,0.0,179.0,0.0,0.0,0.0,372.2314518991835,0.0,0.0,1.0,0.0,64,1
48496,0.0075910091400146484,1,1,82,130,82.0,0.0,130.0,0.0,0.0,0.0,263.46958133107194,0.0,0.0,1.0,0.0,64,1
