sport,dur,pkts_fwd,pkts_bwd,bytes_fwd,bytes_bwd,pktlen_fwd_mean,pktlen_fwd_std,pktlen_bwd_mean,pktlen_bwd_std,iat_fwd_mean,iat_fwd_std,pps,payload_entropy_fwd,iat_cv_fwd,small_pkt_ratio_fwd,small_pkt_ratio_bwd,ttl_fwd_first,label
36062,0.004750967025756836,1,1,88,189,88.0,0.0,189.0,0.0,0.0,0.0,420.9669292919155,0.0,0.0,1.0,0.0,64,1
58009,0.01714801788330078,2,2,168,287,84.0,0.0,143.5,6.363961030678928,0.0001239776611328125,0.0,233.26311106167623,0.0,0.0,1.0,0.0,64,1
38939,0.2227950096130371,2,2,168,287,84.0,0.0,143.5,6.363961030678928,0.00011706352233886719,0.0,17.95372350102197,0.0,0.0,1.0,0.0,64,1
46712,0.009554147720336914,2,2,168,344,84.0,0.0,172.0,33.94112549695428,0.0001251697540283203,0.0,418.6663339405585,0.0,0.0,1.0,0.0,64,1
44048,0.1708540916442871,2,2,168,287,84.0,0.0,143.5,6.363961030678928,0.00027108192443847656,0.0,23.411789331495058,0.0,0.0,1.0,0.0,64,1
46528,0.01350712776184082,1,1,82,130,82.0,0.0,130.0,0.0,0.0,0.0,148.0699698162498,0.0,0.0,1.0,0.0,64,1
