sport,dur,pkts_fwd,pkts_bwd,bytes_fwd,bytes_bwd,pktlen_fwd_mean,pktlen_fwd_std,pktlen_bwd_mean,pktlen_bwd_std,iat_fwd_mean,iat_fwd_std,pps,payload_entropy_fwd,iat_cv_fwd,small_pkt_ratio_fwd,small_pkt_ratio_bwd,ttl_fwd_first,label
54931,0.004716157913208008,1,1,88,189,88.0,0.0,189.0,0.0,0.0,0.0,424.0740104140337,0.0,0.0,1.0,0.0,64,1
37993,0.010127067565917969,2,2,168,287,84.0,0.0,143.5,6.363961030678928,8.916854858398438e-05,0.0,394.9810716639985,0.0,0.0,1.0,0.0,64,1
33297,0.04195094108581543,2,2,168,287,84.0,0.0,143.5,6.363961030678928,0.00011205673217773438,0.0,95.34947003495212,0.0,0.0,1.0,0.0,64,1
51946,0.021759033203125,2,2,168,344,84.0,0.0,172.0,33.94112549695428,0.00010204315185546875,0.0,183.83169705469845,0.0,0.0,1.0,0.0,64,1
39816,0.0076220035552978516,2,2,168,287,84.0,0.0,143.5,6.363961030678928,0.00010514259338378906,0.0,524.7963965091182,0.0,0.0,1.0,0.0,64,1
57420,0.004821062088012695,1,1,89,195,89.0,0.0,195.0,0.0,0.0,0.0,414.8463478561891,0.0,0.0,1.0,0.0,64,1
56114,0.002947092056274414,1,1,121,196,121.0,0.0,196.0,0.0,0.0,0.0,678.6350618881968,0.0,0.0,0.0,0.0,64,1
33707,0.004470109939575195,1,1,81,179,81.0,0.0,179.0,0.0,0.0,0.0,447.4162888687397,0.0,0.0,1.0,0.0,64,1
36421,0.005663156509399414,1,1,82,130,82.0,0.0,130.0,0.0,0.0,0.0,353.159937692081,0.0,0.0,1.0,0.0,64,1
