sport,dur,pkts_fwd,pkts_bwd,bytes_fwd,bytes_bwd,pktlen_fwd_mean,pktlen_fwd_std,pktlen_bwd_mean,pktlen_bwd_std,iat_fwd_mean,iat_fwd_std,pps,payload_entropy_fwd,iat_cv_fwd,small_pkt_ratio_fwd,small_pkt_ratio_bwd,ttl_fwd_first,label
57547,0.004871845245361328,1,1,88,189,88.0,0.0,189.0,0.0,0.0,0.0,410.5220710580405,0.0,0.0,1.0,0.0,64,1
34709,0.020917892456054688,2,2,168,287,84.0,0.0,143.5,6.363961030678928,0.00011491775512695312,0.0,191.22385337831676,0.0,0.0,1.0,0.0,64,1
50066,0.017061948776245117,2,2,168,287,84.0,0.0,143.5,6.363961030678928,0.00012302398681640625,0.0,234.4398082808155,0.0,0.0,1.0,0.0,64,1
52620,0.020307064056396484,2,2,168,344,84.0,0.0,172.0,33.94112549695428,6.103515625e-05,0.0,196.97579073426164,0.0,0.0,1.0,0.0,64,1
45311,0.041964054107666016,2,2,168,287,84.0,0.0,143.5,6.363961030678928,0.00011706352233886719,0.0,95.31967501846486,0.0,0.0,1.0,0.0,64,1
57521,0.005852937698364258,1,1,89,195,89.0,0.0,195.0,0.0,0.0,0.0,341.7087457737586,0.0,0.0,1.0,0.0,64,1
40680,0.0032799243927001953,1,1,121,198,121.0,0.0,198.0,0.0,0.0,0.0,609.7701533764629,0.0,0.0,0.0,0.0,64,1
39350,0.005400896072387695,1,1,81,179,81.0,0.0,179.0,0.0,0.0,0.0,370.30892155564385,0.0,0.0,1.0,0.0,64,1
35285,0.005505084991455078,1,1,82,130,82.0,0.0,130.0,0.0,0.0,0.0,363.3004763967085,0.0,0.0,1.0,0.0,64,1
