sport,dur,pkts_fwd,pkts_bwd,bytes_fwd,bytes_bwd,pktlen_fwd_mean,pktlen_fwd_std,pktlen_bwd_mean,pktlen_bwd_std,iat_fwd_mean,iat_fwd_std,pps,payload_entropy_fwd,iat_cv_fwd,small_pkt_ratio_fwd,small_pkt_ratio_bwd,ttl_fwd_first,label
55344,0.004614114761352539,1,1,88,189,88.0,0.0,189.0,0.0,0.0,0.0,433.45259132950963,0.0,0.0,1.0,0.0,64,1
33655,0.015616893768310547,2,2,168,287,84.0,0.0,143.5,6.363961030678928,5.0067901611328125e-05,0.0,256.13288143873467,0.0,0.0,1.0,0.0,64,1
57618,0.020317792892456055,2,2,168,287,84.0,0.0,143.5,6.363961030678928,0.00010395050048828125,0.0,196.87177742052828,0.0,0.0,1.0,0.0,64,1
35919,0.017201900482177734,2,2,168,344,84.0,0.0,172.0,33.94112549695428,0.0001049041748046875,0.0,232.53244629244628,0.0,0.0,1.0,0.0,64,1
56030,0.006245851516723633,2,2,168,287,84.0,0.0,143.5,6.363961030678928,8.797645568847656e-05,0.0,640.4250868420048,0.0,0.0,1.0,0.0,64,1
39725,0.00562286376953125,1,1,89,195,89.0,0.0,195.0,0.0,0.0,0.0,355.69063772048844,0.0,0.0,1.0,0.0,64,1
35749,0.003144979476928711,1,1,121,198,121.0,0.0,198.0,0.0,0.0,0.0,635.9341975589417,0.0,0.0,0.0,0.0,64,1
55672,0.017956972122192383,1,1,81,179,81.0,0.0,179.0,0.0,0.0,0.0,111.3773517267018,0.0,0.0,1.0,0.0,64,1
58560,0.005594968795776367,1,1,82,130,82.0,0.0,130.0,0.0,0.0,0.0,357.4640132952657,0.0,0.0,1.0,0.0,64,1
