sport,dur,pkts_fwd,pkts_bwd,bytes_fwd,bytes_bwd,pktlen_fwd_mean,pktlen_fwd_std,pktlen_bwd_mean,pktlen_bwd_std,iat_fwd_mean,iat_fwd_std,pps,payload_entropy_fwd,iat_cv_fwd,small_pkt_ratio_fwd,small_pkt_ratio_bwd,ttl_fwd_first,label
40294,0.005720853805541992,1,1,88,189,88.0,0.0,189.0,0.0,0.0,0.0,349.5981662846426,0.0,0.0,1.0,0.0,64,1
45419,0.02117013931274414,2,2,168,287,84.0,0.0,143.5,6.363961030678928,0.00012302398681640625,0.0,188.94537919228776,0.0,0.0,1.0,0.0,64,1
55387,0.09398508071899414,2,2,168,287,84.0,0.0,143.5,6.363961030678928,0.0001239776611328125,0.0,42.55994642340729,0.0,0.0,1.0,0.0,64,1
42720,0.04075479507446289,2,2,168,344,84.0,0.0,172.0,33.94112549695428,0.00011682510375976562,0.0,98.14796007909301,0.0,0.0,1.0,0.0,64,1
44993,0.01980900764465332,2,2,168,287,84.0,0.0,143.5,6.363961030678928,6.699562072753906e-05,0.0,201.92833844857677,0.0,0.0,1.0,0.0,64,1
56427,0.006132841110229492,1,1,89,195,89.0,0.0,195.0,0.0,0.0,0.0,326.11312832873307,0.0,0.0,1.0,0.0,64,1
47936,0.010255813598632812,1,1,121,196,121.0,0.0,196.0,0.0,0.0,0.0,195.01134461595686,0.0,0.0,0.0,0.0,64,1
47154,0.006816864013671875,1,1,81,179,81.0,0.0,179.0,0.0,0.0,0.0,293.39003917179633,0.0,0.0,1.0,0.0,64,1
58078,0.006620883941650391,1,1,82,130,82.0,0.0,130.0,0.0,0.0,0.0,302.07446885127837,0.0,0.0,1.0,0.0,64,1
