sport,dur,pkts_fwd,pkts_bwd,bytes_fwd,bytes_bwd,pktlen_fwd_mean,pktlen_fwd_std,pktlen_bwd_mean,pktlen_bwd_std,iat_fwd_mean,iat_fwd_std,pps,payload_entropy_fwd,iat_cv_fwd,small_pkt_ratio_fwd,small_pkt_ratio_bwd,ttl_fwd_first,label
57348,0.005939006805419922,1,1,88,189,88.0,0.0,189.0,0.0,0.0,0.0,336.75664391810517,0.0,0.0,1.0,0.0,64,1
32781,0.020207881927490234,2,2,168,287,84.0,0.0,143.5,6.363961030678928,0.00011801719665527344,0.0,197.94256589348498,0.0,0.0,1.0,0.0,64,1
41757,0.01013803482055664,2,2,168,287,84.0,0.0,143.5,6.363961030678928,0.00011515617370605469,0.0,394.55378392361604,0.0,0.0,1.0,0.0,64,1
60032,0.1201479434967041,2,2,168,344,84.0,0.0,172.0,33.94112549695428,0.00011205673217773438,0.0,33.29228852019201,0.0,0.0,1.0,0.0,64,1
53400,0.26074695587158203,2,2,168,287,84.0,0.0,143.5,6.363961030678928,0.00014400482177734375,0.0,15.34054342697677,0.0,0.0,1.0,0.0,64,1
56423,0.005054950714111328,1,1,89,195,89.0,0.0,195.0,0.0,0.0,0.0,395.6517309687765,0.0,0.0,1.0,0.0,64,1
41759,0.002705812454223633,1,1,121,196,121.0,0.0,196.0,0.0,0.0,0.0,739.1495285928276,0.0,0.0,0.0,0.0,64,1
35612,0.029165983200073242,1,1,81,179,81.0,0.0,179.0,0.0,0.0,0.0,68.57303545299229,0.0,0.0,1.0,0.0,64,1
41861,0.013309001922607422,1,1,82,130,82.0,0.0,130.0,0.0,0.0,0.0,150.27422879868152,0.0,0.0,1.0,0.0,64,1
