sport,dur,pkts_fwd,pkts_bwd,bytes_fwd,bytes_bwd,pktlen_fwd_mean,pktlen_fwd_std,pktlen_bwd_mean,pktlen_bwd_std,iat_fwd_mean,iat_fwd_std,pps,payload_entropy_fwd,iat_cv_fwd,small_pkt_ratio_fwd,small_pkt_ratio_bwd,ttl_fwd_first,label
58401,0.006319999694824219,1,1,88,189,88.0,0.0,189.0,0.0,0.0,0.0,316.4557114833258,0.0,0.0,1.0,0.0,64,1
42578,0.2925379276275635,2,2,168,287,84.0,0.0,143.5,6.363961030678928,0.00010704994201660156,0.0,13.673440679775679,0.0,0.0,1.0,0.0,64,1
53959,0.017288923263549805,2,2,168,287,84.0,0.0,143.5,6.363961030678928,6.890296936035156e-05,0.0,231.36200786044267,0.0,0.0,1.0,0.0,64,1
51729,0.016974210739135742,2,2,168,344,84.0,0.0,172.0,33.94112549695428,0.00010418891906738281,0.0,235.6516047475244,0.0,0.0,1.0,0.0,64,1
33238,0.1323990821838379,2,2,168,287,84.0,0.0,143.5,6.363961030678928,0.00010704994201660156,0.0,30.21168979438956,0.0,0.0,1.0,0.0,64,1
42958,0.006057024002075195,1,1,82,130,82.0,0.0,130.0,0.0,0.0,0.0,330.1951584333793,0.0,0.0,1.0,0.0,64,1
