sport,dur,pkts_fwd,pkts_bwd,bytes_fwd,bytes_bwd,pktlen_fwd_mean,pktlen_fwd_std,pktlen_bwd_mean,pktlen_bwd_std,iat_fwd_mean,iat_fwd_std,pps,payload_entropy_fwd,iat_cv_fwd,small_pkt_ratio_fwd,small_pkt_ratio_bwd,ttl_fwd_first,label
47579,0.028430938720703125,1,1,88,189,88.0,0.0,189.0,0.0,0.0,0.0,70.34590097947135,0.0,0.0,1.0,0.0,64,1
58381,0.040284156799316406,2,2,168,287,84.0,0.0,143.5,6.363961030678928,0.000141143798828125,0.0,99.29461897208873,0.0,0.0,1.0,0.0,64,1
40678,0.020226001739501953,2,2,168,287,84.0,0.0,143.5,6.363961030678928,0.00011110305786132812,0.0,197.76523563665512,0.0,0.0,1.0,0.0,64,1
43808,0.2860891819000244,2,2,168,344,84.0,0.0,172.0,33.94112549695428,0.00010418891906738281,0.0,13.981654159148961,0.0,0.0,1.0,0.0,64,1
38891,0.013486862182617188,2,2,168,287,84.0,0.0,143.5,6.363961030678928,0.00011301040649414062,0.0,296.5849243388488,0.0,0.0,1.0,0.0,64,1
41591,0.005881071090698242,1,1,89,195,89.0,0.0,195.0,0.0,0.0,0.0,340.07410710666073,0.0,0.0,1.0,0.0,64,1
44435,0.002836942672729492,1,1,121,198,121.0,0.0,198.0,0.0,0.0,0.0,704.9842843936465,0.0,0.0,0.0,0.0,64,1
52156,0.004786014556884766,1,1,81,179,81.0,0.0,179.0,0.0,0.0,0.0,417.8842283550862,0.0,0.0,1.0,0.0,64,1
34548,0.005741119384765625,1,1,82,130,82.0,0.0,130.0,0.0,0.0,0.0,348.3641196013289,0.0,0.0,1.0,0.0,64,1
