sport,dur,pkts_fwd,pkts_bwd,bytes_fwd,bytes_bwd,pktlen_fwd_mean,pktlen_fwd_std,pktlen_bwd_mean,pktlen_bwd_std,iat_fwd_mean,iat_fwd_std,pps,payload_entropy_fwd,iat_cv_fwd,small_pkt_ratio_fwd,small_pkt_ratio_bwd,ttl_fwd_first,label
36431,0.005975008010864258,1,1,88,189,88.0,0.0,189.0,0.0,0.0,0.0,334.7275846933482,0.0,0.0,1.0,0.0,64,1
54559,0.013889074325561523,2,2,168,287,84.0,0.0,143.5,6.363961030678928,5.91278076171875e-05,0.0,287.9961548364947,0.0,0.0,1.0,0.0,64,1
33835,0.0256040096282959,2,2,168,287,84.0,0.0,143.5,6.363961030678928,0.0001430511474609375,0.0,156.22553100352917,0.0,0.0,1.0,0.0,64,1
60359,0.02101612091064453,2,2,168,344,84.0,0.0,172.0,33.94112549695428,0.00010514259338378906,0.0,190.33008122702728,0.0,0.0,1.0,0.0,64,1
38948,0.012310028076171875,2,2,168,287,84.0,0.0,143.5,6.363961030678928,0.0001251697540283203,0.0,324.9383328168578,0.0,0.0,1.0,0.0,64,1
55836,0.00539398193359375,1,1,89,195,89.0,0.0,195.0,0.0,0.0,0.0,370.7835926449788,0.0,0.0,1.0,0.0,64,1
41981,0.003153085708618164,1,1,121,195,121.0,0.0,195.0,0.0,0.0,0.0,634.299281663516,0.0,0.0,0.0,0.0,64,1
58346,0.0044841766357421875,1,1,81,179,81.0,0.0,179.0,0.0,0.0,0.0,446.01276052743515,0.0,0.0,1.0,0.0,64,1
39006,0.014492988586425781,1,1,82,130,82.0,0.0,130.0,0.0,0.0,0.0,137.99776271632558,0.0,0.0,1.0,0.0,64,1
