sport,dur,pkts_fwd,pkts_bwd,bytes_fwd,bytes_bwd,pktlen_fwd_mean,pktlen_fwd_std,pktlen_bwd_mean,pktlen_bwd_std,iat_fwd_mean,iat_fwd_std,pps,payload_entropy_fwd,iat_cv_fwd,small_pkt_ratio_fwd,small_pkt_ratio_bwd,ttl_fwd_first,label
44830,0.004026889801025391,1,1,88,189,88.0,0.0,189.0,0.0,0.0,0.0,496.66121965660153,0.0,0.0,1.0,0.0,64,1
34978,0.02192997932434082,2,2,168,287,84.0,0.0,143.5,6.363961030678928,0.00011491775512695312,0.0,182.39871277763885,0.0,0.0,1.0,0.0,64,1
39145,0.04227709770202637,2,2,168,287,84.0,0.0,143.5,6.363961030678928,0.00013494491577148438,0.0,94.61387411672484,0.0,0.0,1.0,0.0,64,1
34609,0.022314071655273438,2,2,168,344,84.0,0.0,172.0,33.94112549695428,0.00013589859008789062,0.0,179.2590819728182,0.0,0.0,1.0,0.0,64,1
51698,0.052304983139038086,2,2,168,287,84.0,0.0,143.5,6.363961030678928,0.00010609626770019531,0.0,76.47454907627301,0.0,0.0,1.0,0.0,64,1
48383,0.005330085754394531,1,1,89,195,89.0,0.0,195.0,0.0,0.0,0.0,375.2284845231705,0.0,0.0,1.0,0.0,64,1
54004,0.001873016357421875,1,1,121,197,121.0,0.0,197.0,0.0,0.0,0.0,1067.7963340122199,0.0,0.0,0.0,0.0,64,1
37443,0.006006002426147461,1,1,81,179,81.0,0.0,179.0,0.0,0.0,0.0,333.0001984835854,0.0,0.0,1.0,0.0,64,1
41466,0.0062410831451416016,1,1,82,130,82.0,0.0,130.0,0.0,0.0,0.0,320.45719524773654,0.0,0.0,1.0,0.0,64,1
