sport,dur,pkts_fwd,pkts_bwd,bytes_fwd,bytes_bwd,pktlen_fwd_mean,pktlen_fwd_std,pktlen_bwd_mean,pktlen_bwd_std,iat_fwd_mean,iat_fwd_std,pps,payload_entropy_fwd,iat_cv_fwd,small_pkt_ratio_fwd,small_pkt_ratio_bwd,ttl_fwd_first,label
40973,0.00589299201965332,1,1,88,189,88.0,0.0,189.0,0.0,0.0,0.0,339.3861714609378,0.0,0.0,1.0,0.0,64,1
50042,0.03981614112854004,2,2,168,287,84.0,0.0,143.5,6.363961030678928,0.00010204315185546875,0.0,100.46176969000186,0.0,0.0,1.0,0.0,64,1
39115,0.1374669075012207,2,2,168,287,84.0,0.0,143.5,6.363961030678928,0.00010585784912109375,0.0,29.097912164529344,0.0,0.0,1.0,0.0,64,1
55746,0.02221202850341797,2,2,168,344,84.0,0.0,172.0,33.94112549695428,0.00011014938354492188,0.0,180.0826070155854,0.0,0.0,1.0,0.0,64,1
60117,0.014183998107910156,2,2,168,287,84.0,0.0,143.5,6.363961030678928,0.00010085105895996094,0.0,282.007933839844,0.0,0.0,1.0,0.0,64,1
56914,0.0051441192626953125,1,1,89,195,89.0,0.0,195.0,0.0,0.0,0.0,388.7934742306266,0.0,0.0,1.0,0.0,64,1
35112,0.0031960010528564453,1,1,121,197,121.0,0.0,197.0,0.0,0.0,0.0,625.7820216337187,0.0,0.0,0.0,0.0,64,1
44875,0.0053539276123046875,1,1,81,179,81.0,0.0,179.0,0.0,0.0,0.0,373.5575347345921,0.0,0.0,1.0,0.0,64,1
59074,0.0076580047607421875,1,1,82,130,82.0,0.0,130.0,0.0,0.0,0.0,261.1646326276463,0.0,0.0,1.0,0.0,64,1
