sport,dur,pkts_fwd,pkts_bwd,bytes_fwd,bytes_bwd,pktlen_fwd_mean,pktlen_fwd_std,pktlen_bwd_mean,pktlen_bwd_std,iat_fwd_mean,iat_fwd_std,pps,payload_entropy_fwd,iat_cv_fwd,small_pkt_ratio_fwd,small_pkt_ratio_bwd,ttl_fwd_first,label
10627,0.0032389163970947266,1,1,72,136,72.0,0.0,136.0,0.0,0.0,0.0,617.4904674273096,0.0,0.0,1.0,0.0,255,0
39634,0.002077817916870117,1,1,101,229,101.0,0.0,229.0,0.0,0.0,0.0,962.5482501434309,0.0,0.0,0.0,0.0,255,0
33347,0.002238035202026367,1,1,73,169,73.0,0.0,169.0,0.0,0.0,0.0,893.6409928624694,0.0,0.0,1.0,0.0,255,0
